 alpha_m, ax_racetraj_mps2, kappa_racetraj_radpm, psi_racetraj_rad, s_racetraj_m, vx_racetraj_mps, width_left_m, width_right_m, x_normvec_m, y_normvec_m, y_ref_m,delta_s,x_bound_l,x_bound_r,x_raceline,x_ref_m,y_bound_l,y_bound_r,y_raceline
0.198009,1.87901,4.1e-06,0.984034,0,53.8342,2.52825,11.9307,0.553894,0.832587,-48.5609,2.99864,-2.70946,5.29929,-1.1994,-1.30908,-50.6659,-38.6275,-48.396
0.197088,1.8547,4.3e-06,0.98405,2.99864,53.9731,2.53303,11.931,0.553943,0.832554,-46.8999,2.99865,-5.20882,2.80342,-3.69649,-3.80566,-49.0087,-36.9667,-46.7358
0.195954,1.84269,4.4e-06,0.984059,5.99729,54.0418,2.52844,11.9296,0.553991,0.832523,-45.2387,2.99865,-7.7029,0.306709,-6.19361,-6.30216,-47.3437,-35.3071,-45.0756
0.194611,1.81895,4.5e-06,0.984077,8.99594,54.1774,2.51669,11.9313,0.554037,0.832492,-43.5774,2.99866,-10.1929,-2.18817,-8.69075,-8.79857,-45.6725,-33.6447,-43.4154
0.193064,1.80721,4.6e-06,0.984086,11.9946,54.2445,2.50244,11.9326,0.554082,0.832462,-41.916,2.99866,-12.6814,-4.68326,-11.1879,-11.2949,-43.9991,-31.9825,-41.7552
0.191318,1.78401,4.8e-06,0.984105,14.9933,54.3771,2.50739,11.9216,0.554125,0.832434,-40.2544,2.99867,-15.1805,-7.18506,-13.6851,-13.7911,-42.3416,-30.3304,-40.0951
0.189378,1.77255,4.9e-06,0.984114,17.9919,54.4426,2.52266,11.8974,0.554166,0.832406,-38.5927,2.99867,-17.6853,-9.69415,-16.1823,-16.2873,-40.6926,-28.6892,-38.435
0.187247,1.74987,5.1e-06,0.984134,20.9906,54.5722,2.54394,11.871,0.554206,0.83238,-36.9309,2.99868,-20.1932,-12.2044,-18.6796,-18.7834,-39.0484,-27.0496,-36.775
0.184931,1.73866,5.1e-06,0.984144,23.9893,54.6362,2.55205,11.84,0.554244,0.832354,-35.2689,2.99868,-22.6938,-14.7171,-21.1769,-21.2794,-37.3931,-25.4138,-35.115
0.182435,1.7165,5.3e-06,0.984165,26.988,54.7629,2.53987,11.7964,0.554281,0.83233,-33.6068,2.99869,-25.1831,-17.2368,-23.6742,-23.7753,-35.7209,-23.7884,-33.455
0.179762,1.70554,5.4e-06,0.984176,29.9867,54.8255,2.53328,11.759,0.554315,0.832307,-31.9447,2.99869,-27.6754,-19.753,-26.1715,-26.2712,-34.0531,-22.1576,-31.7951
0.176918,1.68388,5.6e-06,0.984198,32.9853,54.9493,2.52569,11.7344,0.554349,0.832284,-30.2824,2.9987,-30.1671,-22.262,-28.6689,-28.767,-32.3845,-20.516,-30.1352
0.173908,1.67316,5.7e-06,0.984209,35.984,55.0105,2.54727,11.7057,0.55438,0.832264,-28.62,2.9987,-32.6749,-24.7733,-31.1663,-31.2627,-30.74,-18.8778,-28.4753
0.170735,1.65198,5.9e-06,0.984232,38.9827,55.1315,2.5647,11.6992,0.55441,0.832244,-26.9576,2.99871,-35.1803,-27.2722,-33.6638,-33.7584,-29.092,-17.221,-26.8155
0.167405,1.64151,5.9e-06,0.984244,41.9815,55.1914,2.5683,11.7057,0.554439,0.832225,-25.295,2.99871,-37.678,-29.764,-36.1612,-36.254,-27.4324,-15.5532,-25.1557
0.163921,1.62079,6.1e-06,0.984268,44.9802,55.3098,2.56567,11.7093,0.554465,0.832207,-23.6323,2.99872,-40.1722,-32.2572,-38.6587,-38.7496,-25.7675,-13.8878,-23.4959
0.16029,1.61055,6.2e-06,0.984281,47.9789,55.3683,2.56632,11.7048,0.554491,0.83219,-21.9696,2.99872,-42.6681,-34.7549,-41.1563,-41.2451,-24.1053,-12.229,-21.8362
0.156515,1.59028,6.4e-06,0.984306,50.9776,55.4841,2.5528,11.7013,0.554514,0.832174,-20.3068,2.99872,-45.1562,-37.2521,-43.6538,-43.7406,-22.4312,-10.5693,-20.1766
0.152601,1.58026,6.5e-06,0.984319,53.9763,55.5413,2.551,11.6961,0.554536,0.83216,-18.644,2.99873,-47.6507,-39.7502,-46.1514,-46.2361,-20.7668,-8.91096,-18.517
0.148553,1.56045,6.6e-06,0.984345,56.9751,55.6546,2.54458,11.6876,0.554557,0.832146,-16.981,2.99873,-50.1426,-42.25,-48.6491,-48.7315,-19.0985,-7.25524,-16.8574
0.144375,1.55064,6.7e-06,0.984358,59.9738,55.7106,2.55686,11.687,0.554575,0.832134,-15.318,2.99873,-52.6448,-44.7455,-51.1468,-51.2268,-17.4457,-5.59287,-15.1979
0.140072,1.53125,6.9e-06,0.984386,62.9725,55.8214,2.57681,11.693,0.554592,0.832122,-13.655,2.99874,-55.1512,-47.2373,-53.6445,-53.7222,-15.7992,-3.925,-13.5384
0.135649,1.52167,7e-06,0.984399,65.9713,55.8762,2.60535,11.7101,0.554608,0.832112,-11.9919,2.99874,-57.6624,-49.723,-56.1422,-56.2175,-14.1598,-2.24777,-11.879
0.13111,1.50269,7.2e-06,0.984428,68.97,55.9846,2.6199,11.7198,0.554621,0.832103,-10.3287,2.99874,-60.1658,-52.2127,-58.64,-58.7127,-12.5088,-0.57663,-10.2196
0.12646,1.48567,7.3e-06,0.984442,71.9687,56.0382,2.6319,11.7201,0.554634,0.832095,-8.66555,2.99875,-62.6677,-54.7076,-61.1378,-61.208,-10.8555,1.08665,-8.56032
0.121703,1.44623,7.4e-06,0.984472,74.9675,56.1434,2.63714,11.716,0.554644,0.832087,-7.00232,2.99875,-65.1659,-57.205,-63.6357,-63.7032,-9.19665,2.74641,-6.90106
0.116845,1.42693,7.5e-06,0.984487,77.9662,56.1948,2.64791,11.7208,0.554653,0.832082,-5.33907,2.99875,-67.6671,-59.6974,-66.1336,-66.1984,-7.54235,4.41363,-5.24185
0.111889,1.38916,7.7e-06,0.984517,80.965,56.2956,2.66823,11.7215,0.554661,0.832077,-3.6758,2.99875,-70.1736,-62.1922,-68.6316,-68.6936,-5.89597,6.07736,-3.58269
0.106841,1.37067,7.8e-06,0.984532,83.9637,56.3449,2.6859,11.7348,0.554666,0.832073,-2.0125,2.99876,-72.6786,-64.6799,-71.1295,-71.1888,-4.24736,7.75172,-1.9236
0.101705,1.33448,8e-06,0.984564,86.9625,56.4414,2.69339,11.7601,0.554671,0.83207,-0.349183,2.99876,-75.1779,-67.161,-73.6276,-73.684,-2.59027,9.43608,-0.264557
0.0964853,1.31677,8.1e-06,0.98458,89.9613,56.4886,2.69566,11.7722,0.554673,0.832068,1.31414,2.99876,-77.6744,-69.6494,-76.1256,-76.1792,-0.928828,11.1095,1.39442
0.0911872,1.28209,8.2e-06,0.984613,92.96,56.5811,2.69618,11.7728,0.554674,0.832068,2.97747,2.99876,-80.1698,-72.1442,-78.6237,-78.6743,0.734072,12.7733,3.05335
0.085815,1.26511,8.3e-06,0.984629,95.9588,56.6264,2.70851,11.7604,0.554673,0.832068,4.64081,2.99876,-82.6718,-74.6463,-81.1219,-81.1695,2.38714,14.4262,4.71221
0.0803735,1.23187,8.5e-06,0.984663,98.9575,56.715,2.71975,11.7237,0.554671,0.83207,6.30413,2.99876,-85.1732,-77.1619,-83.6201,-83.6647,4.04111,16.0591,6.37101
0.0748672,1.2156,8.6e-06,0.98468,101.956,56.7584,2.72829,11.7018,0.554667,0.832072,7.96745,2.99877,-87.6731,-79.6693,-86.1183,-86.1598,5.69732,17.7042,8.02975
0.0693008,1.18373,8.8e-06,0.984714,104.955,56.8434,2.73752,11.7024,0.554662,0.832076,9.63076,2.99877,-90.1734,-82.1642,-88.6166,-88.655,7.35294,19.3681,9.68842
0.063679,1.16813,8.9e-06,0.984732,107.954,56.885,2.74108,11.7115,0.554654,0.832081,11.294,2.99877,-92.6706,-84.6544,-91.1149,-91.1502,9.01324,21.039,11.347
0.0580062,1.13758,9e-06,0.984768,110.953,56.9665,2.74429,11.7304,0.554646,0.832087,12.9573,2.99877,-95.1676,-87.1392,-93.6133,-93.6455,10.6738,22.718,13.0056
0.0522873,1.12261,9.1e-06,0.984786,113.951,57.0064,2.7435,11.7464,0.554635,0.832094,14.6205,2.99877,-97.6623,-89.6257,-96.1117,-96.1407,12.3377,24.3947,14.6641
0.0465268,1.09331,9.3e-06,0.984823,116.95,57.0845,2.73915,11.7568,0.554623,0.832102,16.2837,2.99877,-100.155,-92.1154,-98.6102,-98.636,14.0045,26.0666,16.3225
0.0407294,1.07896,9.4e-06,0.984841,119.949,57.1228,2.733,11.757,0.554609,0.832111,17.9469,2.99877,-102.647,-94.6107,-101.109,-101.131,15.6728,27.7301,17.9808
0.0348997,1.05085,9.6e-06,0.984879,122.948,57.1977,2.72361,11.7575,0.554594,0.832121,19.61,2.99877,-105.137,-97.1059,-103.607,-103.627,17.3437,29.3937,19.6391
0.0290423,1.03709,9.6e-06,0.984898,125.946,57.2344,2.704,11.7593,0.554577,0.832132,21.2731,2.99877,-107.621,-99.6005,-106.106,-106.122,19.023,31.0584,21.2973
0.0231619,1.01012,9.8e-06,0.984937,128.945,57.3063,2.69303,11.7534,0.554559,0.832144,22.9361,2.99877,-110.111,-102.099,-108.604,-108.617,20.6951,32.7166,22.9554
0.0172632,0.996916,9.9e-06,0.984957,131.944,57.3416,2.68833,11.7283,0.554539,0.832158,24.5991,2.99877,-112.604,-104.609,-111.103,-111.113,22.362,34.3589,24.6134
0.0113506,0.971042,1.01e-05,0.984997,134.943,57.4106,2.69152,11.6941,0.554517,0.832172,26.262,2.99877,-115.101,-107.124,-113.602,-113.608,24.0222,35.9935,26.2714
0.005429,0.958369,1.02e-05,0.985017,137.942,57.4443,2.68914,11.6604,0.554494,0.832188,27.9248,2.99877,-117.595,-109.638,-116.101,-116.104,25.6869,37.6284,27.9293
-0.0004971,0.933539,1.04e-05,0.985058,140.94,57.5106,2.69755,11.6547,0.554469,0.832205,29.5876,2.99877,-120.095,-112.137,-118.6,-118.599,27.3427,39.2866,29.5871
-0.0064231,0.921377,1.04e-05,0.985079,143.939,57.543,2.71578,11.6519,0.554442,0.832222,31.2502,2.99876,-122.601,-114.635,-121.098,-121.095,28.9901,40.9472,31.2449
-0.0123442,0.897545,1.06e-05,0.985121,146.938,57.6065,2.73461,11.649,0.554414,0.832241,32.9128,2.99876,-125.107,-117.132,-123.597,-123.591,30.637,42.6076,32.9026
-0.0182559,0.885872,1.07e-05,0.985142,149.937,57.6377,2.75131,11.6532,0.554384,0.832261,34.5753,2.99876,-127.612,-119.626,-126.096,-126.086,32.2855,44.2739,34.5602
-0.0241536,0.862995,1.09e-05,0.985186,152.935,57.6987,2.77057,11.6512,0.554353,0.832282,36.2378,2.99876,-130.118,-122.123,-128.595,-128.582,33.9319,45.9348,36.2177
-0.0300325,0.851789,1.1e-05,0.985207,155.934,57.7286,2.77738,11.6553,0.55432,0.832304,37.9001,2.99876,-132.617,-124.617,-131.095,-131.078,35.5885,47.6009,37.8751
-0.0358881,0.829827,1.11e-05,0.985251,158.933,57.7871,2.78861,11.653,0.554285,0.832327,39.5623,2.99875,-135.119,-127.115,-133.594,-133.574,37.2413,49.2614,39.5324
-0.0417156,0.819067,1.12e-05,0.985274,161.932,57.8158,2.80105,11.6371,0.554249,0.832351,41.2244,2.99875,-137.622,-129.62,-136.093,-136.07,38.8929,50.9106,41.1897
-0.0475106,0.79798,1.14e-05,0.985319,164.93,57.8721,2.79855,11.6164,0.554211,0.832376,42.8864,2.99875,-140.117,-132.128,-138.592,-138.566,40.557,52.5556,42.8469
-0.0532683,0.787648,1.15e-05,0.985342,167.929,57.8996,2.80435,11.5988,0.554171,0.832403,44.5483,2.99875,-142.616,-134.634,-141.091,-141.062,42.2139,54.2031,44.5039
-0.0589841,0.767398,1.17e-05,0.985388,170.928,57.9536,2.80596,11.5796,0.55413,0.83243,46.21,2.99875,-145.113,-137.142,-143.591,-143.558,43.8743,55.8493,46.1609
-0.0646534,0.757476,1.18e-05,0.985412,173.927,57.9801,2.81741,11.5693,0.554087,0.832458,47.8717,2.99874,-147.616,-139.644,-146.09,-146.054,45.5263,57.5026,47.8178
-0.0702715,0.738029,1.19e-05,0.985459,176.925,58.0319,2.82292,11.5992,0.554043,0.832488,49.5332,2.99874,-150.115,-142.124,-148.59,-148.551,47.1831,59.1894,49.4747
-0.0758338,0.7285,1.2e-05,0.985483,179.924,58.0573,2.83958,11.6351,0.553997,0.832519,51.1945,2.99874,-152.62,-144.601,-151.089,-151.047,48.8305,60.8809,51.1314
-0.0813356,0.709821,1.22e-05,0.985531,182.923,58.1071,2.85,11.6552,0.553949,0.83255,52.8557,2.99873,-155.123,-147.087,-153.589,-153.544,50.483,62.5593,52.788
-0.0867724,0.700667,1.23e-05,0.985556,185.922,58.1316,2.85318,11.6674,0.5539,0.832583,54.5168,2.99873,-157.621,-149.578,-156.089,-156.04,52.1413,64.2309,54.4446
-0.0921394,0.682724,1.25e-05,0.985605,188.92,58.1794,2.85087,11.6607,0.553849,0.832617,56.1777,2.99873,-160.116,-152.079,-158.588,-158.537,53.8041,65.8867,56.101
-0.097432,0.673931,1.26e-05,0.98563,191.919,58.2028,2.84164,11.629,0.553797,0.832652,57.8385,2.99872,-162.608,-154.594,-161.088,-161.034,55.4724,67.5215,57.7574
-0.102646,0.656694,1.27e-05,0.985681,194.918,58.2488,2.84226,11.5968,0.553743,0.832688,59.4991,2.99872,-165.105,-157.109,-163.588,-163.531,57.1324,69.1556,59.4136
-0.107776,0.648246,1.28e-05,0.985706,197.916,58.2713,2.84731,11.562,0.553687,0.832725,61.1595,2.99871,-167.605,-159.626,-166.088,-166.028,58.7885,70.7875,61.0698
-0.112817,0.631684,1.3e-05,0.985758,200.915,58.3155,2.85555,11.527,0.55363,0.832763,62.8198,2.99871,-170.106,-162.144,-168.588,-168.525,60.4418,72.4191,62.7259
-0.117766,0.623568,1.31e-05,0.985784,203.914,58.3372,2.85359,11.515,0.553571,0.832802,64.4799,2.99871,-172.602,-164.648,-171.088,-171.022,62.1034,74.0696,64.3818
-0.122617,0.607654,1.33e-05,0.985837,206.913,58.3796,2.84668,11.4971,0.55351,0.832842,66.1398,2.9987,-175.096,-167.156,-173.588,-173.52,63.769,75.7151,66.0377
-0.127366,0.599855,1.33e-05,0.985863,209.911,58.4004,2.83379,11.497,0.553448,0.832884,67.7995,2.9987,-177.586,-169.654,-176.088,-176.017,65.4393,77.3752,67.6934
-0.132009,0.584563,1.35e-05,0.985917,212.91,58.4412,2.80931,11.4913,0.553384,0.832926,69.4591,2.99869,-180.07,-172.156,-178.588,-178.515,67.1191,79.0304,69.3491
-0.136539,0.577067,1.36e-05,0.985944,215.909,58.4612,2.79237,11.4746,0.553319,0.83297,71.1184,2.99869,-182.558,-174.664,-181.088,-181.013,68.7924,80.6764,71.0047
-0.140954,0.562371,1.38e-05,0.985999,218.907,58.5003,2.77855,11.4662,0.553252,0.833014,72.7775,2.99868,-185.048,-177.167,-183.589,-183.511,70.463,82.329,72.6601
-0.145248,0.555168,1.39e-05,0.986027,221.906,58.5196,2.76695,11.4565,0.553183,0.83306,74.4365,2.99868,-187.539,-179.671,-186.089,-186.009,72.1314,83.9804,74.3155
-0.149416,0.541043,1.4e-05,0.986082,224.905,58.5572,2.74285,11.4609,0.553113,0.833106,76.0952,2.99867,-190.024,-182.168,-188.589,-188.507,73.8101,85.6434,75.9707
-0.153455,0.534119,1.41e-05,0.986111,227.903,58.5757,2.71869,11.452,0.553041,0.833154,77.7537,2.99867,-192.509,-184.672,-191.09,-191.005,75.4886,87.295,77.6258
-0.157358,0.520543,1.43e-05,0.986167,230.902,58.6119,2.69661,11.4458,0.552967,0.833203,79.412,2.99866,-194.995,-187.174,-193.591,-193.504,77.1651,88.9487,79.2808
-0.161123,0.513888,1.44e-05,0.986196,233.901,58.6296,2.69238,11.4274,0.552892,0.833253,81.07,2.99865,-197.491,-189.684,-196.091,-196.002,78.8266,90.5919,80.9358
-0.164743,0.500838,1.46e-05,0.986254,236.899,58.6644,2.70473,11.4229,0.552815,0.833304,82.7278,2.99865,-199.996,-192.186,-198.592,-198.501,80.474,92.2465,82.5906
-0.168215,0.49444,1.47e-05,0.986283,239.898,58.6815,2.71146,11.4277,0.552737,0.833356,84.3854,2.99864,-202.498,-194.683,-201.093,-201,82.1258,93.9088,84.2452
-0.171534,0.481895,1.48e-05,0.986342,242.897,58.7149,2.71714,11.4468,0.552657,0.833409,86.0428,2.99864,-205,-197.173,-203.594,-203.499,83.7783,95.5826,85.8998
-0.174694,0.475745,1.49e-05,0.986372,245.895,58.7313,2.7305,11.4704,0.552575,0.833463,87.6999,2.99863,-207.507,-199.66,-206.094,-205.998,85.4241,97.2601,87.5543
-0.177692,0.463683,1.51e-05,0.986432,248.894,58.7635,2.74913,11.5027,0.552492,0.833518,89.3567,2.99863,-210.016,-202.142,-208.595,-208.497,87.0653,98.9445,89.2086
-0.180523,0.457771,1.52e-05,0.986462,251.893,58.7793,2.7613,11.5244,0.552407,0.833575,91.0133,2.99862,-212.522,-204.631,-211.097,-210.997,88.7116,100.62,90.8628
-0.183182,0.446174,1.54e-05,0.986523,254.891,58.8102,2.76168,11.5498,0.55232,0.833632,92.6697,2.99861,-215.022,-207.117,-213.598,-213.496,90.3674,102.298,92.517
-0.185665,0.440489,1.55e-05,0.986554,257.89,58.8254,2.75841,11.5663,0.552232,0.833691,94.3257,2.99861,-217.52,-209.609,-216.099,-215.996,92.0261,103.968,94.1709
-0.187967,0.429339,1.56e-05,0.986616,260.888,58.8551,2.75867,11.5665,0.552142,0.83375,95.9815,2.9986,-220.02,-212.11,-218.6,-218.496,93.6815,105.625,95.8248
-0.190082,0.423873,1.57e-05,0.986648,263.887,58.8697,2.75306,11.5636,0.552051,0.833811,97.6371,2.99859,-222.516,-214.613,-221.101,-220.997,95.3415,107.279,97.4786
-0.192008,0.413152,1.59e-05,0.986711,266.886,58.8983,2.75009,11.5553,0.551958,0.833872,99.2923,2.99859,-225.015,-217.119,-223.603,-223.497,96.9991,108.928,99.1322
-0.193738,0.407895,1.6e-05,0.986742,269.884,58.9123,2.73665,11.5542,0.551863,0.833935,100.947,2.99858,-227.508,-219.621,-226.104,-225.997,98.6651,110.583,100.786
-0.195269,0.397585,1.62e-05,0.986807,272.883,58.9398,2.73191,11.5558,0.551767,0.833998,102.602,2.99857,-230.006,-222.122,-228.606,-228.498,100.324,112.24,102.439
-0.196596,0.39253,1.62e-05,0.986839,275.881,58.9533,2.73716,11.5554,0.551669,0.834063,104.256,2.99857,-232.509,-224.624,-231.108,-230.999,101.973,113.894,104.092
-0.197713,0.382615,1.64e-05,0.986904,278.88,58.9797,2.73682,11.5551,0.551569,0.834129,105.91,2.99856,-235.01,-227.127,-233.609,-233.5,103.628,115.549,105.745
-0.198617,0.377754,1.65e-05,0.986937,281.878,58.9927,2.72921,11.5551,0.551468,0.834196,107.564,2.99855,-237.507,-229.629,-236.111,-236.002,105.287,117.203,107.399
-0.199302,0.368219,1.67e-05,0.987004,284.877,59.0181,2.72307,11.5504,0.551365,0.834264,109.218,2.99855,-240.004,-232.135,-238.613,-238.503,106.946,118.854,109.051
-0.199765,0.363543,1.68e-05,0.987037,287.876,59.0306,2.7298,11.5455,0.551261,0.834333,110.871,2.99854,-242.51,-234.64,-241.115,-241.005,108.593,120.504,110.704
-0.2,0.354372,1.65e-05,0.987104,290.874,59.055,2.73323,11.5489,0.551155,0.834403,112.524,2.99853,-245.013,-237.141,-243.617,-243.507,110.243,122.16,112.357
-0.2,0.349876,1.59e-05,0.987136,293.873,59.067,2.73759,11.5551,0.551047,0.834474,114.176,2.99853,-247.517,-239.641,-246.119,-246.009,111.892,123.819,114.009
-0.19975,0.341055,1.31e-05,0.987194,296.871,59.0905,2.73955,11.5525,0.550937,0.834547,115.828,2.99852,-250.02,-242.146,-248.621,-248.511,113.542,125.469,115.662
-0.199228,0.33673,1.24e-05,0.987219,299.87,59.1021,2.72781,11.5575,0.550828,0.834619,117.48,2.99852,-252.516,-244.647,-251.123,-251.014,115.203,127.126,117.314
-0.198431,0.328245,1.21e-05,0.987268,302.868,59.1247,2.69333,11.5547,0.550722,0.834689,119.132,2.99851,-255,-247.153,-253.626,-253.516,116.884,128.776,118.966
-0.197369,0.324085,1.19e-05,0.987292,305.867,59.1358,2.63462,11.5548,0.55062,0.834756,120.783,2.99851,-257.47,-249.657,-256.128,-256.019,118.584,130.428,120.618
-0.196055,0.315924,1.15e-05,0.987339,308.865,59.1575,2.56137,11.5641,0.550521,0.834821,122.434,2.99851,-259.933,-252.156,-258.63,-258.522,120.296,132.088,122.27
-0.194499,0.311922,1.13e-05,0.987362,311.864,59.1682,2.49055,11.5788,0.550427,0.834883,124.084,2.9985,-262.397,-254.652,-261.133,-261.026,122.005,133.751,123.922
-0.192714,0.304071,1.09e-05,0.987406,314.862,59.1891,2.49712,11.6051,0.550337,0.834943,125.735,2.9985,-264.904,-257.143,-263.635,-263.529,123.65,135.424,125.574
-0.19071,0.300221,1.07e-05,0.987428,317.861,59.1994,2.5225,11.6412,0.55025,0.835,127.385,2.9985,-267.421,-259.627,-266.138,-266.033,125.279,137.105,127.226
-0.188499,0.292669,1.03e-05,0.98747,320.859,59.2195,2.41915,11.6839,0.550168,0.835054,129.035,2.9985,-269.868,-262.109,-268.641,-268.537,127.015,138.791,128.877
-0.186093,0.288965,1.01e-05,0.98749,323.858,59.2294,2.12027,11.7147,0.55009,0.835106,130.684,2.9985,-272.207,-264.597,-271.143,-271.041,128.914,140.467,130.529
-0.183504,0.2817,9.7e-06,0.98753,326.856,59.2488,1.81996,11.7475,0.550015,0.835155,132.334,2.9985,-274.546,-267.084,-273.646,-273.545,130.814,142.145,132.18
-0.180742,0.278137,9.5e-06,0.987549,329.855,59.2583,1.85328,11.7586,0.549945,0.835201,133.983,2.99851,-277.068,-269.583,-276.149,-276.049,132.435,143.803,133.832
-0.177819,0.271147,9.1e-06,0.987586,332.853,59.2769,2.20194,11.773,0.549878,0.835245,135.632,2.99851,-279.764,-272.08,-278.651,-278.554,133.792,145.465,135.483
-0.174747,0.267719,8.9e-06,0.987604,335.852,59.2861,2.50463,11.7677,0.549816,0.835286,137.28,2.99851,-282.435,-274.588,-281.154,-281.058,135.188,147.11,137.134
-0.171537,0.260994,8.5e-06,0.987638,338.85,59.304,2.41601,11.7611,0.549757,0.835325,138.929,2.99852,-284.891,-277.097,-283.657,-283.563,136.911,148.753,138.786
-0.168201,0.257696,8.2e-06,0.987655,341.849,59.3128,2.27262,11.7345,0.549703,0.83536,140.577,2.99852,-287.317,-279.617,-286.16,-286.068,138.679,150.38,140.437
-0.16475,0.251226,7.8e-06,0.987687,344.847,59.3301,2.43415,11.7251,0.549652,0.835394,142.225,2.99853,-289.911,-282.128,-288.663,-288.573,140.192,152.02,142.088
-0.161196,0.248053,7.6e-06,0.987703,347.846,59.3385,2.4496,11.7099,0.549605,0.835425,143.874,2.99853,-292.424,-284.642,-291.166,-291.078,141.827,153.656,143.739
-0.15755,0.241827,7.2e-06,0.987732,350.844,59.3551,2.35624,11.7152,0.549563,0.835453,145.521,2.99854,-294.878,-287.144,-293.669,-293.583,143.553,155.309,145.39
-0.153824,0.238774,7e-06,0.987747,353.843,59.3633,2.30291,11.7195,0.549524,0.835478,147.169,2.99855,-297.353,-289.648,-296.172,-296.088,145.245,156.961,147.041
-0.150029,0.232784,6.6e-06,0.987774,356.841,59.3792,2.24166,11.7325,0.549489,0.835501,148.817,2.99856,-299.825,-292.146,-298.676,-298.593,146.944,158.62,148.692
-0.146176,0.229846,6.4e-06,0.987787,359.84,59.3871,2.19986,11.7407,0.549458,0.835521,150.465,2.99856,-302.307,-294.647,-301.179,-301.099,148.627,160.274,150.343
-0.142278,0.224082,6e-06,0.987812,362.839,59.4024,2.21495,11.752,0.549431,0.835539,152.112,2.99857,-304.821,-297.147,-303.682,-303.604,150.262,161.931,151.993
-0.138346,0.221255,5.8e-06,0.987824,365.837,59.41,2.24943,11.7605,0.549409,0.835554,153.76,2.99858,-307.345,-299.648,-306.185,-306.109,151.88,163.586,153.644
-0.13439,0.215708,5.4e-06,0.987846,368.836,59.4248,2.30388,11.7642,0.54939,0.835566,155.407,2.99859,-309.881,-302.152,-308.689,-308.615,153.482,165.237,155.295
-0.130424,0.212988,5.2e-06,0.987857,371.834,59.432,2.31672,11.7707,0.549375,0.835576,157.054,2.99861,-312.393,-304.654,-311.192,-311.12,155.119,166.89,156.946
-0.126458,0.207651,4.8e-06,0.987877,374.833,59.4463,2.32777,11.7624,0.549364,0.835583,158.702,2.99862,-314.905,-307.164,-313.695,-313.626,156.757,168.53,158.596
-0.122503,0.205033,4.6e-06,0.987886,377.832,59.4532,2.3209,11.7811,0.549357,0.835588,160.349,2.99863,-317.407,-309.66,-316.199,-316.132,158.41,170.193,160.247
-0.118572,0.199897,4.2e-06,0.987903,380.83,59.4669,2.33072,11.804,0.549354,0.83559,161.996,2.99864,-319.918,-312.153,-318.702,-318.637,160.049,171.86,161.897
-0.114675,0.197378,4e-06,0.987912,383.829,59.4737,2.33906,11.8357,0.549355,0.835589,163.644,2.99866,-322.428,-314.641,-321.206,-321.143,161.689,173.534,163.548
-0.110825,0.192435,3.6e-06,0.987927,386.827,59.4868,2.33731,11.8508,0.54936,0.835586,165.291,2.99867,-324.932,-317.138,-323.709,-323.648,163.338,175.193,165.198
-0.107032,0.190011,3.4e-06,0.987934,389.826,59.4933,2.32877,11.8425,0.549369,0.83558,166.938,2.99868,-327.433,-319.648,-326.213,-326.154,164.993,176.834,166.849
-0.103309,0.185254,3e-06,0.987946,392.825,59.506,2.30754,11.8353,0.549382,0.835572,168.586,2.9987,-329.927,-322.158,-328.716,-328.66,166.658,178.475,168.5
-0.099666,0.182921,2.7e-06,0.987952,395.824,59.5122,2.28105,11.8386,0.549399,0.835561,170.233,2.99872,-332.419,-324.661,-331.22,-331.165,168.327,180.125,170.15
-0.0961154,0.178343,2.3e-06,0.987962,398.822,59.5244,2.26298,11.8425,0.549419,0.835547,171.881,2.99873,-334.914,-327.164,-333.724,-333.671,169.99,181.776,171.801
-0.0926685,0.176098,2.1e-06,0.987966,401.821,59.5304,2.2615,11.8622,0.549444,0.83553,173.528,2.99875,-337.419,-329.659,-336.227,-336.176,171.639,183.44,173.451
-0.0893369,0.171692,1.7e-06,0.987974,404.82,59.5422,2.24651,11.8953,0.549473,0.835512,175.176,2.99877,-339.916,-332.146,-338.731,-338.682,173.299,185.115,175.101
-0.0861319,0.169531,1.5e-06,0.987977,407.819,59.5479,2.23179,11.9258,0.549506,0.83549,176.824,2.99878,-342.414,-334.634,-341.235,-341.187,174.959,186.788,176.752
-0.083065,0.165291,1.1e-06,0.987983,410.817,59.5592,2.23272,11.9216,0.549542,0.835466,178.472,2.9988,-344.92,-337.141,-343.738,-343.693,176.606,188.432,178.402
-0.0801479,0.163211,9e-07,0.987985,413.816,59.5648,2.23778,11.9135,0.549583,0.835439,180.12,2.99882,-347.428,-339.651,-346.242,-346.198,178.25,190.073,180.053
-0.0773918,0.15913,5e-07,0.987988,416.815,59.5757,2.22777,11.9026,0.549628,0.83541,181.768,2.99884,-349.928,-342.161,-348.746,-348.703,179.907,191.712,181.703
-0.0748084,0.157128,3e-07,0.987988,419.814,59.581,2.19903,11.8984,0.549676,0.835378,183.416,2.99886,-352.417,-344.668,-351.25,-351.209,181.579,193.356,183.354
-0.0724092,0.1532,-1e-07,0.987989,422.813,59.5915,2.16656,11.9109,0.549729,0.835343,185.065,2.99889,-354.905,-347.166,-353.754,-353.714,183.255,195.014,185.004
-0.0702055,0.151274,-3e-07,0.987988,425.812,59.5966,2.13962,11.9256,0.549785,0.835306,186.713,2.99891,-357.395,-349.662,-356.257,-356.219,184.926,196.675,186.655
-0.0682089,0.147493,-7e-07,0.987986,428.81,59.6067,2.13146,11.9356,0.549846,0.835266,188.362,2.99893,-359.896,-352.161,-358.761,-358.724,186.582,198.332,188.305
-0.0664309,0.145639,-9e-07,0.987985,431.809,59.6116,2.12785,11.9431,0.54991,0.835224,190.011,2.99895,-362.399,-354.661,-361.265,-361.229,188.234,199.987,189.956
-0.0648829,0.142,-1.3e-06,0.98798,434.808,59.6213,2.12164,11.9607,0.549979,0.835179,191.661,2.99898,-364.9,-357.155,-363.769,-363.733,189.889,201.65,191.606
-0.0635765,0.140215,-1.6e-06,0.987977,437.807,59.6261,2.11654,11.986,0.550051,0.835131,193.31,2.999,-367.402,-359.645,-366.273,-366.238,191.542,203.32,193.257
-0.062523,0.136713,-2e-06,0.98797,440.806,59.6354,2.0881,12.0283,0.550127,0.835081,194.96,2.99903,-369.891,-362.125,-368.777,-368.742,193.216,205.004,194.908
-0.0617341,0.134995,-2.2e-06,0.987966,443.805,59.64,2.0541,12.0586,0.550208,0.835028,196.61,2.99906,-372.377,-364.612,-371.281,-371.247,194.895,206.679,196.558
-0.061221,0.131624,-2.9e-06,0.987956,446.804,59.649,2.05094,12.0724,0.550292,0.834972,198.26,2.99908,-374.88,-367.108,-373.785,-373.751,196.547,208.34,198.209
-0.0609919,0.12997,-3.9e-06,0.987949,449.803,59.6534,2.04625,12.0814,0.550379,0.834915,199.91,2.99911,-377.381,-369.606,-376.289,-376.255,198.202,209.997,199.86
-0.0610407,0.126725,-5.9e-06,0.98793,452.803,59.6621,2.05094,12.0827,0.550467,0.834857,201.561,2.99913,-379.888,-372.108,-378.793,-378.759,199.849,211.649,201.51
-0.0613577,0.125133,-6.9e-06,0.987917,455.802,59.6663,2.06134,12.0788,0.550555,0.834799,203.212,2.99914,-382.398,-374.613,-381.297,-381.263,201.491,213.296,203.161
-0.0619333,0.122009,-8.8e-06,0.987886,458.801,59.6746,2.07145,12.0769,0.550645,0.834739,204.864,2.99915,-384.907,-377.116,-383.8,-383.766,203.134,214.945,204.812
-0.0627577,0.120477,-9.8e-06,0.987867,461.8,59.6787,2.06731,12.089,0.550736,0.834679,206.515,2.99916,-387.408,-379.612,-386.304,-386.27,204.79,216.606,206.463
-0.0638215,0.11747,-1.18e-05,0.987824,464.799,59.6867,2.04944,12.1086,0.550828,0.834619,208.167,2.99916,-389.902,-382.103,-388.808,-388.773,206.457,218.273,208.114
-0.065115,0.115995,-1.28e-05,0.987799,467.798,59.6907,2.02314,12.1352,0.550921,0.834557,209.819,2.99916,-392.391,-384.591,-391.312,-391.276,208.131,219.947,209.765
-0.0666285,0.113101,-1.48e-05,0.987744,470.797,59.6984,2.00954,12.1675,0.551015,0.834495,211.472,2.99916,-394.886,-387.074,-393.816,-393.779,209.795,221.625,211.416
-0.0683524,0.111681,-1.58e-05,0.987714,473.797,59.7022,2.01166,12.1835,0.55111,0.834433,213.124,2.99915,-397.39,-389.567,-396.319,-396.282,211.446,223.291,213.067
-0.0702771,0.108895,-1.77e-05,0.987647,476.796,59.7096,2.00225,12.2152,0.551206,0.834369,214.777,2.99914,-399.888,-392.051,-398.823,-398.784,213.107,224.969,214.719
-0.0723929,0.107528,-1.87e-05,0.98761,479.795,59.7133,2.00998,12.2266,0.551303,0.834305,216.431,2.99913,-402.394,-394.546,-401.326,-401.286,214.754,226.631,216.37
-0.0746904,0.104846,-2.07e-05,0.987532,482.794,59.7204,2.00679,12.2497,0.551401,0.834241,218.084,2.99911,-404.895,-397.034,-403.83,-403.788,216.41,228.303,218.022
-0.0771598,0.10353,-2.17e-05,0.987489,485.793,59.7239,2.00302,12.2629,0.5515,0.834175,219.738,2.99909,-407.395,-399.527,-406.333,-406.29,218.067,229.968,219.674
-0.0797915,0.100948,-2.36e-05,0.987399,488.792,59.7308,1.98976,12.2735,0.5516,0.834109,221.392,2.99906,-409.89,-402.022,-408.836,-408.792,219.733,231.63,221.326
-0.082576,0.0996818,-2.46e-05,0.987351,491.791,59.7342,1.97771,12.2733,0.551701,0.834042,223.047,2.99903,-412.385,-404.522,-411.339,-411.293,221.397,233.283,222.978
-0.0855037,0.0971962,-2.66e-05,0.987248,494.79,59.7408,1.98355,12.2677,0.551803,0.833974,224.701,2.99899,-414.889,-407.025,-413.842,-413.795,223.047,234.932,224.63
-0.088565,-12.0442,-2.76e-05,0.987194,497.789,59.7441,1.97941,12.2713,0.551906,0.833906,226.356,2.99896,-417.388,-409.523,-416.344,-416.296,224.706,236.59,226.283
-0.0917503,-13.3958,-2.95e-05,0.98708,500.788,58.8868,1.97393,12.2597,0.55201,0.833837,228.012,2.99891,-419.886,-412.029,-418.847,-418.796,226.366,238.234,227.935
-0.0950501,-13.3941,-3.05e-05,0.98702,503.787,58.4304,1.95205,12.2572,0.552115,0.833768,229.667,2.99887,-422.375,-414.529,-421.349,-421.297,228.04,239.887,229.588
-0.0984547,-13.3911,-3.25e-05,0.986894,506.786,57.5069,1.93779,12.2516,0.552222,0.833697,231.323,2.99882,-424.867,-417.031,-423.851,-423.797,229.708,241.537,231.241
-0.101955,-13.3898,-3.35e-05,0.986828,509.785,57.0396,1.91131,12.241,0.552329,0.833626,232.979,2.99876,-427.353,-419.536,-426.353,-426.297,231.386,243.184,232.894
-0.10554,-13.3874,-3.54e-05,0.98669,512.784,56.0935,1.89377,12.2398,0.552437,0.833555,234.636,2.99871,-429.843,-422.035,-428.855,-428.797,233.057,244.838,234.548
-0.109202,-13.3863,-3.64e-05,0.986619,515.782,55.6145,1.88127,12.2265,0.552546,0.833482,236.293,2.99865,-432.336,-424.541,-431.357,-431.296,234.724,246.483,236.201
-0.112931,-13.3846,-3.84e-05,0.986469,518.781,54.6439,1.87454,12.2186,0.552656,0.833409,237.95,2.99858,-434.831,-427.043,-433.858,-433.795,236.387,248.133,237.855
-0.116717,-13.3839,-3.94e-05,0.986391,521.78,54.1522,1.88681,12.2043,0.552768,0.833335,239.607,2.99851,-437.337,-429.548,-436.359,-436.294,238.035,249.777,239.51
-0.120551,-13.3828,-4.13e-05,0.98623,524.778,53.1551,1.89167,12.1971,0.55288,0.833261,241.265,2.99844,-439.839,-432.049,-438.86,-438.793,239.688,251.428,241.164
-0.124423,-13.3824,-4.23e-05,0.986147,527.777,52.6495,1.88465,12.1886,0.552994,0.833186,242.922,2.99836,-442.334,-434.551,-441.36,-441.291,241.352,253.078,242.819
-0.128323,-13.3819,-4.43e-05,0.985974,530.775,51.6236,1.87705,12.1879,0.553108,0.83311,244.581,2.99828,-444.828,-437.048,-443.86,-443.789,243.017,254.735,244.474
-0.132243,-13.3818,-4.52e-05,0.985884,533.773,51.1029,1.86813,12.1949,0.553223,0.833033,246.239,2.9982,-447.321,-439.541,-446.36,-446.287,244.683,256.398,246.129
-0.136173,-13.3818,-4.72e-05,0.985699,536.771,50.0452,1.87605,12.1994,0.55334,0.832956,247.898,2.99811,-449.823,-442.034,-448.86,-448.785,246.335,258.06,247.785
-0.140102,-13.3819,-4.82e-05,0.985604,539.769,49.5079,1.8863,12.1773,0.553457,0.832878,249.557,2.99802,-452.326,-444.542,-451.359,-451.282,247.986,259.699,249.441
-0.144023,-13.3825,-5.01e-05,0.985408,542.768,48.4155,1.89346,12.1499,0.553576,0.832799,251.217,2.99792,-454.827,-447.053,-453.858,-453.779,249.64,261.335,251.097
-0.147925,-13.3829,-5.11e-05,0.985307,545.765,47.8598,1.89299,12.1328,0.553695,0.832719,252.876,2.99782,-457.323,-449.557,-456.357,-456.275,251.3,262.98,252.753
-0.151799,-13.3841,-5.31e-05,0.985098,548.763,46.7287,1.88767,12.1223,0.553816,0.832639,254.536,2.99772,-459.817,-452.058,-458.855,-458.771,252.965,264.63,254.41
-0.155636,-13.3849,-5.4e-05,0.984991,551.761,46.1528,1.87821,12.1214,0.553937,0.832558,256.197,2.99761,-462.308,-454.553,-461.353,-461.267,254.633,266.289,256.067
-0.159425,-13.3867,-5.6e-05,0.984772,554.759,44.9786,1.87797,12.1226,0.55406,0.832477,257.857,2.9975,-464.803,-457.046,-463.851,-463.763,256.294,267.949,257.725
-0.163159,-13.3878,-5.7e-05,0.984659,557.756,44.3797,1.88512,12.123,0.554183,0.832395,259.518,2.99739,-467.303,-459.54,-466.348,-466.258,257.949,269.61,259.383
-0.166827,-13.3903,-5.89e-05,0.984427,560.753,43.157,1.89638,12.1228,0.554308,0.832312,261.18,2.99727,-469.804,-462.033,-468.845,-468.753,259.601,271.27,261.041
-0.17042,-13.3917,-5.99e-05,0.984308,563.751,42.5324,1.90778,12.1297,0.554434,0.832228,262.841,2.99714,-472.305,-464.522,-471.342,-471.247,261.254,272.936,262.699
-0.173928,-13.3948,-6.18e-05,0.984065,566.748,41.2546,1.90354,12.1342,0.55456,0.832144,264.503,2.99702,-474.797,-467.012,-473.838,-473.742,262.919,274.601,264.358
-0.177343,-13.3965,-6.28e-05,0.983941,569.745,40.6005,1.90644,12.1223,0.554688,0.832058,266.165,2.99689,-477.293,-469.511,-476.334,-476.235,264.579,276.252,266.018
-0.180654,-13.4002,-6.47e-05,0.983686,572.742,39.2594,1.93437,12.0989,0.554817,0.831973,267.828,2.99675,-479.802,-472.016,-478.829,-478.729,266.219,277.894,267.678
-0.183854,-13.4022,-6.57e-05,0.983555,575.739,38.5712,1.96624,12.0646,0.554947,0.831886,269.491,2.99661,-482.313,-474.527,-481.324,-481.222,267.855,279.527,269.338
-0.186932,-13.4065,-6.77e-05,0.983289,578.735,37.1563,1.97543,12.0422,0.555077,0.831799,271.154,2.99647,-484.811,-477.03,-483.818,-483.715,269.511,281.171,270.998
-0.189879,-13.4085,-6.89e-05,0.983152,581.732,36.428,1.967,12.0312,0.555209,0.831711,272.817,2.99633,-487.299,-479.527,-486.312,-486.207,271.181,282.824,272.659
-0.192685,-13.4115,-7.1e-05,0.982876,584.728,34.9256,1.91775,12.0285,0.555343,0.831622,274.481,2.99618,-489.764,-482.019,-488.806,-488.699,272.886,284.484,274.321
-0.195342,-13.4114,-7.59e-05,0.982729,587.724,34.1495,1.90242,12.0109,0.555473,0.831535,276.145,2.99603,-492.247,-484.519,-491.299,-491.19,274.563,286.133,275.983
-0.197841,-13.2535,-0.0001125,0.982448,590.72,32.5437,1.90627,11.9769,0.555623,0.831434,277.81,2.99585,-494.741,-487.027,-493.791,-493.681,276.225,287.768,277.645
-0.2,-12.9696,-0.000245,0.982091,593.716,31.7194,1.9251,11.9488,0.5557,0.831383,279.474,2.99578,-497.242,-489.532,-496.283,-496.172,277.874,289.408,279.308
-0.2,-12.2933,-0.0009428,0.979842,596.712,30.062,1.9204,11.9505,0.556109,0.831109,281.139,2.99646,-499.73,-492.017,-498.774,-498.662,279.543,291.072,280.973
-0.197476,-11.7664,-0.001412,0.977488,599.708,29.2333,1.9214,11.9457,0.558554,0.829468,282.808,2.99832,-502.224,-494.478,-501.261,-501.15,281.215,292.717,282.644
-0.195704,-10.89,-0.0028938,0.968911,602.707,27.6117,1.96507,11.9116,0.563987,0.825784,284.49,3.00128,-504.74,-496.913,-503.742,-503.631,282.867,294.326,284.328
-0.195604,-10.5232,-0.0036307,0.962389,605.708,26.8119,2.03272,11.842,0.572214,0.820104,286.193,3.00568,-507.263,-499.324,-506.212,-506.1,284.526,295.905,286.033
-0.197438,-9.54713,-0.0053683,0.944729,608.714,25.2292,2.10595,11.7253,0.583194,0.812333,287.927,3.01188,-509.78,-501.714,-508.667,-508.552,286.216,297.452,287.767
-0.2,-8.09686,-0.0066063,0.932756,611.725,24.4612,2.21955,11.5697,0.596808,0.802384,289.702,3.02028,-512.306,-504.076,-511.101,-510.981,287.921,298.985,289.541
-0.193193,-6.33999,-0.0120937,0.894825,614.746,23.1956,2.38363,11.3729,0.612898,0.790162,291.525,3.02927,-514.845,-506.413,-513.502,-513.384,289.642,300.512,291.373
-0.155124,-5.85322,-0.0139655,0.868793,617.775,22.6427,2.63666,11.1156,0.634226,0.773148,293.409,3.02871,-517.422,-508.7,-515.848,-515.749,291.371,302.003,293.289
-0.0870077,-5.12964,-0.0172344,0.806275,620.804,21.6228,3.0128,10.7723,0.663447,0.748224,295.369,3.01731,-520.05,-510.904,-518.109,-518.051,293.114,303.429,295.304
-0.0006567,-4.91966,-0.0187239,0.770376,623.821,21.1433,3.5273,10.3038,0.699989,0.714154,297.422,2.99925,-522.727,-513.045,-520.258,-520.257,294.903,304.78,297.421
0.0877241,-4.44847,-0.0215402,0.690044,626.82,20.2137,4.23281,9.69199,0.7429,0.669403,299.585,2.98123,-525.481,-515.136,-522.271,-522.336,296.752,306.073,299.644
0.159786,-4.17712,-0.0231608,0.645392,629.801,19.769,5.16965,8.90741,0.790438,0.612542,301.876,2.9726,-528.342,-517.215,-524.13,-524.256,298.71,307.332,301.974
0.2,-3.20001,-0.0269402,0.545851,632.774,18.9418,6.37611,7.94828,0.840459,0.541876,304.313,2.98333,-531.343,-519.304,-525.816,-525.984,300.858,308.62,304.421
0.2,-2.63228,-0.0297688,0.489153,635.757,18.6011,7.86635,6.81627,0.887964,0.459912,306.909,2.99629,-534.475,-521.438,-527.313,-527.49,303.291,310.044,307.001
0.1801,-1.71887,-0.0348299,0.35955,638.754,18.0845,9.45617,5.56602,0.928601,0.37108,309.649,2.99427,-537.525,-523.576,-528.577,-528.744,306.14,311.715,309.716
0.166594,-1.47124,-0.0367956,0.288074,641.748,17.8935,10.8336,4.34013,0.961456,0.274957,312.498,2.97862,-540.135,-525.546,-529.559,-529.719,309.519,313.691,312.543
0.169033,-0.750609,-0.0398858,0.134803,644.727,17.5987,11.829,3.31449,0.985525,0.16953,315.417,2.95474,-542.046,-527.121,-530.221,-530.388,313.412,315.979,315.446
0.183747,-0.4488,-0.0415679,0.053543,647.681,17.5132,12.5347,2.55771,0.998556,0.0537124,318.372,2.93081,-543.24,-528.169,-530.539,-530.723,317.698,318.509,318.382
0.2,-0.0366328,-0.0438079,-0.117444,650.612,17.4422,12.929,2.05436,0.997294,-0.0735219,321.325,2.91946,-543.591,-528.648,-530.497,-530.697,322.275,321.174,321.31
0.2,0,-0.0442753,-0.205533,653.532,17.438,13.0716,1.80753,0.978143,-0.207934,324.24,2.92996,-543.069,-528.515,-530.087,-530.283,326.958,323.864,324.199
0.181174,0,-0.0443958,-0.29403,656.462,17.438,13.0574,1.80451,0.941992,-0.335636,327.081,2.94962,-541.776,-527.776,-529.305,-529.476,331.464,326.475,327.02
0.166425,0.483424,-0.0426964,-0.468911,659.411,17.4603,12.7432,2.14563,0.89303,-0.449998,329.81,2.9665,-539.685,-526.389,-528.157,-528.305,335.544,328.844,329.735
0.165601,0.711586,-0.0416838,-0.5531,662.378,17.5156,12.0547,2.66099,0.833146,-0.553054,332.39,2.97519,-536.848,-524.588,-526.667,-526.805,339.057,330.918,332.298
0.180086,1.07624,-0.0396581,-0.715882,665.353,17.6995,11.12,3.36651,0.763414,-0.64591,334.783,2.97322,-533.496,-522.437,-524.87,-525.007,341.966,332.609,334.667
0.2,1.50118,-0.0377828,-0.793213,668.326,17.8206,9.99387,4.35575,0.683386,-0.730057,336.953,2.9628,-529.774,-519.968,-522.808,-522.944,344.249,333.773,336.807
0.2,2.21214,-0.0341038,-0.936938,671.289,18.193,8.72984,5.54886,0.593565,-0.804786,338.862,2.96078,-525.832,-517.356,-520.531,-520.65,345.887,334.396,338.701
0.16217,2.2802,-0.0330161,-1.00405,674.25,18.4344,7.39623,6.80289,0.500951,-0.865476,340.492,2.97812,-521.861,-514.748,-518.075,-518.156,346.893,334.604,340.352
0.0985416,2.57845,-0.0304482,-1.13077,677.228,18.9392,6.08861,8.00885,0.412283,-0.911056,341.856,3.0031,-518.006,-512.194,-515.456,-515.496,347.403,334.56,341.767
0.0251995,2.62373,-0.029475,-1.19059,680.231,19.2094,4.91877,9.10579,0.328923,-0.944357,342.969,3.02577,-514.321,-509.708,-512.695,-512.703,347.615,334.37,342.946
-0.0409621,2.88642,-0.0271825,-1.30403,683.257,19.76,3.93843,9.97701,0.251832,-0.967771,343.846,3.03869,-510.801,-507.297,-509.82,-509.809,347.658,334.191,343.886
-0.0887454,3.20505,-0.0256097,-1.35673,686.295,20.0498,3.14907,10.6541,0.180907,-0.9835,344.501,3.03687,-507.418,-504.921,-506.864,-506.848,347.598,334.023,344.588
-0.116978,4.11324,-0.0218633,-1.45185,689.332,20.7205,2.57091,11.1239,0.115602,-0.993296,344.949,3.02194,-504.149,-502.566,-503.866,-503.852,347.502,333.899,345.065
-0.134162,4.59749,-0.0199706,-1.4937,692.354,21.1135,2.17695,11.4437,0.0555581,-0.998456,345.205,3.01122,-500.97,-500.213,-500.857,-500.849,347.379,333.779,345.339
-0.14886,4.9,-0.0167361,-1.56675,695.365,21.9942,1.95622,11.6062,0.0014134,-0.999999,345.289,3.00688,-497.85,-497.831,-497.847,-497.847,347.246,333.683,345.438
-0.164165,4.9,-0.0154112,-1.59888,698.372,22.435,1.89063,11.6112,-0.0463968,-0.998923,345.22,3.00601,-494.761,-495.388,-494.841,-494.849,347.109,333.622,345.384
-0.179365,4.9,-0.0128823,-1.65536,701.378,23.2916,1.95465,11.4691,-0.0876987,-0.996147,345.018,3.00599,-491.686,-492.863,-491.841,-491.857,346.965,333.593,345.196
-0.19228,4.9,-0.0116434,-1.67986,704.384,23.7084,2.15053,11.1986,-0.122497,-0.992469,344.701,3.00459,-488.611,-490.246,-488.851,-488.875,346.835,333.587,344.892
-0.2,4.874,-0.0095976,-1.72212,707.389,24.5201,2.42934,10.8443,-0.150899,-0.988549,344.289,3.00142,-485.537,-487.54,-485.874,-485.904,346.691,333.569,344.487
-0.2,4.85429,-0.0087,-1.74041,710.39,24.9142,2.78104,10.4214,-0.175681,-0.984447,343.8,2.99909,-482.459,-484.779,-482.913,-482.948,346.538,333.54,343.997
-0.198038,4.81602,-0.0078467,-1.77304,713.389,25.6797,3.19966,9.93611,-0.199507,-0.979896,343.238,2.99777,-479.369,-481.989,-479.967,-480.007,346.373,333.501,343.432
-0.196659,4.79741,-0.0076443,-1.78852,716.387,26.0518,3.69973,9.376,-0.222362,-0.974964,342.606,2.99729,-476.259,-479.166,-477.038,-477.081,346.213,333.465,342.798
-0.196152,4.76118,-0.0072584,-1.8183,719.384,26.7764,4.27753,8.74157,-0.244238,-0.969715,341.908,2.99748,-473.126,-476.306,-474.123,-474.171,346.056,333.431,342.098
-0.196437,4.74353,-0.0070777,-1.83262,722.382,27.1294,4.89642,8.05009,-0.265137,-0.964211,341.145,2.99815,-469.979,-473.411,-471.225,-471.277,345.866,333.383,341.335
-0.197291,4.70908,-0.0067258,-1.86021,725.38,27.8183,5.55372,7.3116,-0.285063,-0.958509,340.321,2.99914,-466.815,-470.483,-468.342,-468.398,345.645,333.313,340.51
-0.198408,4.69227,-0.0065546,-1.87348,728.379,28.1546,6.28692,6.53416,-0.304026,-0.952664,339.439,3.00027,-463.625,-467.523,-465.476,-465.536,345.428,333.214,339.628
-0.199444,4.6594,-0.0062161,-1.899,731.379,28.8119,7.10422,5.71003,-0.322039,-0.946726,338.501,3.00138,-460.402,-464.529,-462.626,-462.69,345.226,333.095,338.689
-0.2,4.64333,-0.0060698,-1.91127,734.381,29.1333,7.98435,4.83624,-0.33912,-0.940743,337.509,3.00233,-457.154,-461.501,-459.793,-459.861,345.021,332.96,337.697
-0.199277,4.61187,-0.0059283,-1.93518,737.383,29.7625,8.90538,3.96264,-0.355287,-0.934757,336.468,3.00297,-453.885,-458.457,-456.978,-457.049,344.792,332.764,336.654
-0.195545,4.59647,-0.0058956,-1.947,740.386,30.0706,9.8541,3.18046,-0.370566,-0.928806,335.379,3.00314,-450.602,-455.433,-454.181,-454.254,344.532,332.425,335.561
-0.186717,4.56627,-0.0058473,-1.97046,743.389,30.6745,10.795,2.56796,-0.384954,-0.922936,334.245,3.00278,-447.321,-452.465,-451.404,-451.476,344.209,331.875,334.418
-0.170904,4.55147,-0.0057275,-1.98203,746.392,30.9706,11.4969,2.14926,-0.398641,-0.917107,333.07,3.00228,-444.133,-449.573,-448.648,-448.716,343.614,331.099,333.227
-0.148174,4.52242,-0.0054206,-2.00434,749.394,31.5516,11.6297,1.92531,-0.411936,-0.911213,331.854,3.00183,-441.183,-446.767,-445.913,-445.974,342.451,330.1,331.989
-0.119808,4.50816,-0.0052694,-2.01502,752.396,31.8368,11.225,1.90388,-0.424913,-0.905234,330.599,3.00141,-438.48,-444.058,-443.198,-443.249,340.76,328.875,330.707
-0.0870882,4.5,-0.0049648,-2.03548,755.398,32.3974,10.6739,2.07819,-0.437561,-0.899189,329.305,3.001,-435.872,-441.452,-440.505,-440.543,338.903,327.436,329.383
-0.0512843,4.5,-0.0048135,-2.04525,758.399,32.6738,10.1746,2.3768,-0.449887,-0.893086,327.974,3.00058,-433.277,-438.924,-437.831,-437.855,337.061,325.851,328.02
-0.013658,4.5,-0.0045118,-2.06389,761.399,33.2197,9.75786,2.7111,-0.461894,-0.886935,326.606,3.00013,-430.677,-436.437,-435.178,-435.185,335.261,324.202,326.618
0.0245288,4.5,-0.0043611,-2.07275,764.399,33.4894,9.45408,3.03588,-0.473589,-0.880746,325.203,2.99964,-428.056,-433.971,-432.545,-432.533,333.53,322.529,325.181
0.0620088,4.5,-0.0040596,-2.08958,767.399,34.0222,9.24774,3.30255,-0.484976,-0.874528,323.765,2.9991,-425.415,-431.502,-429.93,-429.9,331.852,320.877,323.711
0.097505,4.5,-0.0039083,-2.09755,770.398,34.2856,9.07606,3.49196,-0.496061,-0.868288,322.293,2.9985,-422.784,-429.018,-427.334,-427.286,330.174,319.261,322.209
0.129726,4.5,-0.0036051,-2.11256,773.397,34.8062,8.90663,3.66188,-0.506849,-0.862035,320.789,2.99782,-420.176,-426.547,-424.756,-424.691,328.467,317.632,320.677
0.157363,4.5,-0.0034524,-2.11961,776.394,35.0637,8.74983,3.82181,-0.517348,-0.855775,319.253,2.99705,-417.588,-424.092,-422.196,-422.115,326.741,315.982,319.118
0.179088,4.5,-0.0031457,-2.1328,779.391,35.573,8.62888,3.92529,-0.527562,-0.849516,317.686,2.99619,-415.005,-421.628,-419.652,-419.557,325.016,314.351,317.534
0.19355,4.5,-0.002991,-2.13893,782.388,35.8249,8.5511,3.98482,-0.537499,-0.843264,316.089,2.99541,-412.423,-419.161,-417.124,-417.02,323.3,312.729,315.926
0.2,4.45963,-0.0028796,-2.15058,785.383,36.323,8.5252,4.02191,-0.546891,-0.837204,314.464,2.99508,-409.839,-416.701,-414.61,-414.501,321.601,311.097,314.296
0.2,4.42906,-0.0027828,-2.15624,788.378,36.5675,8.51997,4.03498,-0.555473,-0.831534,312.812,2.99513,-407.268,-414.242,-412.112,-412,319.896,309.456,312.645
0.194917,4.36914,-0.0024752,-2.1668,791.373,37.0469,8.53988,4.01564,-0.563259,-0.82628,311.135,2.99547,-404.706,-411.778,-409.626,-409.516,318.191,307.817,310.974
0.185264,4.33977,-0.0022902,-2.17156,794.369,37.2818,8.59766,3.95273,-0.570261,-0.821464,309.436,2.99598,-402.144,-409.301,-407.153,-407.047,316.499,306.189,309.284
0.171268,4.28216,-0.0019209,-2.17998,797.365,37.7427,8.66968,3.87244,-0.57649,-0.817104,307.717,2.99661,-399.594,-406.824,-404.69,-404.592,314.801,304.553,307.577
0.153129,4.2539,-0.0017365,-2.18363,800.361,37.9688,8.77318,3.77471,-0.581958,-0.813219,305.981,2.99727,-397.043,-404.345,-402.237,-402.148,313.115,302.911,305.856
0.131047,4.19843,-0.0013677,-2.18983,803.359,38.4126,8.93763,3.67185,-0.586675,-0.809822,304.229,2.9979,-394.472,-401.87,-399.792,-399.715,311.467,301.255,304.123
0.105221,4.1712,-0.0011827,-2.19238,806.356,38.6304,9.13496,3.55323,-0.590651,-0.806927,302.464,2.99846,-391.896,-399.39,-397.354,-397.292,309.835,299.597,302.379
0.0758402,4.11772,-0.000813,-2.19637,809.355,39.0582,9.34626,3.40953,-0.593894,-0.804543,300.688,2.99889,-389.325,-396.901,-394.921,-394.876,308.207,297.944,300.626
0.043087,4.09145,-0.0006263,-2.19781,812.354,39.2684,9.55385,3.27423,-0.596412,-0.802679,298.903,2.99914,-386.768,-394.419,-392.492,-392.466,306.571,296.274,298.868
0.0071372,4.03983,-0.0002601,-2.19958,815.353,39.6813,9.74728,3.15899,-0.598203,-0.801344,297.111,2.99921,-384.23,-391.951,-390.065,-390.061,304.922,294.58,297.105
-0.0318379,4.01446,-5.88e-05,-2.1999,818.352,39.8843,9.93521,3.03368,-0.599299,-0.800526,295.315,2.99905,-381.705,-389.477,-387.64,-387.659,303.269,292.887,295.341
-0.0734761,3.96458,0.0001648,-2.1996,821.351,40.2834,10.1134,2.88335,-0.599526,-0.800355,293.517,2.99875,-379.196,-386.988,-385.215,-385.259,301.612,291.21,293.576
-0.115176,3.94005,0.0001952,-2.19924,824.35,40.4796,10.2861,2.72629,-0.59858,-0.801063,291.721,2.99842,-376.701,-384.49,-382.789,-382.858,299.961,289.537,291.813
-0.152892,1.95641,0.0002781,-2.1983,827.348,40.8656,10.4627,2.589,-0.596383,-0.8027,289.929,2.99812,-374.214,-381.998,-380.363,-380.454,298.327,287.851,290.052
-0.18256,-12.9578,0.0003149,-2.19771,830.346,40.9612,10.6372,2.4632,-0.59294,-0.805246,288.145,2.99799,-371.736,-379.504,-377.935,-378.043,296.711,286.162,288.292
-0.2,-12.9856,0.0003263,-2.19639,833.344,39.6766,10.7883,2.34498,-0.58826,-0.808671,286.374,2.99821,-369.277,-377.003,-375.506,-375.623,295.098,284.478,286.536
-0.2,-13.1785,1.41e-05,-2.19605,836.343,39.017,10.9171,2.22714,-0.582236,-0.81302,284.618,2.99922,-366.835,-374.488,-373.075,-373.191,293.494,282.807,284.781
-0.174842,-12.9837,-0.0003638,-2.19689,839.342,37.653,11.0133,2.13112,-0.57526,-0.81797,282.881,3.00103,-364.409,-371.97,-370.644,-370.744,291.89,281.138,283.024
-0.122655,-12.9205,6.84e-05,-2.19718,842.343,36.9574,11.0899,2.0768,-0.569011,-0.82233,281.164,3.00225,-361.972,-369.464,-368.212,-368.282,290.284,279.456,281.265
-0.0530327,-12.1468,0.0007615,-2.19544,845.345,35.5541,11.1532,2.05807,-0.564453,-0.825465,279.463,3.0021,-359.513,-366.97,-365.779,-365.808,288.67,277.764,279.507
0.0234931,-11.8082,0.0011132,-2.19357,848.347,34.8646,11.2071,2.04884,-0.561469,-0.827498,277.774,3.00037,-357.035,-364.478,-363.341,-363.328,287.048,276.079,277.755
0.0964275,-11.1383,0.0017704,-2.18779,851.348,33.501,11.252,2.04058,-0.560071,-0.828445,276.093,2.99703,-354.542,-361.987,-360.898,-360.844,285.414,274.402,276.013
0.1553,-11.0099,0.0021913,-2.18383,854.345,32.8298,11.2831,2.02215,-0.560389,-0.82823,274.414,2.99242,-352.039,-359.495,-358.449,-358.362,283.759,272.74,274.286
0.189827,-11.0991,0.0024179,-2.17429,857.337,31.4609,11.3103,1.98886,-0.561867,-0.827227,272.735,2.98862,-349.53,-357.002,-355.991,-355.885,282.091,271.09,272.578
0.2,-11.8924,0.0016974,-2.17018,860.326,30.7477,11.3269,1.95149,-0.562192,-0.827007,271.055,2.9873,-347.045,-354.51,-353.525,-353.413,280.422,269.441,270.889
0.2,-12.0727,0.0012965,-2.16472,863.313,29.1324,11.3038,1.92538,-0.560049,-0.828459,269.378,2.9881,-344.611,-352.019,-351.053,-350.941,278.743,267.783,269.213
0.19917,-11.6934,0.0017831,-2.16164,866.301,28.2921,11.2521,1.91388,-0.555625,-0.831433,267.712,2.99117,-342.211,-349.526,-348.573,-348.462,277.067,266.12,267.546
0.2,-10.4491,0.0031473,-2.15201,869.292,26.6206,11.1609,1.90572,-0.548856,-0.835917,266.06,2.99665,-339.845,-347.016,-346.08,-345.971,275.39,264.467,265.893
0.2,-9.24864,0.0045748,-2.14429,872.289,25.8242,11.0368,1.92809,-0.539743,-0.84183,264.43,3.00474,-337.502,-344.5,-343.567,-343.459,273.721,262.806,264.261
0.186487,-7.37321,0.0094658,-2.11705,875.294,24.4665,10.8883,1.98307,-0.528274,-0.849074,262.826,3.01442,-335.169,-341.969,-341.02,-340.921,272.071,261.142,262.667
0.139904,-6.9835,0.010765,-2.09684,878.308,23.8566,10.6999,2.07943,-0.51089,-0.859646,261.259,3.01797,-332.884,-339.413,-338.422,-338.35,270.457,259.472,261.139
0.0677343,-6.41085,0.0133113,-2.04869,881.326,22.6858,10.4402,2.25957,-0.483713,-0.875226,259.758,3.0143,-330.687,-336.83,-335.77,-335.737,268.895,257.78,259.698
-0.013715,-6.20081,0.0144967,-2.02091,884.34,22.1138,10.0805,2.56649,-0.446108,-0.894979,258.355,3.00725,-328.575,-334.217,-333.066,-333.072,267.377,256.058,258.367
-0.086915,-5.79011,0.0169587,-1.95807,887.348,20.9787,9.60506,3.0238,-0.39735,-0.917667,257.083,3.00296,-326.529,-331.547,-330.311,-330.345,265.897,254.308,257.162
-0.135111,-5.44031,0.0184906,-1.92263,890.351,20.4196,9.01012,3.65617,-0.336858,-0.941556,255.975,3.00964,-324.512,-328.779,-327.502,-327.547,264.458,252.532,256.102
-0.14678,-4.07139,0.0225276,-1.84104,893.36,19.3655,8.28665,4.48591,-0.2645,-0.964386,255.064,3.02886,-322.476,-325.854,-324.629,-324.668,263.055,250.738,255.205
-0.126383,-2.5249,0.0296367,-1.73611,896.389,18.5943,7.42479,5.51361,-0.183857,-0.982953,254.381,3.03443,-320.341,-322.72,-321.683,-321.706,261.679,248.961,254.505
-0.10572,-2.10779,0.0326977,-1.67392,899.423,18.3209,6.45053,6.68646,-0.0969042,-0.995294,253.952,3.02017,-318.068,-319.341,-318.683,-318.693,260.372,247.297,254.057
-0.106683,-1.34601,0.0368199,-1.53455,902.444,17.9004,5.42346,7.8677,-0.0018113,-0.999998,253.8,2.99069,-315.658,-315.682,-315.668,-315.668,259.223,245.932,253.906
-0.131842,-0.93094,0.0385785,-1.4594,905.434,17.7495,4.39891,8.89981,0.102972,-0.994684,253.949,2.95377,-313.123,-311.754,-312.684,-312.67,258.324,245.096,254.08
-0.169199,-0.383251,0.0418833,-1.298,908.388,17.5816,3.52638,9.66973,0.217766,-0.976001,254.423,2.92065,-310.507,-307.633,-309.776,-309.739,257.864,244.985,254.588
-0.2,-0.0841145,0.0426449,-1.21361,911.309,17.538,2.7951,10.2681,0.342566,-0.939494,255.245,2.90822,-307.871,-303.396,-306.982,-306.913,257.871,245.598,255.433
-0.2,-0.0044991,0.0436652,-1.1273,914.217,17.5284,2.21686,10.6934,0.467467,-0.88401,256.436,2.91854,-305.269,-299.234,-304.326,-304.233,258.396,246.983,256.613
-0.179437,0,0.0439415,-0.951724,917.136,17.5279,1.84688,10.9771,0.57902,-0.815313,257.981,2.93479,-302.799,-295.373,-301.833,-301.729,259.486,249.031,258.127
-0.161611,0.202923,0.043281,-0.864679,920.07,17.5279,1.71675,11.1423,0.675465,-0.737392,259.838,2.94722,-300.592,-291.906,-299.542,-299.432,261.104,251.622,259.957
-0.158299,0.379311,0.0424102,-0.693511,923.018,17.5891,1.80165,11.1657,0.758864,-0.651249,261.968,2.95119,-298.738,-288.898,-297.491,-297.371,263.142,254.697,262.072
-0.17377,0.455127,0.0419595,-0.609289,925.969,17.6321,2.07186,11.0196,0.830271,-0.557359,264.332,2.94487,-297.294,-286.425,-295.718,-295.574,265.486,258.19,264.429
-0.2,1.60743,0.0375884,-0.448492,928.914,17.7873,2.52087,10.7419,0.89079,-0.454415,266.888,2.93243,-296.316,-284.502,-294.248,-294.07,268.033,262.006,266.978
-0.2,2.99607,0.0325386,-0.378358,931.846,17.967,3.04506,10.39,0.938721,-0.344676,269.596,2.93993,-295.747,-283.135,-293.076,-292.888,270.645,266.015,269.665
-0.139182,4.05846,0.0270516,-0.259972,934.786,18.6821,3.44067,9.98703,0.969774,-0.244003,272.423,2.97708,-295.36,-282.338,-292.158,-292.023,273.262,269.986,272.457
-0.0446904,4.73247,0.0240047,-0.208976,937.763,19.1113,3.63457,9.60641,0.986382,-0.164468,275.344,3.01962,-295.004,-281.943,-291.463,-291.419,275.941,273.764,275.351
0.0523944,4.9,0.0172152,-0.126143,940.783,20.0954,3.6529,9.40601,0.994359,-0.106067,278.334,3.0521,-294.649,-281.663,-290.964,-291.016,278.722,277.336,278.329
0.12941,4.9,0.0131166,-0.095878,943.835,20.577,3.55477,9.38513,0.997632,-0.0687806,281.37,3.06653,-294.302,-281.392,-290.626,-290.755,281.615,280.725,281.362
0.17809,4.9,0.0041656,-0.0612413,946.901,21.5077,3.38293,9.49219,0.998659,-0.0517698,284.429,3.05971,-293.954,-281.096,-290.398,-290.576,284.604,283.937,284.419
0.2,4.9,-6.84e-05,-0.0571345,949.961,21.9583,3.18976,9.65358,0.998504,-0.0546817,287.485,3.0356,-293.603,-280.779,-290.218,-290.418,287.659,286.957,287.474
0.2,4.9,-0.0082524,-0.0741254,952.997,22.8329,3.01216,9.78036,0.997331,-0.0730103,290.518,3.0076,-293.231,-280.472,-290.027,-290.227,290.738,289.804,290.503
0.195728,4.57891,-0.0111962,-0.093552,956.004,23.2578,2.9075,9.85341,0.994745,-0.102384,293.52,2.97985,-292.858,-280.164,-289.771,-289.965,293.818,292.511,293.5
0.194728,-3.41092,-0.0165474,-0.149183,958.984,23.2606,2.91908,9.83215,0.989723,-0.143,296.485,2.95575,-292.491,-279.87,-289.409,-289.602,296.903,295.079,296.458
0.196804,-2.25441,-0.0191291,-0.184843,961.94,22.9656,3.06894,9.67433,0.980846,-0.194785,299.409,2.94004,-292.114,-279.614,-288.91,-289.103,300.007,297.525,299.371
0.2,-0.752186,-0.0239065,-0.271383,964.88,22.661,3.38521,9.36608,0.966364,-0.257178,302.285,2.93873,-291.71,-279.388,-288.245,-288.439,303.156,299.877,302.234
0.2,-0.337338,-0.0249706,-0.320268,967.819,22.5945,3.9022,8.89598,0.944391,-0.328824,305.109,2.95552,-291.26,-279.174,-287.386,-287.575,306.393,302.184,305.044
0.188836,0,-0.0265106,-0.423554,970.774,22.5645,4.64876,8.23479,0.915551,-0.402203,307.873,2.97486,-290.744,-278.949,-286.315,-286.488,309.743,304.561,307.798
0.177799,0,-0.0265145,-0.476521,973.749,22.5645,5.59485,7.36199,0.881855,-0.47152,310.561,2.98965,-290.115,-278.689,-285.025,-285.181,313.199,307.089,310.477
0.174016,0.0998535,-0.0263083,-0.582195,976.739,22.5688,6.67033,6.3098,0.843439,-0.537225,313.152,2.99923,-289.292,-278.344,-283.519,-283.666,316.736,309.763,313.059
0.1789,0.193491,-0.026104,-0.634548,979.738,22.5776,7.83596,5.17588,0.800233,-0.599689,315.629,3.00372,-288.223,-277.811,-281.809,-281.952,320.329,312.526,315.522
0.189769,0.428013,-0.0255448,-0.737941,982.742,22.6214,8.93314,4.08747,0.752059,-0.659096,317.973,3.00386,-286.771,-276.978,-279.91,-280.052,323.861,315.279,317.848
0.2,0.673809,-0.0249809,-0.788414,985.745,22.6592,9.89553,3.11342,0.698357,-0.71575,320.164,3.00198,-284.887,-275.802,-277.837,-277.976,327.247,317.936,320.021
0.2,0.574653,-0.0249201,-0.888055,988.747,22.7743,10.591,2.34412,0.64027,-0.76815,322.184,3.00191,-282.517,-274.235,-275.608,-275.736,330.32,320.384,322.031
0.193656,0.626051,-0.0247116,-0.937642,991.749,22.8247,10.9586,1.90812,0.580759,-0.814075,324.026,3.00225,-279.712,-272.239,-273.235,-273.347,332.947,322.473,323.869
0.188743,0.979098,-0.023774,-1.03466,994.752,22.9492,11.0132,1.83266,0.520989,-0.853563,325.688,3.00019,-276.569,-269.876,-270.733,-270.831,335.088,324.123,325.527
0.188472,1.15146,-0.0232738,-1.08166,997.752,23.0343,10.8386,2.05794,0.461046,-0.887376,327.167,2.99382,-273.204,-267.258,-268.12,-268.207,336.785,325.341,327
0.193316,1.59926,-0.022014,-1.1724,1000.75,23.2508,10.3568,2.59439,0.401046,-0.916058,328.463,2.98169,-269.648,-264.454,-265.417,-265.495,337.951,326.087,328.286
0.2,1.98543,-0.0210507,-1.21541,1003.73,23.3879,9.56107,3.42899,0.340723,-0.940164,329.574,2.96427,-265.972,-261.546,-262.646,-262.715,338.563,326.35,329.386
0.2,2.7982,-0.018961,-1.2955,1006.69,23.7573,8.58596,4.40387,0.28083,-0.959758,330.499,2.95233,-262.297,-258.649,-259.829,-259.886,338.739,326.272,330.307
0.187479,3.26347,-0.0177842,-1.33223,1009.64,23.9916,7.57915,5.39788,0.22354,-0.974695,331.246,2.9507,-258.712,-255.811,-256.976,-257.018,338.633,325.984,331.063
0.160365,4.00945,-0.0157317,-1.39903,1012.59,24.5617,6.61989,6.32365,0.170054,-0.985435,331.827,2.95686,-255.241,-253.04,-254.088,-254.116,338.351,325.596,331.669
0.119179,4.26897,-0.0149055,-1.42965,1015.55,24.8858,5.75071,7.12704,0.120799,-0.992677,332.257,2.96825,-251.878,-250.323,-251.169,-251.184,337.966,325.182,332.139
0.0675755,4.70668,-0.0134392,-1.48625,1018.52,25.5794,5.00461,7.8118,0.076136,-0.997097,332.548,2.9824,-248.607,-247.631,-248.221,-248.226,337.538,324.759,332.481
0.0108217,4.80277,-0.0127361,-1.51242,1021.5,25.9445,4.39373,8.41608,0.0362074,-0.999344,332.715,2.99718,-245.407,-244.943,-245.247,-245.248,337.106,324.304,332.704
-0.0455482,4.76636,-0.01124,-1.56037,1024.5,26.6728,3.89885,8.95833,0.0010393,-1,332.769,3.01085,-242.256,-242.243,-242.252,-242.252,336.668,323.811,332.815
-0.0966807,4.74862,-0.0104497,-1.58204,1027.51,27.0276,3.48037,9.42461,-0.0294299,-0.999567,332.725,3.02206,-239.142,-239.522,-239.242,-239.244,336.204,323.305,332.822
-0.138991,4.71401,-0.0086967,-1.62036,1030.53,27.7197,3.12275,9.80676,-0.0553125,-0.998469,332.596,3.02977,-236.056,-236.771,-236.221,-236.228,335.714,322.805,332.735
-0.170437,4.69712,-0.0077682,-1.63681,1033.56,28.0575,2.83294,10.0955,-0.0767271,-0.997052,332.395,3.03319,-232.992,-233.984,-233.196,-233.209,335.22,322.33,332.565
-0.190511,4.66411,-0.0057717,-1.66387,1036.6,28.7178,2.59405,10.3165,-0.093833,-0.995588,332.136,3.03171,-229.947,-231.158,-230.172,-230.19,334.719,321.865,332.326
-0.2,4.64797,-0.004802,-1.67444,1039.63,29.0405,2.39142,10.4931,-0.1066,-0.994302,331.831,3.02505,-226.921,-228.295,-227.155,-227.176,334.209,321.398,332.03
-0.2,4.61638,-0.0029552,-1.68969,1042.65,29.6723,2.22659,10.6249,-0.11566,-0.993289,331.495,3.01589,-223.914,-225.401,-224.149,-224.172,333.706,320.941,331.693
-0.195117,4.60092,-0.0024748,-1.69511,1045.67,29.9816,2.11096,10.7305,-0.123294,-0.99237,331.134,3.00786,-220.919,-222.502,-221.155,-221.179,333.229,320.486,331.328
-0.190776,4.57061,-0.0022607,-1.70443,1048.68,30.5879,2.02105,10.8199,-0.130752,-0.991415,330.752,3.00102,-217.933,-219.612,-218.172,-218.197,332.756,320.025,330.942
-0.187868,4.55575,-0.0021771,-1.70887,1051.68,30.8851,1.95625,10.9064,-0.137832,-0.990456,330.35,2.9954,-214.955,-216.728,-215.199,-215.225,332.287,319.547,330.536
-0.186458,4.52659,-0.0020374,-1.71728,1054.67,31.4682,1.89907,10.9665,-0.144577,-0.989494,329.927,2.99095,-211.986,-213.846,-212.234,-212.261,331.806,319.075,330.111
-0.186482,4.51228,-0.0019723,-1.72129,1057.66,31.7544,1.86684,11.0052,-0.150964,-0.988539,329.485,2.98765,-209.022,-210.965,-209.275,-209.304,331.33,318.606,329.669
-0.187758,4.5,-0.0018541,-1.72893,1060.65,32.3167,1.86854,11.0217,-0.15699,-0.9876,329.025,2.98549,-206.059,-208.083,-206.323,-206.353,330.87,318.14,329.21
-0.190005,4.5,-0.0017993,-1.73258,1063.64,32.5938,1.89019,11.0109,-0.162646,-0.986684,328.548,2.98443,-203.099,-205.198,-203.376,-203.407,330.413,317.684,328.735
-0.192851,4.5,-0.0016983,-1.73957,1066.62,33.141,1.92289,10.9754,-0.167926,-0.9858,328.055,2.98446,-200.141,-202.307,-200.432,-200.464,329.95,317.235,328.245
-0.195846,4.5,-0.0016503,-1.74292,1069.6,33.4113,1.94604,10.9311,-0.172828,-0.984952,327.546,2.98555,-197.188,-199.414,-197.491,-197.525,329.463,316.78,327.739
-0.198475,4.5,-0.0015858,-1.74935,1072.59,33.9454,1.94802,10.8702,-0.177342,-0.984149,327.024,2.9877,-194.241,-196.514,-194.551,-194.586,328.941,316.326,327.219
-0.2,4.5,-0.0016087,-1.75254,1075.58,34.2093,1.96977,10.7926,-0.181482,-0.983394,326.488,2.99086,-191.29,-193.606,-191.611,-191.648,328.425,315.874,326.684
-0.198313,4.5,-0.0022202,-1.76018,1078.57,34.7311,2.04116,10.7002,-0.18518,-0.982705,325.939,2.99504,-188.33,-190.69,-188.671,-188.708,327.945,315.424,326.134
-0.18868,4.5,-0.0024122,-1.76481,1081.56,34.9891,2.12221,10.5945,-0.188889,-0.981998,325.379,2.99918,-185.366,-187.768,-185.731,-185.767,327.463,314.976,325.565
-0.16974,4.5,-0.0026004,-1.77484,1084.56,35.4995,2.20711,10.4733,-0.193401,-0.98112,324.807,3.00246,-182.397,-184.849,-182.791,-182.824,326.972,314.531,324.973
-0.142967,4.5,-0.0027081,-1.78015,1087.57,35.7519,2.30057,10.3324,-0.198904,-0.980019,324.218,3.00483,-179.423,-181.936,-179.852,-179.88,326.473,314.092,324.358
-0.109897,4.46856,-0.0029088,-1.79138,1090.57,36.2515,2.41219,10.1745,-0.205352,-0.978688,323.611,3.00635,-176.443,-179.028,-176.916,-176.939,325.972,313.653,323.719
-0.0720981,4.43787,-0.0030089,-1.79729,1093.58,36.497,2.56405,10.0027,-0.212756,-0.977105,322.983,3.00705,-173.454,-176.128,-173.984,-174,325.488,313.209,323.053
-0.031181,4.37772,-0.0032033,-1.80971,1096.58,36.9782,2.74731,9.81368,-0.221111,-0.975249,322.331,3.00702,-170.457,-173.235,-171.058,-171.065,325.01,312.76,322.361
0.0111919,4.34824,-0.0032984,-1.81621,1099.59,37.2141,2.95601,9.6023,-0.230418,-0.973092,321.653,3.00634,-167.455,-170.348,-168.138,-168.136,324.529,312.309,321.642
0.0533009,4.29041,-0.0034823,-1.82976,1102.6,37.6767,3.19729,9.36195,-0.240676,-0.970606,320.945,3.00512,-164.444,-167.467,-165.227,-165.214,324.048,311.858,320.893
0.0933661,4.26205,-0.0035721,-1.83681,1105.6,37.9036,3.46858,9.08724,-0.251879,-0.967759,320.205,3.00349,-161.427,-164.59,-162.324,-162.301,323.561,311.41,320.114
0.129549,4.20638,-0.0037451,-1.85143,1108.61,38.349,3.77549,8.7737,-0.264029,-0.964515,319.43,3.00159,-158.401,-161.714,-159.432,-159.398,323.071,310.967,319.305
0.15996,4.17906,-0.0038351,-1.85901,1111.61,38.5676,4.12807,8.42055,-0.277108,-0.960839,318.617,2.9996,-155.362,-158.84,-156.551,-156.506,322.584,310.527,318.464
0.182664,4.12539,-0.0039991,-1.87462,1114.61,38.9969,4.53452,8.02548,-0.291147,-0.956678,317.765,2.99774,-152.308,-155.965,-153.681,-153.628,322.103,310.087,317.59
0.19575,4.09903,-0.0041673,-1.88278,1117.6,39.2077,5.00566,7.58726,-0.305965,-0.952043,316.869,2.99636,-149.233,-153.086,-150.824,-150.764,321.635,309.646,316.683
0.2,4.04724,-0.004825,-1.90075,1120.6,39.6221,5.52583,7.10223,-0.320867,-0.947124,315.929,2.99543,-146.143,-150.195,-147.98,-147.916,321.162,309.202,315.739
0.2,4.02178,-0.0050503,-1.91062,1123.6,39.8257,6.08243,6.57886,-0.33547,-0.942051,314.945,2.99478,-143.043,-147.29,-145.15,-145.083,320.675,308.747,314.756
0.199162,3.97174,-0.0050884,-1.93099,1126.59,40.2261,6.66814,6.01283,-0.34983,-0.936813,313.917,2.99434,-139.934,-144.371,-142.337,-142.267,320.164,308.285,313.731
0.198479,3.94713,-0.0050392,-1.94111,1129.59,40.423,7.29478,5.39572,-0.363931,-0.931426,312.848,2.99409,-136.812,-141.431,-139.539,-139.467,319.642,307.822,312.663
0.197969,3.89873,-0.0049468,-1.96107,1132.58,40.8102,7.97404,4.7369,-0.377779,-0.925896,311.736,2.99399,-133.671,-138.473,-136.759,-136.684,319.119,307.35,311.553
0.19756,3.87491,-0.0049025,-1.97091,1135.57,41.0007,8.72194,4.05534,-0.391373,-0.920232,310.584,2.99403,-130.504,-135.505,-133.995,-133.918,318.61,306.852,310.402
0.197209,3.82805,-0.0048177,-1.99033,1138.57,41.3756,9.49716,3.35054,-0.404714,-0.914443,309.391,2.99418,-127.325,-132.524,-131.248,-131.168,318.075,306.327,309.21
0.196893,3.80499,-0.0047768,-1.99992,1141.56,41.5601,10.1902,2.64292,-0.417805,-0.908537,308.158,2.99442,-124.179,-129.541,-128.519,-128.437,317.416,305.757,307.979
0.196607,3.75958,-0.0046975,-2.01886,1144.56,41.9234,10.692,2.04738,-0.430646,-0.902521,306.886,2.99473,-121.118,-126.604,-125.807,-125.722,316.536,305.039,306.709
0.196358,3.73723,-0.0046589,-2.02821,1147.55,42.1022,10.9193,1.76547,-0.443241,-0.896403,305.577,2.99507,-118.186,-123.809,-123.113,-123.026,315.365,303.994,305.401
0.196163,3.69319,-0.0045833,-2.04668,1150.55,42.4545,10.7861,1.93935,-0.455592,-0.890189,304.229,2.99544,-115.434,-121.232,-120.438,-120.348,313.831,302.503,304.055
0.196043,3.6715,-0.0045462,-2.0558,1153.54,42.628,10.2737,2.5452,-0.467702,-0.883886,302.845,2.9958,-112.884,-118.879,-117.781,-117.689,311.926,300.596,302.672
0.196017,3.62877,-0.0044727,-2.07382,1156.54,42.9699,9.55276,3.28489,-0.479575,-0.877501,301.425,2.99614,-110.467,-116.624,-115.142,-115.048,309.807,298.542,301.253
0.196106,3.60771,-0.0044362,-2.08273,1159.53,43.1383,8.81244,4.02391,-0.491215,-0.871039,299.969,2.99644,-108.098,-114.403,-112.523,-112.426,307.645,296.464,299.798
0.196322,3.5662,-0.0043633,-2.10031,1162.53,43.4704,8.10801,4.71334,-0.502624,-0.864505,298.479,2.99668,-105.749,-112.193,-109.923,-109.824,305.488,294.404,298.309
0.196669,3.54575,-0.0043269,-2.109,1165.53,43.634,7.45008,5.3944,-0.513807,-0.857906,296.955,2.99683,-103.413,-110.013,-107.342,-107.241,303.346,292.327,296.786
0.197141,3.50541,-0.0042534,-2.12615,1168.52,43.9567,6.83352,6.02565,-0.524768,-0.851245,295.397,2.99689,-101.092,-107.84,-104.781,-104.678,301.214,290.268,295.229
0.197716,3.47973,-0.0042164,-2.13461,1171.52,44.1158,6.25471,6.60102,-0.535511,-0.844528,293.807,2.99683,-98.7852,-105.67,-102.241,-102.135,299.089,288.232,293.64
0.198356,3.42497,-0.0041413,-2.15131,1174.52,44.4287,5.71996,7.1191,-0.546041,-0.837759,292.185,2.99663,-96.4885,-103.499,-99.7201,-99.6118,296.977,286.221,292.019
0.199006,3.39806,-0.0041032,-2.15955,1177.51,44.5825,5.21505,7.59131,-0.556361,-0.830941,290.532,2.99629,-94.2081,-101.333,-97.2202,-97.1095,294.865,284.224,290.366
0.19959,3.34513,-0.0040243,-2.1758,1180.51,44.885,4.75233,8.04143,-0.566477,-0.824078,288.848,2.99578,-91.9359,-99.1833,-94.7411,-94.628,292.764,282.221,288.684
0.2,3.31911,-0.0039804,-2.1838,1183.51,45.0337,4.34313,8.46387,-0.576394,-0.817172,287.135,2.99509,-89.6643,-97.0461,-92.2829,-92.1676,290.684,280.218,286.971
0.2,3.26792,-0.0038129,-2.19942,1186.5,45.3262,3.97251,8.86095,-0.586112,-0.81023,285.393,2.99421,-87.4002,-94.9221,-89.8458,-89.7286,288.611,278.213,285.23
0.198889,3.24274,-0.0036615,-2.20689,1189.5,45.47,3.63324,9.22058,-0.59565,-0.803244,283.622,2.9932,-85.147,-92.8033,-87.4296,-87.3111,286.54,276.215,283.462
0.195328,3.1932,-0.003442,-2.22106,1192.49,45.7531,3.31929,9.53721,-0.604927,-0.796281,281.824,2.99241,-82.9075,-90.6848,-85.0336,-84.9154,284.467,274.229,281.668
0.188767,3.16883,-0.0033594,-2.22786,1195.48,45.8924,3.02693,9.80915,-0.613803,-0.789459,279.999,2.99203,-80.6833,-88.5621,-82.6571,-82.5412,282.388,272.255,279.85
0.179341,3.12086,-0.0031893,-2.24095,1198.47,46.1665,2.76237,10.0499,-0.622247,-0.782821,278.148,2.99198,-78.4687,-86.4411,-80.2991,-80.1875,280.311,270.281,278.008
0.167245,3.09725,-0.003107,-2.24724,1201.47,46.3014,2.54952,10.2539,-0.630275,-0.776372,276.273,2.99223,-76.2468,-84.3164,-77.9591,-77.8537,278.253,268.312,276.143
0.152711,3.05077,-0.0029455,-2.25933,1204.46,46.567,2.37673,10.4311,-0.637889,-0.770128,274.375,2.99272,-74.0227,-82.1927,-75.6362,-75.5388,276.205,266.342,274.257
0.136001,3.02789,-0.002866,-2.26514,1207.45,46.6978,2.23723,10.5753,-0.645099,-0.764099,272.454,2.9934,-71.7989,-80.0642,-73.3298,-73.2421,274.164,264.374,272.35
0.117399,2.98282,-0.002709,-2.27628,1210.44,46.9553,2.11909,10.6901,-0.651909,-0.758297,270.512,2.99425,-69.5813,-77.9318,-71.0393,-70.9628,272.119,262.406,270.423
0.0972044,2.96064,-0.0026311,-2.28162,1213.44,47.0821,2.028,10.7768,-0.658328,-0.752731,268.55,2.99521,-67.3649,-75.7946,-68.764,-68.7,270.076,260.438,268.477
0.0757281,2.91693,-0.002476,-2.29182,1216.43,47.3318,1.97027,10.8343,-0.664362,-0.747411,266.568,2.99624,-65.144,-73.6509,-66.5033,-66.453,268.041,258.471,266.512
0.0532852,2.8954,-0.0023987,-2.2967,1219.43,47.4548,1.92963,10.8608,-0.670018,-0.742345,264.569,2.99732,-62.928,-71.4978,-64.2566,-64.2209,266.002,256.507,264.53
0.030192,2.85299,-0.0022437,-2.30597,1222.43,47.6972,1.90986,10.8652,-0.675302,-0.737541,262.553,2.99841,-60.7132,-69.3403,-62.0233,-62.0029,263.961,254.539,262.53
0.0067628,2.83209,-0.0021661,-2.31038,1225.42,47.8166,1.9129,10.8451,-0.680223,-0.733005,260.52,2.99948,-58.4971,-67.1754,-59.8029,-59.7983,261.923,252.571,260.515
-0.0166934,2.79221,-0.0020101,-2.31873,1228.42,48.0519,1.94016,10.7995,-0.684785,-0.728745,258.473,3.00049,-56.2777,-65.0016,-57.5948,-57.6063,259.887,250.603,258.485
-0.039875,2.77482,-0.0019318,-2.32267,1231.42,48.1679,1.98799,10.7301,-0.688996,-0.724766,256.412,3.00143,-54.0562,-62.8189,-55.3984,-55.4259,257.853,248.635,256.441
-0.0624891,2.74046,-0.001774,-2.33007,1234.43,48.3969,2.05382,10.6503,-0.69286,-0.721072,254.339,3.00227,-51.8334,-60.6356,-53.2131,-53.2564,255.82,246.659,254.384
-0.0842528,2.72351,-0.0016948,-2.33354,1237.43,48.5099,2.13822,10.5632,-0.696384,-0.717669,252.253,3.003,-49.608,-58.4531,-51.0384,-51.0971,253.788,244.673,252.314
-0.104894,2.69003,-0.0015351,-2.33999,1240.43,48.7331,2.23923,10.4866,-0.699572,-0.714562,250.158,3.00358,-47.3805,-56.2832,-48.8736,-48.947,251.758,242.664,250.233
-0.12415,2.6735,-0.0014548,-2.34298,1243.44,48.8433,2.34363,10.403,-0.70243,-0.711753,248.052,3.00402,-45.1592,-54.1128,-46.7182,-46.8054,249.72,240.648,248.141
-0.141769,2.64085,-0.0012933,-2.34847,1246.44,49.061,2.45093,10.3142,-0.704961,-0.709246,245.939,3.00429,-42.9437,-51.9427,-44.5716,-44.6715,247.677,238.623,246.039
-0.15751,2.62473,-0.0012122,-2.35098,1249.44,49.1684,2.5584,10.2086,-0.70717,-0.707044,243.818,3.00438,-40.7353,-49.7637,-42.4331,-42.5445,245.627,236.6,243.929
-0.171138,2.59289,-0.0010493,-2.3555,1252.45,49.3807,2.6862,10.0964,-0.709059,-0.705149,241.691,3.00428,-38.5188,-47.5825,-40.3022,-40.4235,243.585,234.571,241.811
-0.182427,2.57717,-0.0009675,-2.35751,1255.45,49.4855,2.82702,9.96866,-0.710632,-0.703564,239.558,3.00399,-36.2988,-45.3919,-38.1782,-38.3078,241.547,232.545,239.687
-0.191155,2.5461,-0.0008041,-2.36106,1258.46,49.6926,2.97878,9.82187,-0.71189,-0.702291,237.422,3.00351,-34.076,-43.1886,-36.0605,-36.1965,239.514,230.524,237.556
-0.197104,2.53076,-0.0007196,-2.36258,1261.46,49.7949,3.13557,9.66923,-0.712839,-0.701327,235.282,3.00282,-31.8537,-40.9815,-33.9484,-34.0889,237.481,228.501,235.421
-0.2,2.50044,-0.0006272,-2.36525,1264.46,49.9971,3.30067,9.52026,-0.713466,-0.70069,233.141,3.00198,-29.6292,-38.7765,-31.8414,-31.9841,235.454,226.47,233.281
-0.199247,2.48546,-0.0006043,-2.36648,1267.46,50.0969,3.4635,9.37725,-0.713871,-0.700277,230.999,3.00115,-27.4089,-36.5755,-29.7391,-29.8814,233.424,224.432,231.138
-0.194718,2.45586,-0.0005423,-2.36877,1270.47,50.2942,3.63062,9.23464,-0.714234,-0.699907,228.856,3.00039,-25.1873,-34.3761,-27.6413,-27.7804,231.397,222.392,228.992
-0.186782,2.44124,-0.0005177,-2.36983,1273.47,50.3917,3.79528,9.08389,-0.714596,-0.699537,226.712,2.99969,-22.9689,-32.1723,-25.5475,-25.681,229.367,220.358,226.843
-0.175765,2.41233,-0.0004645,-2.37179,1276.47,50.5844,3.96284,8.9251,-0.714949,-0.699177,224.568,2.99904,-20.75,-29.9642,-23.4576,-23.5832,227.339,218.328,224.691
-0.161993,2.39805,-0.0004382,-2.37269,1279.46,50.6797,4.12687,8.76147,-0.715293,-0.698825,222.424,2.99846,-18.5351,-27.754,-21.3711,-21.487,225.308,216.301,222.537
-0.145788,2.36982,-0.0003855,-2.37434,1282.46,50.8679,4.28616,8.59288,-0.715629,-0.69848,220.278,2.99793,-16.3249,-25.5415,-19.2879,-19.3922,223.272,214.276,220.38
-0.127472,2.35586,-0.0003592,-2.37508,1285.46,50.9609,4.43831,8.41691,-0.715957,-0.698144,218.133,2.99746,-14.1211,-23.3249,-17.2075,-17.2988,221.231,212.256,218.222
-0.107368,2.32828,-0.0003065,-2.37641,1288.46,51.1448,4.59146,8.24959,-0.716277,-0.697816,215.986,2.99705,-11.918,-21.1157,-15.1298,-15.2067,219.19,210.229,216.061
-0.0857953,2.31464,-0.0002803,-2.377,1291.46,51.2357,4.74747,8.07378,-0.716588,-0.697496,213.839,2.99669,-9.71391,-18.9015,-13.0544,-13.1159,217.15,208.208,213.899
-0.0630732,2.28768,-0.0002278,-2.37801,1294.45,51.4155,4.91161,7.90175,-0.716892,-0.697184,211.691,2.99639,-7.50516,-16.691,-10.981,-11.0263,215.116,206.182,211.735
-0.0395206,2.27435,-0.0002015,-2.37844,1297.45,51.5043,5.08814,7.73565,-0.717187,-0.696881,209.543,2.99614,-5.28862,-14.4857,-8.90942,-8.93776,213.089,204.152,209.57
-0.0154553,2.248,-0.0001491,-2.37914,1300.44,51.68,5.27801,7.56958,-0.717473,-0.696586,207.394,2.99595,-3.06349,-12.2813,-6.83924,-6.85033,211.07,202.121,207.404
0.0088051,2.23497,-0.0001229,-2.37942,1303.44,51.7669,5.4696,7.40595,-0.717752,-0.696299,205.244,2.99581,-0.838082,-10.0795,-4.77021,-4.76389,209.052,200.087,205.238
0.0329438,2.2092,-7.06e-05,-2.3798,1306.44,51.9386,5.64637,7.23785,-0.718022,-0.69602,203.093,2.99573,1.37582,-7.87533,-2.70205,-2.67839,207.023,198.056,203.07
0.0566444,2.19587,-4.44e-05,-2.37992,1309.43,52.0236,5.80988,7.07111,-0.718284,-0.69575,200.942,2.99571,3.57938,-5.67283,-0.63445,-0.593763,204.984,196.022,200.902
0.0795905,2.16649,7.9e-06,-2.37999,1312.43,52.1915,5.97047,6.89937,-0.718538,-0.695488,198.79,2.99574,5.78007,-3.46739,1.43288,1.49007,202.942,193.991,198.734
0.101466,2.15199,3.4e-05,-2.37995,1315.42,52.2744,6.12515,6.71344,-0.718783,-0.695235,196.637,2.99584,7.97581,-1.25235,3.50022,3.57316,200.895,191.969,196.566
0.121955,2.12333,8.63e-05,-2.37971,1318.42,52.4381,6.27967,6.51816,-0.71902,-0.69499,194.483,2.99598,10.1708,0.968887,5.56788,5.65557,198.848,189.953,194.398
0.140743,2.10918,0.0001124,-2.37951,1321.42,52.519,6.44006,6.31592,-0.719248,-0.694753,192.329,2.99619,12.3694,3.19467,7.63615,7.73738,196.803,187.941,192.231
0.157512,2.08122,0.0001647,-2.37896,1324.41,52.6787,6.60702,6.12866,-0.719469,-0.694525,190.173,2.99645,14.5722,5.40927,9.70532,9.81865,194.762,185.917,190.064
0.171946,2.06742,0.0001908,-2.3786,1327.41,52.7576,6.77325,5.9479,-0.719681,-0.694305,188.017,2.99677,16.774,7.61885,11.7757,11.8994,192.72,183.888,187.898
0.18373,2.04014,0.000243,-2.37773,1330.4,52.9135,6.93177,5.77067,-0.719884,-0.694094,185.86,2.99716,18.9699,9.8256,13.8476,13.9798,190.671,181.855,185.733
0.192547,2.02666,0.0002694,-2.37722,1333.4,52.9905,7.09375,5.60029,-0.72008,-0.693891,183.702,2.9976,21.1679,12.0272,15.9212,16.0598,188.624,179.816,183.569
0.19808,2.00003,0.0003228,-2.37604,1336.4,53.1427,7.25624,5.42722,-0.720266,-0.693698,181.543,2.99811,23.366,14.2306,17.9969,18.1396,186.577,177.779,181.406
0.2,1.98688,0.0003574,-2.37536,1339.4,53.2178,7.42604,5.26018,-0.720449,-0.693508,179.384,2.99868,25.5692,16.4294,20.075,20.2191,184.534,175.736,179.245
0.197953,1.96089,0.0003991,-2.37384,1342.4,53.3664,7.60197,5.08015,-0.720587,-0.693364,177.223,2.99925,27.7764,18.6378,22.1559,22.2985,182.494,173.701,177.086
0.192001,1.94805,0.0004107,-2.37303,1345.4,53.4397,7.7916,4.91321,-0.720612,-0.693338,175.062,2.99977,29.9927,20.8375,24.2397,24.378,180.464,171.655,174.929
0.182504,1.92266,0.0004398,-2.37133,1348.4,53.5848,7.98532,4.75891,-0.720507,-0.693448,172.9,3.00021,32.2115,23.0292,26.3265,26.458,178.438,169.6,172.774
0.169818,1.91012,0.000454,-2.37044,1351.4,53.6564,8.18084,4.60543,-0.720275,-0.693688,170.739,3.00057,34.4312,25.2216,28.4164,28.5387,176.414,167.544,170.621
0.154299,1.88534,0.0004827,-2.36857,1354.4,53.7981,8.36338,4.45437,-0.719916,-0.694061,168.578,3.00086,36.6416,27.4139,30.5096,30.6206,174.383,165.487,168.471
0.136302,1.87309,0.0004971,-2.36759,1357.4,53.8681,8.54616,4.31374,-0.719429,-0.694566,166.419,3.00108,38.8524,29.6006,32.606,32.704,172.355,163.423,166.324
0.116184,1.84887,0.0005259,-2.36554,1360.4,54.0064,8.72138,4.14196,-0.718814,-0.695203,164.261,3.00121,41.0583,31.812,34.7058,34.7893,170.324,161.381,164.18
0.0943012,1.83691,0.0005403,-2.36448,1363.4,54.0748,8.8944,3.98854,-0.71807,-0.695971,162.105,3.00127,43.2635,34.0127,36.809,36.8767,168.295,159.329,162.039
0.0710092,1.81325,0.000569,-2.36226,1366.4,54.21,9.07001,3.82505,-0.717198,-0.696869,159.951,3.00126,45.4717,36.2234,38.9158,38.9667,166.271,157.285,159.901
0.0466663,1.80156,0.0005833,-2.36111,1369.4,54.2768,9.25256,3.65331,-0.716197,-0.697898,157.8,3.00117,47.6862,38.4431,41.0261,41.0596,164.257,155.25,157.767
0.021631,1.77845,0.0006117,-2.35872,1372.4,54.4089,9.43224,3.48153,-0.715066,-0.699057,155.652,3.00101,49.9003,40.6661,43.1402,43.1557,162.246,153.219,155.637
-0.0037366,1.76702,0.0006259,-2.35748,1375.4,54.4742,9.60728,3.31299,-0.713804,-0.700346,153.508,3.00078,52.1131,42.8905,45.258,45.2554,160.237,151.188,153.511
-0.0290751,1.74443,0.000654,-2.35493,1378.4,54.6033,9.77011,3.15461,-0.712411,-0.701763,151.368,3.00049,54.3193,45.1116,47.3797,47.359,158.225,149.155,151.389
-0.0540214,1.73326,0.000668,-2.35361,1381.41,54.6671,9.92261,3.01126,-0.710885,-0.703308,149.233,3.00013,56.5207,47.3262,49.5053,49.4669,156.212,147.115,149.271
-0.0782108,1.71118,0.0006958,-2.35088,1384.41,54.7933,10.0573,2.85703,-0.709226,-0.704981,147.103,2.99973,58.7123,49.5531,51.6349,51.5794,154.193,145.089,147.158
-0.101277,1.70026,0.0007096,-2.34948,1387.41,54.8556,10.1793,2.72705,-0.707433,-0.706781,144.978,2.99927,60.8981,51.7677,53.7686,53.6969,152.172,143.05,145.049
-0.12285,1.67868,0.0007369,-2.34658,1390.4,54.979,10.2898,2.59821,-0.705504,-0.708706,142.859,2.99877,63.0793,53.9867,55.9065,55.8198,150.151,141.017,142.946
-0.142561,1.668,0.0007504,-2.3451,1393.4,55.04,10.3957,2.46689,-0.703439,-0.710756,140.746,2.99824,65.261,56.213,58.0486,57.9483,148.135,138.993,140.847
-0.160037,1.6469,0.0007773,-2.34204,1396.4,55.1606,10.4939,2.35377,-0.701236,-0.71293,138.64,2.99768,67.4416,58.4323,60.1951,60.0828,146.121,136.962,138.754
-0.174903,1.63646,0.0007906,-2.34048,1399.4,55.2202,10.5923,2.24985,-0.698893,-0.715226,136.541,2.9971,69.6267,60.6514,62.346,62.2238,144.117,134.932,136.666
-0.186782,1.61582,0.000817,-2.33727,1402.4,55.3382,10.6771,2.15438,-0.69641,-0.717644,134.45,2.99652,71.8071,62.8711,64.5015,64.3714,142.112,132.903,134.584
-0.195297,1.60561,0.0008305,-2.33562,1405.39,55.3965,10.7453,2.07526,-0.693785,-0.720182,132.366,2.99594,73.9811,65.0863,66.6616,66.5261,140.105,130.872,132.507
-0.2,-2.05851,0.0007651,-2.33236,1408.39,55.5119,10.7993,2.01041,-0.691015,-0.72284,130.291,2.99537,76.1507,67.299,68.8264,68.6882,138.097,128.838,130.436
-0.199899,-11.5561,0.000632,-2.33096,1411.38,55.4377,10.837,1.96396,-0.688106,-0.72561,128.225,2.99484,78.3151,69.5067,70.9956,70.8581,136.089,126.8,128.37
-0.192784,-12.5708,0.0003119,-2.32913,1414.38,54.5775,10.8653,1.93532,-0.685028,-0.728517,126.168,2.99444,80.4791,71.7103,73.1681,73.0361,134.084,124.758,126.309
-0.176144,-12.7066,0.0002669,-2.32855,1417.37,54.1152,10.882,1.91857,-0.681972,-0.731378,124.121,2.99435,82.6437,73.9141,75.3426,75.2225,132.08,122.718,124.25
-0.150129,-12.671,0.0002925,-2.32745,1420.37,53.1696,10.8805,1.9107,-0.679282,-0.733877,122.083,2.99454,84.8076,76.1188,77.5187,77.4167,130.068,120.681,122.193
-0.116645,-12.6596,0.0002986,-2.32686,1423.36,52.6912,10.8765,1.89625,-0.677044,-0.735942,120.052,2.99492,86.9815,78.3338,79.6966,79.6177,128.057,118.657,120.138
-0.077632,-12.6388,0.0003186,-2.32563,1426.36,51.7224,10.8688,1.88826,-0.675244,-0.737595,118.027,2.99546,89.1634,80.5493,81.8767,81.8243,126.044,116.635,118.085
-0.0350349,-12.6304,0.0003281,-2.32498,1429.35,51.2317,10.8529,1.87599,-0.673889,-0.738832,116.007,2.99613,91.3492,82.7714,84.0592,84.0356,124.025,114.621,116.033
0.0091982,-12.6176,0.0003474,-2.32363,1432.35,50.2369,10.835,1.87386,-0.672982,-0.739659,113.989,2.99691,93.5421,84.9892,86.2441,86.2503,122.004,112.603,113.983
0.053119,-12.6129,0.0003568,-2.32293,1435.35,49.7324,10.8227,1.87895,-0.672523,-0.740076,111.974,2.99779,95.746,87.2038,88.4318,88.4675,119.983,110.583,111.934
0.0947815,-12.6105,0.0003749,-2.32146,1438.34,48.7082,10.8215,1.89119,-0.672513,-0.740085,109.958,2.99879,97.9636,89.4141,90.6222,90.686,117.967,108.558,109.888
0.132244,-12.6065,0.0003826,-2.32071,1441.34,48.188,10.8191,1.91157,-0.672951,-0.739687,107.941,2.99992,100.185,91.6183,92.8157,92.9047,115.944,106.527,107.843
0.16357,-12.6127,0.0003994,-2.31914,1444.34,47.1307,10.8126,1.92652,-0.67384,-0.738877,105.921,3.00121,102.409,93.8245,95.0124,95.1226,113.91,104.497,105.8
0.186832,-12.4894,0.000394,-2.31834,1447.34,46.5928,10.7946,1.94159,-0.675158,-0.737673,103.896,3.00268,104.627,96.0277,97.2125,97.3386,111.859,102.464,103.759
0.2,-11.9332,0.000601,-2.31643,1450.35,45.519,10.7766,1.95893,-0.676976,-0.736005,101.866,3.00449,106.847,98.2254,99.4162,99.5516,109.798,100.424,101.719
0.2,-11.6032,0.000774,-2.31505,1453.35,44.992,10.7471,1.96524,-0.678978,-0.734159,99.8288,3.00652,109.058,100.426,101.625,101.76,107.719,98.386,99.6819
0.186094,-10.4637,0.0012095,-2.3112,1456.36,43.9692,10.7149,1.97071,-0.679905,-0.7333,97.7854,3.00785,111.251,102.626,103.84,103.966,105.643,96.3403,97.6489
0.161785,-9.83088,0.0016052,-2.30839,1459.36,43.491,10.6663,1.96225,-0.679057,-0.734085,95.7414,3.00813,113.415,104.84,106.063,106.172,103.571,94.301,95.6226
0.129148,-8.64586,0.0023526,-2.30047,1462.37,42.6061,10.6173,1.95189,-0.676535,-0.736411,93.7025,3.00735,115.566,107.063,108.296,108.383,101.521,92.2651,93.6074
0.0900245,-8.0928,0.0027259,-2.2954,1465.38,42.1986,10.5427,1.94223,-0.67229,-0.740288,91.6745,3.00557,117.69,109.297,110.542,110.603,99.4792,90.2367,91.6079
0.046346,-7.05175,0.0034566,-2.28303,1468.39,41.4506,10.4691,1.94384,-0.666298,-0.745686,89.663,3.0029,119.81,111.54,112.804,112.835,97.4697,88.2135,89.6285
0.000165,-6.56478,0.0038156,-2.27577,1471.39,41.1091,10.3664,1.97142,-0.658512,-0.75257,87.6738,2.99953,121.91,113.785,115.083,115.083,95.4753,86.1902,87.6737
-0.0463237,-5.63367,0.004519,-2.2591,1474.39,40.4892,10.301,2.04147,-0.648876,-0.760894,85.7126,2.99571,124.037,116.028,117.383,117.353,93.5505,84.1593,85.7479
-0.0907864,-5.18488,0.0048652,-2.24973,1477.38,40.2101,10.249,2.15648,-0.637324,-0.770596,83.7851,2.99179,126.179,118.273,119.705,119.647,91.6829,82.1233,83.8551
-0.130781,-4.2927,0.0055548,-2.2289,1480.38,39.7138,10.2103,2.32798,-0.623784,-0.781596,81.8971,2.98819,128.339,120.518,122.052,121.97,89.8774,80.0775,81.9993
-0.163818,-3.83191,0.005902,-2.21745,1483.36,39.4972,10.071,2.55294,-0.608179,-0.7938,80.0542,2.98542,130.451,122.773,124.425,124.326,88.0485,78.0276,80.1842
-0.187462,-2.85143,0.0066248,-2.19244,1486.35,39.1318,9.82882,2.85264,-0.590431,-0.807088,78.2622,2.98407,132.521,125.034,126.829,126.718,86.1949,75.9598,78.4135
-0.199476,-1.84416,0.0070061,-2.17881,1489.33,38.9859,9.46879,3.23492,-0.570468,-0.82132,76.5267,2.98465,134.553,127.306,129.265,129.151,84.3036,73.8698,76.6906
-0.2,-0.78326,0.0082925,-2.14806,1492.32,38.8403,9.0157,3.68606,-0.549222,-0.835677,74.8528,2.98601,136.58,129.604,131.738,131.629,82.3871,71.7725,75.02
-0.196162,-0.764076,0.0084472,-2.13133,1495.3,38.8,8.51147,4.22189,-0.527664,-0.849453,73.2422,2.98743,138.64,131.921,134.252,134.149,80.4723,69.6559,73.4089
-0.191243,-0.78471,0.0084802,-2.09745,1498.29,38.7213,7.91244,4.81654,-0.505796,-0.862653,71.6959,2.98887,140.713,134.275,136.807,136.711,78.5216,67.5409,71.8609
-0.185746,-0.803336,0.0084856,-2.08049,1501.28,38.6807,7.24203,5.48403,-0.483619,-0.875278,70.2148,2.99031,142.815,136.66,139.402,139.312,76.5536,65.4148,70.3774
-0.179824,-0.831664,0.0085036,-2.04654,1504.27,38.5968,6.48916,6.23292,-0.461134,-0.887331,68.8,2.99176,144.944,139.078,142.035,141.952,74.558,63.2694,68.9596
-0.173628,-0.841189,0.0085163,-2.02954,1507.26,38.5537,5.67542,7.07317,-0.43834,-0.898809,67.4524,2.99321,147.116,141.527,144.704,144.628,72.5535,61.095,67.6085
-0.167311,-0.848599,0.0085494,-1.99543,1510.26,38.4661,4.81561,7.98396,-0.415237,-0.909713,66.173,2.99467,149.338,144.023,147.408,147.339,70.5538,58.9099,66.3252
-0.161026,-0.842814,0.00857,-1.97833,1513.25,38.422,3.91431,8.94799,-0.391824,-0.92004,64.9628,2.99615,151.616,146.576,150.145,150.082,68.5641,56.7303,65.111
-0.154933,-0.817781,0.0086199,-1.94398,1516.25,38.3347,3.03019,9.86395,-0.3681,-0.929786,63.8228,2.99765,153.973,149.227,152.914,152.857,66.6402,54.6514,63.9668
-0.149205,-0.796654,0.0086492,-1.92672,1519.24,38.2921,2.31258,10.6128,-0.344064,-0.938946,62.7539,2.99921,156.458,152.011,155.713,155.662,64.9253,52.789,62.894
-0.144031,-0.738919,0.0087188,-1.89201,1522.24,38.2102,1.88354,11.0902,-0.319716,-0.947514,61.7572,3.00082,159.097,154.949,158.541,158.495,63.5418,51.249,61.8936
-0.139626,-0.695943,0.0087581,-1.87455,1525.24,38.1715,1.866,11.2173,-0.295053,-0.955481,60.8335,3.00252,161.904,158.044,161.395,161.354,62.6165,50.1156,60.967
-0.136238,-0.585235,0.0088548,-1.83935,1528.25,38.1012,2.264,10.9392,-0.270084,-0.962837,59.984,3.00401,164.849,161.283,164.274,164.237,62.1639,49.4513,60.1152
-0.134236,-0.534897,0.0089106,-1.8216,1531.25,38.0705,3.01585,10.3105,-0.244833,-0.969565,59.2097,3.00482,167.882,164.619,167.176,167.143,62.1337,49.2129,59.3398
-0.134048,-0.438245,0.0090052,-1.78579,1534.26,38.0169,3.9754,9.31649,-0.219298,-0.975658,58.5115,3.00494,170.941,168.026,170.099,170.069,62.3901,49.4217,58.6422
-0.135924,-0.398114,0.0090484,-1.76775,1537.26,37.9939,4.96172,8.22126,-0.193459,-0.981109,57.8905,3.00439,173.973,171.423,173.039,173.013,62.7585,49.8245,58.0238
-0.13992,-0.31963,0.0091236,-1.73143,1540.27,37.9541,5.8456,7.20758,-0.167297,-0.985907,57.3478,3.00323,176.95,174.766,175.995,175.972,63.111,50.2418,57.4858
-0.145902,-0.28656,0.0091579,-1.71316,1543.27,37.9373,6.68634,6.27544,-0.140795,-0.990039,56.8845,3.00149,179.884,178.059,178.963,178.943,63.5042,50.6716,57.029
-0.153569,-0.219434,0.0092186,-1.67643,1546.27,37.9089,7.46197,5.46984,-0.113936,-0.993488,56.5016,2.99926,182.774,181.3,181.941,181.924,63.915,51.0674,56.6542
-0.162456,-0.189011,0.009247,-1.65798,1549.27,37.8973,8.15158,4.78413,-0.0867052,-0.996234,56.2002,2.99661,185.619,184.497,184.926,184.912,64.3211,51.4341,56.362
-0.171957,-0.12294,0.0092999,-1.62091,1552.27,37.8791,8.76653,4.15811,-0.0590884,-0.998253,55.9813,2.99363,188.423,187.659,187.915,187.905,64.7325,51.8305,56.153
-0.181343,-0.0885995,0.0093263,-1.6023,1555.26,37.8727,9.32411,3.58214,-0.0310744,-0.999517,55.846,2.99042,191.19,190.789,190.906,190.9,65.1656,52.2656,56.0273
-0.189784,-0.0084854,0.0093805,-1.56491,1558.25,37.8653,9.8072,3.08053,-0.0026546,-0.999996,55.7954,2.9871,193.922,193.887,193.896,193.896,65.6026,52.7149,55.9852
-0.196373,-0.007147,0.00941,-1.54614,1561.24,37.8649,10.1962,2.65969,0.026177,-0.999657,55.8305,2.9838,196.621,196.958,196.883,196.888,66.0232,53.1717,56.0268
-0.2,0,0.0093778,-1.50861,1564.22,37.8623,10.4807,2.33975,0.0554209,-0.998463,55.9523,2.98114,199.294,200.005,199.864,199.875,66.417,53.6162,56.152
-0.2,0,0.0094172,-1.48983,1567.2,37.8623,10.6872,2.1198,0.084177,-0.996451,56.1612,2.98023,201.955,203.033,202.838,202.854,66.8104,54.0489,56.3605
-0.199095,0.745499,0.008889,-1.45312,1570.18,37.8797,10.8113,1.99668,0.111521,-0.993762,56.4537,2.98081,204.62,206.048,205.804,205.826,67.1975,54.4694,56.6515
-0.198208,1.1906,0.008561,-1.43569,1573.16,37.919,10.852,1.9403,0.137423,-0.990513,56.8257,2.98253,207.297,209.055,208.761,208.788,67.5747,54.9038,57.022
-0.197269,1.99326,0.0079411,-1.40272,1576.15,38.0658,10.8072,1.95594,0.161867,-0.986812,57.2731,2.9851,209.993,212.059,211.71,211.742,67.9378,55.343,57.4678
-0.196321,2.36713,0.0076411,-1.38715,1579.13,38.1703,10.6303,2.03605,0.184852,-0.982766,57.7918,2.9882,212.721,215.063,214.65,214.686,68.2388,55.7908,57.9847
-0.195552,3.08549,0.0070495,-1.35779,1582.12,38.4363,10.3736,2.17606,0.206384,-0.978471,58.3775,2.99157,215.48,218.07,217.581,217.621,68.5278,56.2483,58.5689
-0.195198,3.43756,0.0067548,-1.34399,1585.11,38.5964,10.0717,2.38002,0.22648,-0.974016,59.0262,2.99493,218.264,221.084,220.501,220.545,68.8363,56.7081,59.2164
-0.195458,4.12887,0.0061559,-1.31819,1588.11,38.969,9.74471,2.63253,0.245162,-0.969482,59.7337,2.99804,221.07,224.105,223.411,223.459,69.1811,57.1816,59.9232
-0.196431,4.10247,0.0058536,-1.30619,1591.1,39.1802,9.43298,2.93847,0.262453,-0.964945,60.4959,3.00069,223.887,227.134,226.311,226.362,69.5982,57.6604,60.6855
-0.198078,4.0506,0.0051974,-1.28405,1594.1,39.5952,9.136,3.31964,0.278393,-0.960467,61.3086,3.00269,226.711,230.178,229.199,229.254,70.0834,58.1202,61.4988
-0.2,4.02511,0.004812,-1.27405,1597.11,39.7991,8.8056,3.77274,0.292981,-0.956118,62.1676,3.00382,229.555,233.24,232.076,232.135,70.5868,58.5604,62.3588
-0.2,3.97499,0.0031885,-1.258,1600.11,40.2001,8.3856,4.28378,0.306359,-0.951916,63.0689,3.00423,232.434,236.315,234.942,235.003,71.0513,58.9911,63.2593
-0.191929,-0.755344,0.0024075,-1.25241,1603.11,40.3972,7.88055,4.83778,0.317814,-0.948153,64.0079,3.00454,235.355,239.397,237.798,237.859,71.4799,59.4209,64.1899
-0.173537,-11.7912,0.0010742,-1.24545,1606.12,39.8286,7.31623,5.40754,0.326069,-0.945346,64.9766,3.00454,238.319,242.468,240.648,240.705,71.8929,59.8646,65.1406
-0.146407,-12.9166,0.0003789,-1.244,1609.12,39.2325,6.73574,5.97022,0.33084,-0.943687,65.9645,3.00384,241.315,245.518,243.495,243.543,72.3209,60.3305,66.1027
-0.112093,-11.1916,-0.0009796,-1.24521,1612.13,37.9372,6.14772,6.53407,0.332216,-0.943203,66.9612,3.00225,244.334,248.547,246.34,246.377,72.7598,60.7983,67.067
-0.0722233,-10.3593,-0.0016554,-1.24784,1615.13,37.343,5.55638,7.0961,0.330178,-0.943919,67.9563,2.9997,247.374,251.552,249.185,249.209,73.201,61.2581,68.0244
-0.028561,-8.84709,-0.0029823,-1.25712,1618.13,36.2602,4.99277,7.65317,0.324714,-0.945812,68.9392,2.99628,250.421,254.527,252.033,252.042,73.6614,61.7007,68.9662
0.0169419,-8.16301,-0.0036367,-1.26373,1621.13,35.7693,4.46916,8.19996,0.31579,-0.948829,69.8995,2.99222,253.469,257.47,254.885,254.88,74.14,62.1191,69.8834
0.0621155,-6.88664,-0.0049223,-1.28084,1624.12,34.8825,3.97666,8.72686,0.303357,-0.952877,70.8267,2.98793,256.519,260.373,257.744,257.725,74.616,62.5111,70.7675
0.104589,-6.28492,-0.0055609,-1.29132,1627.11,34.4857,3.52249,9.21114,0.287365,-0.957821,71.7105,2.98395,259.568,263.228,260.611,260.581,75.0844,62.8879,71.6103
0.141874,-5.06581,-0.0068489,-1.3161,1630.09,33.785,3.13141,9.63542,0.267749,-0.963489,72.5403,2.98103,262.611,266.029,263.487,263.449,75.5573,63.2566,72.4036
0.171538,-4.48061,-0.0075226,-1.33046,1633.07,33.484,2.80901,9.9865,0.244494,-0.969651,73.3056,2.98001,265.647,268.776,266.376,266.334,76.0294,63.6222,73.1393
0.191484,-3.10733,-0.0088764,-1.36315,1636.05,32.9834,2.54935,10.2517,0.217464,-0.976069,73.996,2.98202,268.684,271.467,269.28,269.238,76.4844,63.9897,73.8091
0.2,-2.60687,-0.0096632,-1.38168,1639.03,32.7946,2.36105,10.4163,0.18715,-0.982331,74.6012,2.98648,271.722,274.113,272.201,272.164,76.9205,64.3689,74.4047
0.2,-2.2813,-0.0105987,-1.42249,1642.02,32.4936,2.25905,10.4844,0.155527,-0.987832,75.114,2.99059,274.761,276.743,275.144,275.113,77.3456,64.7572,74.9164
0.19738,-2.26345,-0.010718,-1.44379,1645.01,32.353,2.24302,10.4647,0.123665,-0.992324,75.5325,2.99381,277.803,279.374,278.104,278.08,77.7583,65.1481,75.3366
0.194039,-2.24705,-0.0109356,-1.48708,1648,32.0729,2.32737,10.3587,0.0913713,-0.995817,75.8551,2.99623,280.85,282.009,281.08,281.063,78.1728,65.5397,75.6619
0.190654,-2.24689,-0.0110356,-1.50903,1651,31.9326,2.53463,10.1644,0.0586593,-0.998278,76.0805,2.99792,283.908,284.653,284.068,284.057,78.6107,65.9336,75.8901
0.187563,-2.25401,-0.0112264,-1.55352,1654,31.6499,2.85311,9.87472,0.0254931,-0.999675,76.207,2.99901,286.985,287.31,287.063,287.058,79.0592,66.3355,76.0195
0.184867,-2.25984,-0.0113223,-1.57606,1657,31.5072,3.25841,9.49394,-0.0081447,-0.999967,76.2332,2.99964,290.09,289.986,290.061,290.063,79.4915,66.7396,76.0483
0.182465,-2.27674,-0.0115154,-1.62169,1660,31.2186,3.74556,9.01989,-0.0422699,-0.999106,76.1575,2.99996,293.226,292.687,293.06,293.068,79.8997,67.1457,75.9752
0.180116,-2.28308,-0.0116176,-1.64481,1663,31.0725,4.3226,8.45238,-0.0768907,-0.997039,75.9785,3.00016,296.401,295.419,296.055,296.069,80.2883,67.5512,75.799
0.177495,-2.27453,-0.0118418,-1.69168,1666,30.7774,4.97602,7.8074,-0.112007,-0.993707,75.6947,3.00043,299.619,298.187,299.042,299.061,80.6394,67.9364,75.5183
0.17427,-2.25068,-0.0119654,-1.71547,1669,30.6294,5.67935,7.11097,-0.147612,-0.989045,75.3045,3.001,302.881,300.993,302.017,302.043,80.9217,68.2714,75.1322
0.170179,-2.17863,-0.0122589,-1.76387,1672,30.3364,6.37033,6.41127,-0.183681,-0.982986,74.8065,3.0021,306.178,303.831,304.977,305.008,81.0684,68.5043,74.6392
0.165138,-2.08245,-0.0124194,-1.78853,1675,30.1925,6.99849,5.74655,-0.220201,-0.975455,74.1991,3.00383,309.496,306.689,307.918,307.954,81.0258,68.5936,74.038
0.159391,-1.85484,-0.0128733,-1.83906,1678,29.9228,7.52934,5.15472,-0.257029,-0.966404,73.4809,3.00482,312.813,309.552,310.836,310.877,80.7573,68.4994,73.3269
0.154275,-1.76385,-0.0131145,-1.86503,1681.01,29.7987,8.01336,4.61765,-0.293995,-0.955807,72.6514,3.00415,316.127,312.414,313.726,313.771,80.3106,68.2378,72.5039
0.151267,-1.58885,-0.0135273,-1.91829,1684.01,29.5672,8.45794,4.12672,-0.331098,-0.943596,71.7106,3.00195,319.431,315.264,316.58,316.631,79.6915,67.8167,71.5679
0.151165,-1.51684,-0.0137246,-1.94552,1687.01,29.4596,8.87627,3.71172,-0.368375,-0.929677,70.6587,2.99845,322.718,318.081,319.393,319.448,78.9108,67.208,70.5182
0.154125,-1.36382,-0.0140871,-2.00111,1690.01,29.2583,9.26365,3.37912,-0.405837,-0.913945,69.4956,2.99396,325.978,320.847,322.156,322.219,77.9621,66.4073,69.3548
0.159775,-1.28582,-0.0142679,-2.02944,1693.01,29.165,9.60692,3.07446,-0.443477,-0.896286,68.2215,2.98879,329.195,323.571,324.864,324.935,76.8321,65.4659,68.0783
0.167334,-1.09427,-0.014636,-2.0872,1696,28.9944,9.87276,2.81247,-0.481266,-0.876574,66.8364,2.98337,332.342,326.237,327.51,327.591,75.4906,64.3711,66.6897
0.175767,-0.968472,-0.014834,-2.11664,1698.98,28.9189,10.054,2.60524,-0.519152,-0.854682,65.3404,2.97813,335.4,328.828,330.089,330.18,73.9334,63.1137,65.1902
0.183976,-0.63928,-0.0152954,-2.17683,1701.96,28.7952,10.2093,2.45635,-0.557051,-0.830479,63.7335,2.9736,338.384,331.329,332.595,332.697,72.2121,61.6936,63.5807
0.191021,-0.387877,-0.0155584,-2.20765,1704.93,28.7508,10.3827,2.32974,-0.594855,-0.803833,62.0158,2.9703,341.311,333.749,335.021,335.135,70.3618,60.1431,61.8623
0.196395,0,-0.0161736,-2.27115,1707.9,28.7122,10.5183,2.19403,-0.632399,-0.774643,60.1874,2.96878,344.139,336.099,337.363,337.487,68.3354,58.4879,60.0353
0.2,0,-0.0163757,-2.30368,1710.87,28.7122,10.5908,2.0685,-0.669575,-0.742744,58.2484,2.96976,346.839,338.362,339.614,339.747,66.1147,56.712,58.0998
0.2,0.229183,-0.016088,-2.36853,1713.84,28.7209,10.6057,1.96604,-0.705866,-0.708345,56.1988,2.97359,349.396,340.522,341.769,341.91,63.7112,54.8061,56.0571
0.194427,0.284927,-0.0160026,-2.40061,1716.81,28.7369,10.6109,1.91467,-0.739951,-0.672661,54.0413,2.97908,351.822,342.553,343.826,343.97,61.1789,52.7534,53.9106
0.185803,0.577045,-0.0155937,-2.46371,1719.79,28.7876,10.627,1.93202,-0.771253,-0.636528,51.7828,2.98524,354.122,344.436,345.783,345.926,58.5472,50.553,51.6646
0.176058,0.675739,-0.0154317,-2.49472,1722.78,28.8277,10.61,2.00235,-0.800006,-0.599993,49.4303,2.99147,356.265,346.175,347.636,347.777,55.7962,48.2289,49.3247
0.167032,0.858381,-0.0151067,-2.55574,1725.77,28.9278,10.5317,2.11285,-0.826326,-0.563192,46.9908,2.99722,358.224,347.776,349.383,349.521,52.9222,45.8009,46.8968
0.160391,0.934659,-0.0149543,-2.58579,1728.77,28.9871,10.4174,2.24907,-0.850364,-0.526195,44.4715,3.002,360.017,349.245,351.022,351.158,49.9531,43.2881,44.3871
0.157411,1.11518,-0.0146032,-2.64486,1731.77,29.1219,10.2674,2.41103,-0.872259,-0.489045,41.8794,3.00543,361.641,350.582,352.548,352.685,46.9007,40.7003,41.8025
0.158795,1.20183,-0.0144252,-2.67387,1734.77,29.1984,10.0929,2.60314,-0.89214,-0.451758,39.2217,3.00717,363.106,351.78,353.961,354.102,43.7812,38.0457,39.1499
0.164533,1.43252,-0.0139895,-2.73068,1737.78,29.3702,9.88917,2.83396,-0.910129,-0.414326,36.5053,3.007,364.408,352.828,355.258,355.407,40.6027,35.3311,36.4372
0.173788,1.55156,-0.0137601,-2.7584,1740.79,29.4676,9.62274,3.12152,-0.926328,-0.376717,33.7374,3.00474,365.513,353.708,356.439,356.6,37.3625,32.5615,33.672
0.184811,1.8661,-0.0131999,-2.81231,1743.79,29.6877,9.29405,3.47472,-0.940828,-0.338884,30.9251,3.0003,366.421,354.408,357.503,357.677,34.0747,29.7476,30.8625
0.194881,2.03419,-0.0129001,-2.83838,1746.79,29.8131,8.90022,3.88484,-0.953699,-0.300764,28.0754,2.99368,367.128,354.934,358.454,358.639,30.7523,26.907,28.0168
0.2,2.6387,-0.0119837,-2.8881,1749.79,30.1055,8.44371,4.36375,-0.964992,-0.26228,25.1954,2.98633,367.633,355.274,359.292,359.485,27.41,24.0509,25.143
0.195334,2.93089,-0.0115271,-2.91159,1752.77,30.2802,7.93133,4.92144,-0.974492,-0.224421,22.2915,2.98235,367.942,355.417,360.022,360.213,24.0714,21.187,22.2476
0.180004,3.50585,-0.0106148,-2.95579,1755.76,30.6843,7.35601,5.53758,-0.9821,-0.188362,19.3666,2.98184,368.054,355.391,360.652,360.829,20.7522,18.3236,19.3327
0.154439,3.74603,-0.0102078,-2.9766,1758.74,30.9118,6.71601,6.1684,-0.988028,-0.154273,16.4233,2.98395,367.976,355.246,361.188,361.341,17.4594,15.4717,16.3995
0.119996,3.93907,-0.0098514,-2.99664,1761.72,31.1531,6.04938,6.78782,-0.992496,-0.122276,13.4639,2.98784,367.757,355.016,361.634,361.753,14.2035,12.6339,13.4492
0.0788002,4.29903,-0.0091758,-3.03465,1764.71,31.6661,5.40802,7.3799,-0.995717,-0.0924533,10.4906,2.99273,367.459,354.725,361.995,362.074,10.9906,9.80834,10.4833
0.033402,4.46748,-0.008856,-3.05267,1767.7,31.9363,4.82395,7.9359,-0.997895,-0.0648528,7.506,2.99792,367.122,354.389,362.275,362.309,7.81885,6.99134,7.50384
-0.0134949,4.5,-0.0082187,-3.08679,1770.7,32.4926,4.29895,8.44454,-0.99922,-0.039494,4.51232,3.00277,366.76,354.027,362.478,362.464,4.68211,4.17881,4.51286
-0.0592424,4.5,-0.0078903,-3.10289,1773.7,32.7683,3.83136,8.88353,-0.999866,-0.0163757,1.51196,3.00677,366.379,353.665,362.607,362.548,1.5747,1.36648,1.51293
-0.101398,4.5,-0.0072184,-3.13309,1776.71,33.3127,3.43341,9.26118,-0.99999,0.0045195,-1.49273,3.00946,365.998,353.304,362.666,362.565,-1.50825,-1.45088,-1.49319
-0.137824,4.5,-0.0068629,3.13602,1779.72,33.5816,3.09446,9.57616,-0.99973,0.0232137,-4.49939,3.01047,365.616,352.949,362.661,362.523,-4.57122,-4.27709,-4.50259
-0.166736,4.5,-0.0061237,3.11005,1782.73,34.113,2.81393,9.81655,-0.99921,0.0397511,-7.50565,3.00948,365.239,352.619,362.594,362.428,-7.6175,-7.11543,-7.51228
-0.186711,4.5,-0.0053125,3.08707,1785.74,34.6362,2.59837,10.0135,-0.998535,0.054115,-10.5091,3.00649,364.88,352.287,362.472,362.286,-10.6498,-9.96726,-10.5192
-0.196933,4.5,-0.0047734,3.07699,1788.75,34.8949,2.43128,10.1916,-0.997776,0.0666566,-13.5077,3.0032,364.53,351.935,362.301,362.104,-13.6697,-12.8283,-13.5208
-0.2,4.5,-0.0036811,3.0602,1791.75,35.4066,2.30367,10.345,-0.996957,0.0779483,-16.5007,3.00061,364.184,351.573,362.086,361.887,-16.6803,-15.6944,-16.5163
-0.2,4.5,-0.0032532,3.05328,1794.75,35.6597,2.1963,10.462,-0.99611,0.088118,-19.4889,2.99864,363.825,351.216,361.837,361.638,-19.6824,-18.567,-19.5065
-0.199357,4.47992,-0.0026804,3.04144,1797.75,36.1606,2.1108,10.5536,-0.995272,0.0971282,-22.4728,2.9972,363.461,350.856,361.558,361.36,-22.6778,-21.4478,-22.4922
-0.198819,4.44907,-0.0024191,3.03635,1800.75,36.4074,2.05137,10.6159,-0.994474,0.104984,-25.4531,2.99622,363.097,350.499,361.254,361.057,-25.6684,-24.3386,-25.474
-0.198511,4.38863,-0.0019021,3.02771,1803.74,36.891,2.00846,10.6483,-0.993744,0.11168,-28.4303,2.99561,362.728,350.15,360.929,360.732,-28.6546,-27.2411,-28.4525
-0.198449,4.359,-0.0016448,3.02417,1806.74,37.128,1.98769,10.6624,-0.993106,0.117218,-31.4051,2.99531,362.363,349.8,360.586,360.389,-31.6381,-30.1553,-31.4284
-0.198611,4.3009,-0.0011321,3.01862,1809.73,37.5928,1.98368,10.6613,-0.99258,0.121596,-34.3781,2.99527,362,349.449,360.228,360.031,-34.6193,-33.0817,-34.4022
-0.198961,4.27241,-0.0008759,3.01661,1812.73,37.8207,1.98848,10.6555,-0.99218,0.124817,-37.3498,2.99544,361.635,349.09,359.859,359.662,-37.598,-36.0198,-37.3747
-0.199453,4.21648,-0.0003731,3.01413,1815.72,38.2681,2.00787,10.6413,-0.991918,0.12688,-40.321,2.99581,361.276,348.729,359.483,359.285,-40.5758,-38.9708,-40.3463
-0.2,4.18904,-0.000137,3.01362,1818.72,38.4877,2.0438,10.6209,-0.991802,0.127788,-43.2922,2.99634,360.93,348.369,359.101,358.903,-43.5534,-41.935,-43.3178
-0.2,4.13513,-9.83e-05,3.01336,1821.72,38.9189,2.08563,10.6192,-0.991833,0.12754,-46.264,2.99705,360.589,347.988,358.718,358.52,-46.5301,-44.9097,-46.2896
-0.196849,4.10866,-0.0002917,3.01297,1824.71,39.1307,2.11886,10.6279,-0.992012,0.126139,-49.2371,2.99804,360.242,347.597,358.335,358.14,-49.5044,-47.8965,-49.262
-0.18631,4.05664,-0.0002021,3.01198,1827.71,39.5469,2.12827,10.6333,-0.992249,0.124267,-52.2119,2.9991,359.876,347.213,357.949,357.764,-52.4764,-50.8906,-52.2351
-0.168402,4.03108,-0.0001571,3.01162,1830.71,39.7513,2.12691,10.6208,-0.992456,0.122601,-55.1883,3.00002,359.505,346.853,357.561,357.394,-55.4491,-53.8862,-55.209
-0.144351,3.98083,-6.73e-05,3.01118,1833.71,40.1534,2.11975,10.6169,-0.992636,0.121139,-58.1661,3.00078,359.133,346.49,357.172,357.029,-58.4229,-56.88,-58.1836
-0.11538,3.95612,-2.26e-05,3.01109,1836.71,40.351,2.12133,10.6279,-0.992788,0.119882,-61.1451,3.00137,358.773,346.116,356.782,356.667,-61.3994,-59.871,-61.1589
-0.082713,3.90752,6.63e-05,3.01117,1839.71,40.7398,2.12979,10.6486,-0.992915,0.118829,-64.1249,3.00178,358.424,345.736,356.391,356.309,-64.378,-62.8596,-64.1348
-0.0475701,3.88361,0.0001107,3.01135,1842.71,40.9311,2.14312,10.6927,-0.993016,0.11798,-67.1055,3.002,358.082,345.335,356.001,355.953,-67.3583,-65.8439,-67.1111
-0.0111707,3.83657,0.0001991,3.01197,1845.72,41.3075,2.15967,10.7431,-0.993092,0.117336,-70.0864,3.00203,357.745,344.931,355.611,355.6,-70.3398,-68.8259,-70.0877
0.0252669,3.81342,0.0002433,3.01241,1848.72,41.4927,2.14669,10.7823,-0.993144,0.116895,-73.0676,3.00187,357.381,344.54,355.224,355.249,-73.3185,-71.8072,-73.0646
0.0605259,3.76784,0.0003317,3.01356,1851.72,41.8573,2.1188,10.8192,-0.993172,0.116659,-76.0487,3.00151,357.003,344.153,354.838,354.898,-76.2959,-74.7865,-76.0416
0.0933899,3.7454,0.0003764,3.01427,1854.72,42.0368,2.08712,10.8509,-0.993176,0.116627,-79.0295,3.00096,356.621,343.771,354.456,354.548,-79.2729,-77.764,-79.0186
0.122643,3.7012,0.0004656,3.01594,1857.72,42.3904,2.06006,10.8752,-0.993156,0.116796,-82.0099,3.00022,356.244,343.397,354.076,354.198,-82.2505,-80.7397,-81.9955
0.147071,3.67943,0.0005166,3.01693,1860.72,42.5646,2.02632,10.8817,-0.993111,0.11718,-84.9894,2.99935,355.86,343.04,353.701,353.847,-85.2269,-83.7143,-84.9722
0.165542,3.63654,0.0005102,3.019,1863.72,42.9077,1.9911,10.8676,-0.993051,0.117687,-87.9681,2.9985,355.472,342.703,353.331,353.495,-88.2024,-86.6891,-87.9486
0.177882,3.61541,0.0004887,3.02,1866.72,43.0768,1.95786,10.8366,-0.992995,0.118155,-90.9457,2.99778,355.086,342.381,352.965,353.141,-91.177,-89.6653,-90.9247
0.184531,3.57375,0.0004559,3.02188,1869.72,43.41,1.93605,10.7877,-0.992949,0.118544,-93.9225,2.99716,354.709,342.075,352.603,352.787,-94.152,-92.6436,-93.9006
0.185942,3.55323,0.0004383,3.02278,1872.71,43.5742,1.92759,10.7325,-0.992911,0.118864,-96.8985,2.99666,354.345,341.774,352.246,352.431,-97.1276,-95.6228,-96.8764
0.182563,3.51275,0.000404,3.02446,1875.71,43.898,1.9255,10.6787,-0.992881,0.119112,-99.8739,2.99625,353.986,341.471,351.893,352.074,-100.103,-98.6019,-99.8522
0.174845,3.48991,0.0003866,3.02525,1878.71,44.0576,1.92446,10.6269,-0.99286,0.119288,-102.849,2.99594,353.628,341.166,351.543,351.717,-103.078,-101.581,-102.828
0.163238,3.43492,0.0003521,3.02673,1881.7,44.3719,1.93126,10.5649,-0.992847,0.119392,-105.823,2.99573,353.277,340.87,351.197,351.359,-106.054,-104.562,-105.804
0.148192,3.40789,0.0003347,3.02741,1884.7,44.5263,1.94843,10.4718,-0.992843,0.119425,-108.798,2.99561,352.936,340.605,350.855,351.002,-109.03,-107.547,-108.78
0.130155,3.35475,0.0003001,3.02868,1887.69,44.83,1.96943,10.3395,-0.992848,0.119386,-111.772,2.99559,352.599,340.378,350.515,350.644,-112.007,-110.537,-111.756
0.109578,3.32862,0.0002828,3.02927,1890.69,44.9793,1.99825,10.1706,-0.992861,0.119275,-114.746,2.99565,352.271,340.189,350.178,350.287,-114.984,-113.533,-114.733
0.0869078,3.27722,0.0002482,3.03033,1893.69,45.273,2.01986,9.96356,-0.992883,0.119092,-117.72,2.99581,351.935,340.037,349.843,349.929,-117.961,-116.533,-117.71
0.0625931,3.25194,0.0002309,3.03081,1896.68,45.4175,2.03554,9.72091,-0.992914,0.118838,-120.694,2.99605,351.594,339.921,349.511,349.573,-120.936,-119.539,-120.687
0.0370815,3.20221,0.0001965,3.03166,1899.68,45.7017,2.03591,9.45098,-0.992953,0.118512,-123.669,2.99639,351.239,339.833,349.181,349.218,-123.91,-122.549,-123.665
0.01082,3.17774,0.0001792,3.03203,1902.67,45.8415,2.01882,9.16082,-0.993,0.118115,-126.644,2.99681,350.868,339.766,348.852,348.863,-126.883,-125.562,-126.643
-0.0157448,-13.1968,0.0001449,3.03268,1905.67,45.7376,2.00898,8.84567,-0.993056,0.117646,-129.62,2.99732,350.505,339.726,348.525,348.51,-129.857,-128.58,-129.622
-0.042167,-13.2394,0.0001278,3.03296,1908.67,45.1573,2.00732,8.51388,-0.99312,0.117105,-132.597,2.99791,350.151,339.703,348.2,348.158,-132.832,-131.6,-132.602
-0.0680012,-13.3188,9.37e-05,3.0334,1911.67,43.968,2.0054,8.18058,-0.993192,0.116493,-135.574,2.9986,349.8,339.683,347.875,347.808,-135.808,-134.621,-135.582
-0.0928028,-13.3558,7.67e-05,3.03357,1914.66,43.3583,1.99529,7.86453,-0.993271,0.11581,-138.552,2.99938,349.441,339.648,347.552,347.459,-138.783,-137.641,-138.563
-0.116128,-13.4239,4.29e-05,3.03381,1917.66,42.1074,1.97584,7.5947,-0.993359,0.115056,-141.532,3.00025,349.076,339.569,347.229,347.113,-141.759,-140.658,-141.545
-0.137533,-13.4552,2.61e-05,3.03388,1920.66,41.4654,1.96089,7.41169,-0.993454,0.11423,-144.512,3.00122,348.717,339.406,346.906,346.769,-144.736,-143.665,-144.528
-0.156576,-13.4625,-7.4e-06,3.03391,1923.67,40.1459,1.94207,7.32819,-0.993557,0.113334,-147.494,3.00228,348.357,339.147,346.583,346.428,-147.714,-146.663,-147.512
-0.172815,-13.439,-2.41e-05,3.03388,1926.67,39.47,1.9172,7.35852,-0.993667,0.112366,-150.477,3.00345,347.994,338.777,346.261,346.089,-150.693,-149.65,-150.497
-0.18581,-13.397,-5.71e-05,3.03372,1929.67,38.0859,1.88069,7.48031,-0.993784,0.111328,-153.462,3.00472,347.622,338.319,345.938,345.753,-153.671,-152.629,-153.483
-0.19512,-13.2026,-7.37e-05,3.03359,1932.68,37.3763,1.83905,7.62306,-0.993907,0.110219,-156.448,3.0061,347.248,337.843,345.614,345.42,-156.651,-155.608,-156.47
-0.2,-12.8874,-0.0003629,3.03271,1935.68,35.9461,1.8177,7.7762,-0.994037,0.109041,-159.436,3.00765,346.897,337.361,345.289,345.09,-159.635,-158.589,-159.458
-0.2,-12.2186,-0.0004938,3.03185,1938.69,35.2223,1.80794,7.92878,-0.994014,0.10925,-162.426,3.00848,346.56,336.882,344.962,344.763,-162.624,-161.56,-162.448
-0.199353,-10.8708,-0.0017091,3.02754,1941.7,33.8473,1.80029,8.0485,-0.993675,0.112297,-165.416,3.00809,346.219,336.433,344.628,344.43,-165.618,-164.512,-165.438
-0.199381,-10.2623,-0.0023854,3.02345,1944.71,33.1992,1.80983,8.14808,-0.992992,0.118183,-168.403,3.00662,345.882,335.994,344.283,344.085,-168.616,-167.44,-168.426
-0.199701,-9.19777,-0.0037112,3.01125,1947.71,31.9745,1.82524,8.23349,-0.991914,0.126913,-171.385,3.00426,345.528,335.55,343.915,343.717,-171.617,-170.34,-171.41
-0.199936,-8.74183,-0.0043651,3.00318,1950.72,31.3944,1.83516,8.28738,-0.990364,0.138491,-174.36,3.00126,345.137,335.112,343.517,343.319,-174.614,-173.213,-174.388
-0.199957,-7.94656,-0.0056408,2.98318,1953.72,30.2884,1.87524,8.31006,-0.988238,0.152921,-177.327,2.99796,344.736,334.671,343.081,342.883,-177.614,-176.056,-177.357
-0.19989,-7.57406,-0.0062707,2.97128,1956.72,29.7594,1.9773,8.30457,-0.98541,0.1702,-180.282,2.9948,344.349,334.217,342.597,342.4,-180.618,-178.869,-180.316
-0.2,-6.72095,-0.0076582,2.94355,1959.71,28.7523,2.15045,8.26101,-0.981724,0.19031,-183.224,2.99226,343.973,333.752,342.058,341.862,-183.633,-181.652,-183.262
-0.2,-6.20755,-0.0084756,2.92743,1962.7,28.2812,2.38916,8.18766,-0.977005,0.213218,-186.15,2.99088,343.594,333.26,341.455,341.26,-186.659,-184.404,-186.193
-0.197853,-5.19636,-0.0103692,2.88981,1965.69,27.4268,2.70572,8.08134,-0.971055,0.238857,-189.058,2.99124,343.213,332.738,340.778,340.586,-189.705,-187.128,-189.106
-0.189907,-4.62154,-0.0113521,2.8681,1968.69,27.0455,3.10611,7.93338,-0.963656,0.267146,-191.947,2.99389,342.824,332.186,340.014,339.831,-192.777,-189.827,-191.998
-0.17136,-3.60069,-0.0135021,2.81837,1971.68,26.3936,3.60987,7.73059,-0.954603,0.297881,-194.813,2.99942,342.433,331.608,339.151,338.987,-195.888,-192.51,-194.864
-0.136175,-3.39823,-0.0145102,2.79037,1974.68,26.1196,4.21515,7.46879,-0.943576,0.331157,-197.655,3.00431,342.024,330.999,338.175,338.046,-199.051,-195.182,-197.7
-0.0819401,-3.01713,-0.0157014,2.72995,1977.68,25.6095,4.95192,7.13038,-0.929817,0.368022,-200.466,3.00301,341.603,330.369,337.075,336.999,-202.288,-197.841,-200.496
-0.0145322,-2.89652,-0.0162831,2.698,1980.69,25.373,5.8231,6.70997,-0.912482,0.409118,-203.23,2.99672,341.148,329.711,335.847,335.834,-205.612,-200.485,-203.236
0.0574631,-2.63555,-0.0172818,2.63092,1983.68,24.923,6.88179,6.2061,-0.89089,0.454219,-205.934,2.98799,340.672,329.012,334.49,334.541,-209.059,-203.115,-205.907
0.123903,-2.43512,-0.0177924,2.59589,1986.67,24.7108,8.01262,5.58228,-0.864241,0.503078,-208.561,2.98014,340.035,328.286,333.003,333.11,-212.592,-205.753,-208.499
0.174382,-1.84479,-0.0191403,2.52225,1989.65,24.3359,8.98696,4.90238,-0.831724,0.555189,-211.097,2.97719,339.004,327.452,331.384,331.529,-216.087,-208.375,-211
0.2,-0.834883,-0.0199281,2.48319,1992.63,24.184,9.64802,4.26699,-0.792576,0.609773,-213.527,2.98225,337.435,326.406,329.63,329.788,-219.41,-210.925,-213.405
0.2,0,-0.022896,2.39652,1995.61,24.0979,10.0157,3.75454,-0.748396,0.663253,-215.836,2.98923,335.376,325.07,327.73,327.88,-222.479,-213.346,-215.704
0.193708,0,-0.0232474,2.35041,1998.6,24.0979,10.3744,3.31181,-0.701275,0.712891,-218.013,2.99417,333.088,323.49,325.677,325.813,-225.409,-215.652,-217.875
0.190577,0.0591539,-0.0231401,2.25769,2001.59,24.1007,10.7407,2.91721,-0.651222,0.758887,-220.048,2.99656,330.594,321.699,323.475,323.599,-228.199,-217.834,-219.903
0.191803,0.0755792,-0.0231025,2.2115,2004.59,24.1056,10.9634,2.5664,-0.598161,0.801376,-221.929,2.99646,327.808,319.715,321.136,321.25,-230.714,-219.872,-221.775
0.196018,0.172296,-0.0229055,2.11948,2007.59,24.1217,11.1334,2.28922,-0.541949,0.840411,-223.645,2.99429,324.813,317.538,318.673,318.779,-233.002,-221.721,-223.48
0.2,0.247941,-0.0227485,2.07388,2010.58,24.136,11.4927,2.08326,-0.482404,0.875949,-225.187,2.99145,321.741,315.192,316.1,316.196,-235.254,-223.362,-225.011
0.2,0.20273,-0.0227547,1.98286,2013.57,24.1738,11.8031,1.945,-0.420562,0.907264,-226.544,2.98951,318.48,312.698,313.432,313.516,-237.252,-224.779,-226.362
0.197919,0.217257,-0.0226984,1.93745,2016.56,24.1906,11.9033,1.85771,-0.357685,0.933842,-227.713,2.98778,315.008,310.086,310.679,310.75,-238.828,-225.978,-227.528
0.195765,0.21496,-0.0226686,1.89212,2019.55,24.2085,11.9339,1.86819,-0.293866,0.955847,-228.691,2.98567,311.42,307.364,307.856,307.913,-240.097,-226.905,-228.503
0.194927,0.153325,-0.0227105,1.80147,2022.54,24.2423,11.9621,1.93515,-0.229112,0.9734,-229.475,2.98281,307.76,304.576,304.975,305.02,-241.119,-227.591,-229.285
0.196427,0.0834472,-0.0228056,1.75599,2025.52,24.2549,11.9141,2.09556,-0.163462,0.98655,-230.063,2.97901,304.03,301.74,302.05,302.083,-241.817,-227.996,-229.869
0.2,0.355639,-0.0223067,1.66548,2028.5,24.2746,11.7987,2.37611,-0.0966383,0.99532,-230.453,2.97527,300.256,298.887,299.097,299.116,-242.196,-228.088,-230.254
0.2,0.842846,-0.0214282,1.62177,2031.47,24.3039,11.5036,2.79436,-0.0302481,0.999542,-230.642,2.97568,296.482,296.05,296.128,296.134,-242.14,-227.849,-230.442
0.193026,1.75542,-0.019598,1.53975,2034.45,24.4801,11.0736,3.27066,0.0325842,0.999469,-230.637,2.98025,292.786,293.253,293.153,293.147,-241.705,-227.368,-230.444
0.179643,2.20698,-0.0186264,1.50156,2037.43,24.623,10.4755,3.77719,0.0909279,0.995857,-230.451,2.98645,289.209,290.505,290.178,290.162,-240.883,-226.69,-230.272
0.159991,2.99987,-0.0167845,1.43083,2040.42,25.0117,9.80253,4.30911,0.144931,0.989442,-230.097,2.9922,285.767,287.812,287.211,287.187,-239.796,-225.833,-229.939
0.134039,3.40016,-0.015841,1.39824,2043.41,25.2503,9.07084,4.89427,0.194658,0.980871,-229.587,2.99564,282.466,285.185,284.258,284.232,-238.484,-224.786,-229.455
0.100556,4.29441,-0.0138115,1.33894,2046.4,25.817,8.21757,5.57734,0.240406,0.970672,-228.933,2.99579,279.328,282.644,281.327,281.303,-236.909,-223.519,-228.835
0.0569641,4.63168,-0.0129714,1.31217,2049.4,26.1473,7.40453,6.33671,0.282017,0.95941,-228.148,2.99677,276.321,280.196,278.425,278.409,-235.252,-222.069,-228.094
0.004427,4.75716,-0.0116068,1.26318,2052.4,26.8567,6.71298,7.1085,0.318843,0.947807,-227.247,3.00018,273.41,277.817,275.552,275.551,-233.609,-220.509,-227.242
-0.052033,4.73958,-0.0109879,1.24061,2055.4,27.2084,6.0906,7.84162,0.350762,0.936465,-226.241,3.00425,270.589,275.476,272.707,272.725,-231.945,-218.898,-226.29
-0.106555,4.70526,-0.0097885,1.1991,2058.4,27.8948,5.5231,8.52317,0.377937,0.925831,-225.147,3.00751,267.843,273.152,269.89,269.931,-230.26,-217.256,-225.245
-0.153143,4.68851,-0.0091543,1.18017,2061.41,28.2299,5.02895,9.12246,0.400552,0.916274,-223.976,3.00882,265.15,270.818,267.103,267.164,-228.584,-215.617,-224.116
-0.186116,4.65575,-0.0079872,1.14594,2064.42,28.885,4.56738,9.64777,0.418646,0.90815,-222.744,3.00757,262.511,268.462,264.345,264.423,-226.892,-213.982,-222.913
-0.2,4.63973,-0.0072456,1.13072,2067.42,29.2053,4.16737,10.1043,0.432926,0.901429,-221.464,3.00503,259.901,266.08,261.619,261.705,-225.221,-212.356,-221.644
-0.19557,4.60837,-0.0058743,1.10457,2070.43,29.8325,3.7978,10.4885,0.445736,0.895165,-220.145,3.00289,257.315,263.683,258.921,259.008,-223.545,-210.756,-220.32
-0.180031,4.59302,-0.005529,1.09317,2073.43,30.1397,3.45885,10.8111,0.458347,0.888773,-218.789,3.00099,254.747,261.287,256.25,256.332,-221.863,-209.18,-218.949
-0.158075,4.56291,-0.0047914,1.07253,2076.43,30.7418,3.10384,11.1143,0.470575,0.88236,-217.396,2.99939,252.216,258.907,253.602,253.677,-220.135,-207.589,-217.535
-0.133837,4.54815,-0.0044328,1.06331,2079.43,31.037,2.82701,11.3947,0.482462,0.875917,-215.968,2.99808,249.678,256.539,250.977,251.042,-218.444,-205.987,-216.085
-0.111377,4.51918,-0.0036928,1.04706,2082.43,31.6164,2.57268,11.6297,0.494021,0.86945,-214.505,2.99709,247.156,254.172,248.372,248.427,-216.741,-204.393,-214.601
-0.0946594,4.50496,-0.0033915,1.03998,2085.43,31.9008,2.38015,11.8239,0.505155,0.863029,-213.008,2.9965,244.629,251.805,245.784,245.832,-215.062,-202.803,-213.09
-0.0857487,4.5,-0.0030187,1.02727,2088.42,32.46,2.22691,11.9929,0.515447,0.856921,-211.479,2.99643,242.108,249.438,243.212,243.256,-213.387,-201.202,-211.552
-0.0838114,4.5,-0.002845,1.02142,2091.42,32.7359,2.11662,12.124,0.524677,0.851302,-209.921,2.99676,239.587,247.059,240.654,240.698,-211.723,-199.6,-209.992
-0.08773,4.5,-0.0025096,1.01072,2094.42,33.2809,2.0232,12.2286,0.532895,0.846181,-208.336,2.99735,237.077,244.671,238.108,238.155,-210.048,-197.989,-208.411
-0.0963649,4.5,-0.0023423,1.00587,2097.41,33.55,1.95339,12.3195,0.540109,0.841595,-206.729,2.99807,234.571,242.28,235.574,235.626,-208.372,-196.36,-206.81
-0.108571,4.5,-0.0020081,0.997176,2100.41,34.0819,1.91483,12.3736,0.546337,0.837565,-205.1,2.99882,232.064,239.87,233.051,233.11,-206.704,-194.736,-205.191
-0.123208,4.5,-0.0018402,0.993331,2103.41,34.3448,1.90165,12.4051,0.551592,0.834114,-203.454,2.99951,229.555,237.447,230.536,230.604,-205.04,-193.107,-203.557
-0.139149,4.5,-0.0015031,0.986649,2106.41,34.8646,1.89674,12.4168,0.555886,0.831258,-201.793,3.00006,227.053,235.01,228.03,228.107,-203.37,-191.472,-201.909
-0.155285,4.5,-0.0013335,0.983814,2109.41,35.1216,1.91208,12.4191,0.559231,0.829012,-200.121,3.00044,224.548,232.563,225.531,225.618,-201.706,-189.825,-200.249
-0.170522,4.5,-0.0009922,0.979165,2112.41,35.63,1.95123,12.4277,0.561636,0.827384,-198.439,3.00059,222.037,230.113,223.037,223.133,-200.054,-188.157,-198.58
-0.183783,4.5,-0.0008232,0.977351,2115.41,35.8816,1.99939,12.4044,0.563103,0.826387,-196.752,3.00051,219.527,227.637,220.549,220.652,-198.404,-186.501,-196.904
-0.194001,4.45269,-0.0004728,0.97476,2118.41,36.3785,2.02565,12.3861,0.56365,0.826014,-195.061,3.00018,217.032,225.155,218.064,218.174,-196.734,-184.83,-195.221
-0.2,4.42221,-0.0003826,0.973905,2121.41,36.6223,2.0303,12.3516,0.563228,0.826302,-193.37,2.99973,214.552,222.652,215.583,215.695,-195.048,-183.164,-193.536
-0.2,4.36247,-0.0002107,0.972724,2124.41,37.1002,2.04864,12.3225,0.562178,0.827016,-191.682,2.99939,212.064,220.143,213.103,213.215,-193.376,-181.491,-191.848
-0.194065,4.33319,-0.0001501,0.972364,2127.41,37.3345,2.06653,12.2894,0.561106,0.827744,-189.998,2.99914,209.574,217.629,210.624,210.733,-191.708,-179.825,-190.158
-0.183299,4.27575,-9.65e-05,0.971902,2130.41,37.794,2.07662,12.2764,0.560156,0.828387,-188.316,2.99892,207.086,215.126,208.147,208.25,-190.036,-178.146,-188.468
-0.16839,4.24757,-7.33e-05,0.971732,2133.41,38.0195,2.08631,12.271,0.559296,0.828968,-186.637,2.99875,204.598,212.628,205.67,205.764,-188.367,-176.465,-186.777
-0.149984,4.19225,-2.96e-05,0.971528,2136.41,38.462,2.11489,12.2593,0.558534,0.829482,-184.961,2.99861,202.096,210.125,203.194,203.278,-186.716,-174.792,-185.086
-0.128728,4.1651,-7.7e-06,0.971491,2139.41,38.6792,2.12966,12.2263,0.557869,0.829929,-183.287,2.99849,199.602,207.61,200.718,200.79,-185.055,-173.141,-183.394
-0.105267,4.11176,3.6e-05,0.971547,2142.41,39.1059,2.13838,12.1694,0.557301,0.830311,-181.616,2.99841,197.109,205.083,198.242,198.301,-183.391,-171.511,-181.703
-0.0802493,4.08556,5.79e-05,0.971641,2145.4,39.3155,2.13916,12.1282,0.55683,0.830626,-179.945,2.99835,194.619,202.564,195.766,195.811,-181.722,-169.871,-180.012
-0.0543206,4.03408,0.0001016,0.97196,2148.4,39.7274,2.14149,12.0887,0.556457,0.830877,-178.276,2.99831,192.128,200.047,193.289,193.32,-180.056,-168.232,-178.322
-0.0281285,4.00877,0.0001236,0.972185,2151.4,39.9298,2.15228,12.0585,0.556181,0.831061,-176.608,2.99829,189.631,197.535,190.813,190.828,-178.397,-166.587,-176.632
-0.0023204,3.95902,0.0001667,0.972765,2154.4,40.3279,2.1595,12.0454,0.556003,0.83118,-174.941,2.99829,187.136,195.034,188.335,188.336,-176.736,-164.929,-174.943
0.0224562,3.93455,0.0001906,0.973122,2157.4,40.5236,2.16445,12.0363,0.555925,0.831233,-173.274,2.99832,184.641,192.536,185.857,185.844,-175.074,-163.269,-173.256
0.0455583,3.88642,0.0002216,0.973955,2160.4,40.9087,2.16607,12.0437,0.555932,0.831228,-171.608,2.99836,182.148,190.048,183.377,183.352,-173.408,-161.597,-171.57
0.0666196,3.86274,0.000213,0.974389,2163.39,41.0981,2.16765,12.0726,0.555964,0.831206,-169.941,2.9984,179.655,187.572,180.897,180.86,-171.742,-159.906,-169.885
0.0856996,3.81613,0.0002014,0.975215,2166.39,41.4709,2.18908,12.1021,0.555987,0.831191,-168.274,2.99844,177.15,185.096,178.415,178.368,-170.093,-158.215,-168.202
0.102894,3.79319,0.0001955,0.975611,2169.39,41.6545,2.20501,12.1185,0.556005,0.831179,-166.607,2.99849,174.649,182.613,175.933,175.875,-168.439,-156.534,-166.521
0.1183,3.74803,0.0001841,0.97637,2172.39,42.0158,2.2299,12.1182,0.556018,0.83117,-164.939,2.99853,172.143,180.121,173.449,173.383,-166.793,-154.867,-164.841
0.132012,3.72579,0.0001784,0.976732,2175.39,42.1937,2.24323,12.106,0.556025,0.831165,-163.272,2.99856,169.644,177.622,170.964,170.891,-165.137,-153.21,-163.162
0.144127,3.68198,0.0001671,0.977423,2178.39,42.5442,2.24994,12.0976,0.556027,0.831164,-161.605,2.9986,167.148,175.125,168.479,168.399,-163.475,-151.55,-161.485
0.154741,3.6604,0.0001614,0.977751,2181.39,42.7168,2.24961,12.0731,0.556024,0.831166,-159.938,2.99864,164.655,172.619,165.992,165.906,-161.807,-149.903,-159.809
0.16395,3.61788,0.00015,0.978373,2184.38,43.0569,2.25823,12.0472,0.556015,0.831172,-158.27,2.99867,162.158,170.112,163.505,163.414,-160.147,-148.257,-158.134
0.17185,3.59693,0.0001443,0.978667,2187.38,43.2245,2.25303,12.0195,0.556001,0.831182,-156.603,2.9987,159.669,167.604,161.017,160.922,-158.476,-146.613,-156.46
0.178537,3.55563,0.0001329,0.979221,2190.38,43.5549,2.25984,11.9964,0.555982,0.831194,-154.936,2.99873,157.173,165.099,158.528,158.429,-156.814,-144.964,-154.787
0.184107,3.53528,0.0001272,0.979481,2193.38,43.7178,2.2691,12.0005,0.555957,0.831211,-153.269,2.99876,154.675,162.608,156.039,155.937,-155.155,-143.294,-153.116
0.188657,3.49319,0.0001159,0.979967,2196.38,44.0389,2.28144,12.019,0.555927,0.831231,-151.601,2.99878,152.176,160.126,153.549,153.444,-153.498,-141.611,-151.445
0.192282,3.4655,0.0001102,0.980193,2199.38,44.1972,2.28548,12.0301,0.555891,0.831255,-149.934,2.9988,149.681,157.639,151.058,150.951,-151.834,-139.934,-149.775
0.195079,3.41106,9.88e-05,0.980611,2202.38,44.5082,2.293,12.0437,0.55585,0.831282,-148.267,2.99882,147.184,155.153,148.567,148.458,-150.174,-138.256,-148.105
0.197143,3.3843,9.31e-05,0.980802,2205.37,44.6611,2.30272,12.0615,0.555804,0.831313,-146.601,2.99883,144.686,152.669,146.075,145.965,-148.515,-136.574,-146.437
0.198571,3.33168,8.17e-05,0.981152,2208.37,44.9618,2.30478,12.0621,0.555752,0.831348,-144.934,2.99885,142.192,150.176,143.583,143.472,-146.85,-134.906,-144.769
0.19946,3.3058,7.6e-05,0.981309,2211.37,45.1097,2.31371,12.0587,0.555695,0.831386,-143.267,2.99886,139.694,147.68,141.09,140.979,-145.191,-133.242,-143.102
0.199904,3.2549,6.47e-05,0.981591,2214.37,45.4005,2.33178,12.0517,0.555633,0.831428,-141.601,2.99886,137.19,145.182,138.597,138.486,-143.54,-131.581,-141.435
0.2,3.22987,5.94e-05,0.981715,2217.37,45.5436,2.35202,12.0398,0.555565,0.831473,-139.935,2.99887,134.686,142.682,136.104,135.993,-141.891,-129.924,-139.769
0.199834,3.1806,5.19e-05,0.981936,2220.37,45.8251,2.35583,12.0221,0.555492,0.831522,-138.269,2.99887,132.191,140.177,133.61,133.499,-140.228,-128.272,-138.103
0.199473,3.15637,4.9e-05,0.982036,2223.37,45.9636,2.36628,12.0072,0.555413,0.831575,-136.603,2.99887,129.691,137.674,131.116,131.005,-138.571,-126.618,-136.437
0.198978,3.10865,4.32e-05,0.982221,2226.37,46.2363,2.37074,11.9893,0.555329,0.831631,-134.938,2.99886,127.195,135.17,128.622,128.512,-136.909,-124.967,-134.772
0.198406,3.08517,4.04e-05,0.982304,2229.37,46.3704,2.38469,11.9825,0.55524,0.83169,-133.273,2.99886,124.694,132.671,126.128,126.018,-135.256,-123.307,-133.108
0.197816,3.03894,3.43e-05,0.982453,2232.36,46.6346,2.3959,11.9762,0.555145,0.831754,-131.608,2.99884,122.193,130.172,123.633,123.523,-133.6,-121.646,-131.443
0.197264,3.01618,3.3e-05,0.982521,2235.36,46.7647,2.40774,11.9605,0.555047,0.831819,-129.943,2.99883,119.693,127.668,121.139,121.029,-131.946,-119.994,-129.779
0.196769,2.97136,3.16e-05,0.982649,2238.36,47.0208,2.41743,11.9524,0.554951,0.831883,-128.279,2.99882,117.193,125.167,118.644,118.534,-130.29,-118.336,-128.115
0.19633,2.94928,3.09e-05,0.982711,2241.36,47.147,2.42241,11.9435,0.554858,0.831945,-126.615,2.99881,114.696,122.667,116.149,116.04,-128.63,-116.678,-126.451
0.195945,2.9058,2.96e-05,0.982832,2244.36,47.3954,2.42925,11.9452,0.554769,0.832005,-124.951,2.99879,112.197,120.172,113.654,113.545,-126.972,-115.012,-124.788
0.195611,2.88439,2.9e-05,0.982891,2247.36,47.5178,2.43712,11.9639,0.554682,0.832063,-123.287,2.99878,109.698,117.686,111.158,111.05,-125.315,-113.333,-123.125
0.195327,2.84219,2.77e-05,0.983004,2250.36,47.7589,2.45747,11.9913,0.554598,0.832118,-121.624,2.99877,107.192,115.205,108.663,108.554,-123.669,-111.646,-121.462
0.195091,2.8214,2.7e-05,0.983059,2253.36,47.8777,2.4852,12.0001,0.554517,0.832172,-119.961,2.99876,104.681,112.713,106.167,106.059,-122.029,-109.975,-119.799
0.1949,2.78323,2.57e-05,0.983164,2256.36,48.1118,2.50897,11.995,0.55444,0.832224,-118.298,2.99875,102.172,110.214,103.672,103.564,-120.386,-108.316,-118.136
0.194751,2.76591,2.51e-05,0.983215,2259.35,48.2273,2.5253,11.978,0.554365,0.832274,-116.636,2.99874,99.6679,107.708,101.176,101.068,-118.738,-106.667,-116.474
0.194644,2.73171,2.38e-05,0.983313,2262.35,48.4553,2.53437,11.9725,0.554293,0.832321,-114.974,2.99873,97.1672,105.208,98.6799,98.572,-117.083,-105.009,-114.812
0.194576,2.71483,2.32e-05,0.983359,2265.35,48.5678,2.53928,11.9636,0.554225,0.832367,-113.312,2.99872,94.6687,102.707,96.1839,96.0761,-115.425,-103.353,-113.15
0.194545,2.68149,2.19e-05,0.983449,2268.35,48.7901,2.54002,11.9544,0.554159,0.832411,-111.65,2.99871,92.1724,100.205,93.6878,93.58,-113.764,-101.699,-111.488
0.194547,2.66503,2.12e-05,0.983492,2271.35,48.8998,2.53463,11.9392,0.554096,0.832453,-109.988,2.9987,89.6793,97.6992,91.1916,91.0838,-112.098,-100.049,-109.826
0.194583,2.63253,1.99e-05,0.983575,2274.35,49.1165,2.53142,11.9283,0.554037,0.832492,-108.327,2.99869,87.1849,95.1961,88.6952,88.5874,-110.434,-98.3964,-108.165
0.194648,2.61648,1.93e-05,0.983614,2277.35,49.2235,2.54219,11.9051,0.55398,0.83253,-106.665,2.99869,84.6827,92.6862,86.1988,86.091,-108.782,-96.754,-106.503
0.194742,2.58477,1.8e-05,0.983688,2280.34,49.4348,2.55552,11.8922,0.553926,0.832566,-105.004,2.99868,82.1789,90.1819,83.7023,83.5945,-107.132,-95.1032,-104.842
0.194861,2.56911,1.74e-05,0.983724,2283.34,49.5392,2.55845,11.8673,0.553876,0.832599,-103.343,2.99867,79.6808,87.6708,81.2057,81.0978,-105.473,-93.4625,-103.181
0.195005,2.53818,1.61e-05,0.983791,2286.34,49.7455,2.55812,11.8505,0.553828,0.832631,-101.682,2.99866,77.1843,85.1642,78.7091,78.6011,-103.812,-91.8154,-101.52
0.195169,2.5229,1.54e-05,0.983822,2289.34,49.8473,2.54824,11.8261,0.553783,0.832661,-100.022,2.99866,74.6931,82.6534,76.2124,76.1043,-102.144,-90.1746,-99.8593
0.195354,2.4927,1.41e-05,0.983881,2292.34,50.0486,2.53463,11.805,0.553742,0.832689,-98.3612,2.99865,72.2038,80.1443,73.7155,73.6074,-100.472,-88.5314,-98.1986
0.195555,2.47779,1.35e-05,0.983909,2295.34,50.1481,2.52384,11.7807,0.553703,0.832714,-96.7008,2.99865,69.7129,77.6334,71.2187,71.1104,-98.8024,-86.8908,-96.538
0.195772,2.44831,1.22e-05,0.98396,2298.34,50.3446,2.50663,11.7539,0.553667,0.832738,-95.0405,2.99864,67.2255,75.1211,68.7217,68.6134,-97.1279,-85.2526,-94.8775
0.196002,2.43375,1.16e-05,0.983984,2301.34,50.4417,2.48894,11.7359,0.553635,0.832759,-93.3803,2.99864,64.7383,72.6136,66.2248,66.1162,-95.453,-83.6071,-93.2171
0.196243,2.40496,1.03e-05,0.984027,2304.33,50.6336,2.4818,11.7281,0.553605,0.832779,-91.7202,2.99863,62.2451,70.1118,63.7277,63.6191,-93.787,-81.9533,-91.5568
0.196492,2.39073,9.6e-06,0.984047,2307.33,50.7285,2.48458,11.7173,0.553579,0.832797,-90.0602,2.99863,59.7464,67.6083,61.2306,61.1219,-92.1294,-80.3021,-89.8966
0.196748,2.36261,8.3e-06,0.984083,2310.33,50.9159,2.49378,11.7055,0.553555,0.832812,-88.4003,2.99862,57.2441,65.1042,58.7335,58.6246,-90.4771,-78.6518,-88.2364
0.197008,2.34871,7.7e-06,0.984099,2313.33,51.0086,2.51322,11.7039,0.553535,0.832826,-86.7404,2.99862,54.7361,62.6058,56.2363,56.1273,-88.8335,-76.993,-86.5763
0.19727,2.32124,6.4e-06,0.984127,2316.33,51.1918,2.52229,11.7159,0.553517,0.832838,-85.0806,2.99862,52.2338,60.1149,53.7391,53.6299,-87.1812,-75.3231,-84.9163
0.197532,2.30765,5.8e-06,0.984139,2319.33,51.2823,2.53501,11.7373,0.553503,0.832847,-83.4208,2.99861,49.7294,57.6292,51.2419,51.1326,-85.5321,-73.6454,-83.2563
0.197793,2.2808,4.5e-06,0.98416,2322.33,51.4613,2.53762,11.7799,0.553491,0.832855,-81.7611,2.99861,47.2306,55.1553,48.7446,48.6352,-83.8746,-71.9501,-81.5964
0.198049,2.26752,3.8e-06,0.984168,2325.32,51.5498,2.54348,11.8311,0.553483,0.832861,-80.1014,2.99861,44.73,52.6861,46.2474,46.1378,-82.2198,-70.2477,-79.9365
0.198298,2.24127,2.5e-06,0.984181,2328.32,51.7249,2.54259,11.8938,0.553477,0.832864,-78.4417,2.99861,42.2331,50.2233,43.7501,43.6403,-80.5594,-68.5358,-78.2766
0.198539,2.22829,1.9e-06,0.984185,2331.32,51.8114,2.53035,11.96,0.553475,0.832866,-76.7821,2.99861,39.7424,47.7624,41.2528,41.1429,-78.8895,-66.821,-76.6167
0.198769,2.20262,6e-07,0.98419,2334.32,51.9825,2.50976,12.0214,0.553475,0.832866,-75.1224,2.99861,37.2564,45.299,38.7555,38.6455,-77.2127,-65.1102,-74.9569
0.198987,2.18825,-0,0.984191,2337.32,52.0671,2.48947,12.0728,0.553479,0.832863,-73.4628,2.99861,34.7702,42.8301,36.2582,36.148,-75.5362,-63.4077,-73.297
0.199189,2.159,-1.3e-06,0.984188,2340.32,52.2343,2.46999,12.1232,0.553485,0.832859,-71.8031,2.9986,32.2835,40.3606,33.7608,33.6506,-73.8602,-61.7062,-71.6372
0.199374,2.14456,-2e-06,0.984185,2343.32,52.3168,2.45647,12.1566,0.553495,0.832852,-70.1434,2.9986,29.7935,37.8818,31.2635,31.1532,-72.1893,-60.0187,-69.9773
0.199539,2.11602,-3.3e-06,0.984174,2346.31,52.4799,2.44672,12.1743,0.553508,0.832844,-68.4837,2.99861,27.3015,35.3944,28.7663,28.6558,-70.5214,-58.3444,-68.3175
0.199683,2.10193,-3.9e-06,0.984167,2349.31,52.5604,2.44626,12.1787,0.553523,0.832834,-66.8239,2.99861,24.8044,32.8997,26.269,26.1584,-68.8612,-56.681,-66.6576
0.199803,2.07409,-5.2e-06,0.984149,2352.31,52.7195,2.44606,12.1749,0.553542,0.832821,-65.1641,2.99861,22.3071,30.4004,23.7717,23.6611,-67.2012,-55.0245,-64.9977
0.199898,2.06034,-5.8e-06,0.984138,2355.31,52.798,2.44252,12.1624,0.553564,0.832807,-63.5042,2.99861,19.8117,27.8965,21.2745,21.1638,-65.5383,-53.3752,-63.3377
0.199964,2.03318,-7.1e-06,0.984112,2358.31,52.9533,2.43945,12.1324,0.553588,0.83279,-61.8442,2.99861,17.3161,25.383,18.7773,18.6666,-63.8758,-51.7404,-61.6777
0.2,2.01976,-7.6e-06,0.984097,2361.31,53.03,2.42875,12.0961,0.553616,0.832772,-60.1842,2.99861,14.8248,22.866,16.2801,16.1694,-62.2068,-50.1109,-60.0176
0.2,1.99324,-7.5e-06,0.984067,2364.31,53.1815,2.42788,12.055,0.553647,0.832752,-58.524,2.99862,12.3281,20.3465,13.783,13.6723,-60.5459,-48.4852,-58.3575
0.19995,1.98014,-6.4e-06,0.984053,2367.3,53.2563,2.43796,12.017,0.55368,0.832729,-56.8638,2.99862,9.82533,17.8287,11.2859,11.1752,-58.894,-46.8569,-56.6973
0.199825,1.95425,-3.8e-06,0.984032,2370.3,53.4043,2.4526,11.9894,0.553717,0.832705,-55.2035,2.99862,7.32013,15.3169,8.78882,8.67817,-57.2458,-45.2198,-55.0371
0.199597,1.94146,-2.5e-06,0.984026,2373.3,53.4773,2.47513,11.9659,0.553757,0.832678,-53.543,2.99863,4.81062,12.8074,6.29177,6.18124,-55.604,-43.5793,-53.3768
0.199238,1.91619,1e-07,0.984021,2376.3,53.6218,2.49784,11.9492,0.553799,0.83265,-51.8824,2.99863,2.30108,10.3018,3.79472,3.68438,-53.9623,-41.933,-51.7165
0.198718,1.9037,1.4e-06,0.984023,2379.3,53.6932,2.51522,11.9368,0.553845,0.83262,-50.2217,2.99863,-0.205434,7.79874,1.29767,1.18761,-52.316,-40.2829,-50.0563
0.198009,1.87901,4.1e-06,0.984034,2382.3,53.8342,2.52825,11.9307,0.553894,0.832587,-48.5609,0,-2.70946,5.29929,-1.1994,-1.30908,-50.6659,-38.6275,-48.396
