start_layer,start_idx,end_layer,end_idx,coeffs_x,coeffs_y,kappa,points_x,points_y,raceline
0,0,1,0,144.188 12.0073 0.000912097 -0.000912824,-129.906 -8.9647 0.00122153 -0.0012225,0
0,0,1,1,144.188 12.0277 -1.6793 1.11923,-129.906 -8.97997 -2.11382 1.40881,0
0,0,1,2,144.188 12.0912 -3.482 2.3188,-129.906 -9.02738 -4.1235 2.74561,0
0,1,1,0,143.649 12.0291 1.5513 -1.0345,-130.627 -8.981 2.21321 -1.47588,0
0,1,1,1,143.649 12.0063 0.000914202 -0.000914202,-130.627 -8.96395 0.00122435 -0.00122435,1
0,1,1,2,143.649 12.0267 -1.67266 1.11259,-130.627 -8.97921 -2.10493 1.39992,0
0,1,1,3,143.649 12.0902 -3.47534 2.31214,-130.627 -9.02663 -4.11455 2.73667,0
0,2,1,0,143.111 12.0894 2.98164 -1.98656,-131.348 -9.0355 4.53376 -3.02089,0
0,2,1,1,143.111 12.0236 1.56033 -1.03902,-131.348 -8.98629 2.22531 -1.48193,0
0,2,1,2,143.111 12.0008 0.0165589 -0.0120505,-131.348 -8.96923 0.0221638 -0.0161283,0
0,2,1,3,143.111 12.0212 -1.65699 1.10143,-131.348 -8.98451 -2.08396 1.38499,0
0,2,1,4,143.111 12.0847 -3.4596 2.30092,-131.348 -9.03196 -4.09346 2.72167,0
0,3,1,1,142.572 12.0839 2.99071 -1.99109,-132.069 -9.04083 4.54593 -3.02698,0
0,3,1,2,142.572 12.0181 1.576 -1.05017,-132.069 -8.99158 2.24628 -1.49686,0
0,3,1,3,142.572 11.9952 0.0322137 -0.0231944,-132.069 -8.97451 0.0430903 -0.0310226,0
0,3,1,4,142.572 12.0157 -1.64131 1.09027,-132.069 -8.98979 -2.063 1.37008,0
0,3,1,5,142.572 12.0791 -3.44384 2.2897,-132.069 -9.03728 -4.07239 2.70667,0
0,4,1,2,142.033 12.0783 3.00646 -2.00229,-132.79 -9.04615 4.56703 -3.042,0
0,4,1,3,142.033 12.0125 1.59168 -1.06134,-132.79 -8.99686 2.26725 -1.51178,0
0,4,1,4,142.033 11.9897 0.0478783 -0.0343461,-132.79 -8.97978 0.0640038 -0.0459073,0
0,4,1,5,142.033 12.0101 -1.62562 1.07909,-132.79 -8.99508 -2.04205 1.35517,0
0,4,1,6,142.033 12.0736 -3.42808 2.27848,-132.79 -9.0426 -4.05132 2.69168,0
0,5,1,3,141.495 12.0728 3.02221 -2.01351,-133.511 -9.05147 4.58811 -3.05701,0
0,5,1,4,141.495 12.007 1.60738 -1.07251,-133.511 -9.00215 2.2882 -1.5267,0
0,5,1,5,141.495 11.9842 0.063553 -0.0455055,-133.511 -8.98505 0.0849043 -0.0607822,0
0,5,1,6,141.495 12.0046 -1.60991 1.06791,-133.511 -9.00036 -2.02112 1.34027,0
0,5,1,7,141.495 12.068 -3.4123 2.26724,-133.511 -9.04792 -4.03027 2.6767,0
0,6,1,4,140.956 12.0672 3.03798 -2.02473,-134.232 -9.05679 4.60918 -3.072,0
0,6,1,5,140.956 12.0015 1.62308 -1.08368,-134.232 -9.00743 2.30913 -1.5416,0
0,6,1,6,140.956 11.9787 0.0792376 -0.0566726,-134.232 -8.99031 0.105792 -0.0756475,0
0,6,1,7,140.956 11.9991 -1.5942 1.05673,-134.232 -9.00564 -2.0002 1.32538,0
0,6,1,8,140.956 12.0625 -3.39652 2.256,-134.232 -9.05323 -4.00923 2.66173,0
0,7,1,5,140.417 12.0617 3.05376 -2.03596,-134.953 -9.0621 4.63024 -3.08699,0
0,7,1,6,140.417 11.9959 1.63879 -1.09487,-134.953 -9.0127 2.33006 -1.55649,0
0,7,1,7,140.417 11.9731 0.0949322 -0.0678473,-134.953 -8.99558 0.126667 -0.090503,0
0,7,1,8,140.417 11.9935 -1.57848 1.04553,-134.953 -9.01091 -1.97929 1.31051,0
0,7,1,9,140.417 12.0569 -3.38072 2.24475,-134.953 -9.05854 -3.98821 2.64677,0
0,8,1,6,139.879 12.0561 3.06954 -2.0472,-135.674 -9.06741 4.65128 -3.10197,0
0,8,1,7,139.879 11.9904 1.65451 -1.10607,-135.674 -9.01797 2.35097 -1.57137,0
0,8,1,8,139.879 11.9676 0.110637 -0.0790297,-135.674 -9.00084 0.147528 -0.105349,0
0,8,1,9,139.879 11.988 -1.56275 1.03432,-135.674 -9.01618 -1.95839 1.29564,0
0,9,1,7,139.34 12.0506 3.08534 -2.05845,-136.395 -9.07272 4.67231 -3.11694,0
0,9,1,8,139.34 11.9848 1.67025 -1.11727,-136.395 -9.02324 2.37187 -1.58624,0
0,9,1,9,139.34 11.9621 0.126351 -0.0902198,-136.395 -9.00609 0.168377 -0.120185,0
1,0,2,0,156.195 12.0061 -0.00304064 0.0030391,-138.871 -8.96569 -0.00407319 0.00407113,0
1,0,2,1,156.195 12.0256 -1.68348 1.12333,-138.871 -8.98032 -2.11895 1.41399,0
1,0,2,2,156.195 12.0883 -3.48447 2.32111,-138.871 -9.0271 -4.12578 2.74803,0
1,1,2,0,155.655 12.0288 1.54756 -1.0307,-139.591 -8.98269 2.20774 -1.47047,0
1,1,2,1,155.655 12.0051 -0.00303579 0.00303579,-139.591 -8.96499 -0.0040667 0.0040667,1
1,1,2,2,155.655 12.0247 -1.67488 1.11473,-139.591 -8.97962 -2.10742 1.40247,0
1,1,2,3,155.655 12.0874 -3.47582 2.31247,-139.591 -9.0264 -4.1142 2.73645,0
1,2,2,0,155.116 12.0879 2.98243 -1.98504,-140.311 -9.04075 4.5338 -3.01819,0
1,2,2,1,155.116 12.0212 1.56084 -1.03734,-140.311 -8.99087 2.22552 -1.47936,0
1,2,2,2,155.116 11.9976 0.0188095 -0.0121809,-140.311 -8.97316 0.0251696 -0.0163,0
1,2,2,3,155.116 12.0171 -1.65299 1.09948,-140.311 -8.9878 -2.07814 1.38207,0
1,2,2,4,155.116 12.0798 -3.45383 2.29714,-140.311 -9.03464 -4.08477 2.71595,0
1,3,2,1,154.576 12.0803 2.99577 -1.99171,-141.032 -9.04898 4.55168 -3.02714,0
1,3,2,2,154.576 12.0137 1.58274 -1.05258,-141.032 -8.99906 2.2548 -1.49976,0
1,3,2,3,154.576 11.99 0.0406756 -0.0274129,-141.032 -8.98133 0.0543833 -0.0366504,0
1,3,2,4,154.576 12.0096 -1.63108 1.08422,-141.032 -8.99598 -2.04889 1.3617,0
1,3,2,5,154.576 12.0721 -3.43181 2.28179,-141.032 -9.04287 -4.05536 2.69547,0
1,4,2,2,154.037 12.0727 3.01778 -2.00704,-141.752 -9.05721 4.58113 -3.04765,0
1,4,2,3,154.037 12.0061 1.60465 -1.06785,-141.752 -9.00723 2.28407 -1.52015,0
1,4,2,4,154.037 11.9824 0.0625623 -0.04266,-141.752 -8.98948 0.0835744 -0.0569845,0
1,4,2,5,154.037 12.002 -1.60915 1.06894,-141.752 -9.00415 -2.01965 1.34134,0
1,4,2,6,154.037 12.0645 -3.40977 2.26643,-141.752 -9.05109 -4.02597 2.67501,0
1,5,2,3,153.497 12.0651 3.03982 -2.02238,-142.472 -9.06543 4.61055 -3.06815,0
1,5,2,4,153.497 11.9985 1.62659 -1.08313,-142.472 -9.0154 2.31331 -1.54052,0
1,5,2,5,153.497 11.9748 0.0844697 -0.0579222,-142.472 -8.99763 0.112743 -0.0773023,0
1,5,2,6,153.497 11.9944 -1.5872 1.05364,-142.472 -9.01232 -1.99044 1.32099,0
1,5,2,7,153.497 12.0569 -3.38771 2.25106,-142.472 -9.0593 -3.9966 2.65456,0
1,6,2,4,152.957 12.0574 3.06187 -2.03774,-143.193 -9.07365 4.63995 -3.08863,0
1,6,2,5,152.957 11.9909 1.64854 -1.09842,-143.193 -9.02356 2.34252 -1.56087,0
1,6,2,6,152.957 11.9673 0.106398 -0.0731996,-143.193 -9.00578 0.141889 -0.0976037,0
1,6,2,7,152.957 11.9868 -1.56524 1.03833,-143.193 -9.02048 -1.96126 1.30067,0
1,6,2,8,152.957 12.0493 -3.36563 2.23567,-143.193 -9.06751 -3.96726 2.63413,0
1,7,2,5,152.418 12.0498 3.08394 -2.05311,-143.913 -9.08186 4.66933 -3.1091,0
1,7,2,6,152.418 11.9833 1.67052 -1.11373,-143.913 -9.03172 2.37172 -1.58121,0
1,7,2,7,152.418 11.9597 0.128346 -0.0884921,-143.913 -9.01391 0.171012 -0.117889,0
1,7,2,8,152.418 11.9792 -1.54325 1.02301,-143.913 -9.02863 -1.93209 1.28035,0
1,7,2,9,152.418 12.0417 -3.34353 2.22026,-143.913 -9.07572 -3.93794 2.61371,0
1,8,2,6,151.878 12.0422 3.10603 -2.0685,-144.633 -9.09006 4.69868 -3.12955,0
1,8,2,7,151.878 11.9757 1.69252 -1.12905,-144.633 -9.03987 2.40089 -1.60153,0
1,8,2,8,151.878 11.9521 0.150316 -0.1038,-144.633 -9.02204 0.200113 -0.138158,0
1,8,2,9,151.878 11.9716 -1.52123 1.00767,-144.633 -9.03678 -1.90295 1.26006,0
1,9,2,7,151.338 12.0345 3.12815 -2.0839,-145.353 -9.09826 4.72801 -3.14998,0
1,9,2,8,151.338 11.9681 1.71453 -1.14439,-145.353 -9.04801 2.43004 -1.62183,0
1,9,2,9,151.338 11.9445 0.172305 -0.119122,-145.353 -9.03017 0.22919 -0.15841,0
2,0,3,0,168.201 12.0085 -0.00698861 0.00698614,-147.837 -8.96117 -0.00937274 0.00936944,0
2,0,3,1,168.201 12.027 -1.68671 1.12681,-147.837 -8.97497 -2.1248 1.41966,0
2,0,3,2,168.201 12.0885 -3.48496 2.32206,-147.837 -9.02092 -4.12938 2.75125,0
2,1,3,0,167.661 12.0324 1.54286 -1.02624,-148.556 -8.97904 2.20294 -1.4655,0
2,1,3,1,167.661 12.0076 -0.00698071 0.00698071,-148.556 -8.96053 -0.00936216 0.00936216,1
2,1,3,2,167.661 12.0261 -1.676 1.11609,-148.556 -8.97433 -2.11043 1.40529,0
2,1,3,3,167.661 12.0877 -3.47419 2.31128,-148.556 -9.02028 -4.11493 2.73682,0
2,2,3,0,167.12 12.0907 2.98089 -1.98203,-149.276 -9.0406 4.53472 -3.01614,0
2,2,3,1,167.12 12.023 1.56007 -1.03485,-149.276 -8.98992 2.22599 -1.47703,0
2,2,3,2,167.12 11.9982 0.0208921 -0.0123036,-149.276 -8.97138 0.0279715 -0.0164739,0
2,2,3,3,167.12 12.0167 -1.64807 1.09677,-149.276 -8.9852 -2.07305 1.37943,0
2,2,3,4,167.12 12.0782 -3.44611 2.29185,-149.276 -9.03121 -4.07737 2.71083,0
2,3,3,1,166.579 12.0812 2.99821 -1.99069,-149.995 -9.05153 4.55789 -3.02773,0
2,3,3,2,166.579 12.0135 1.58801 -1.05417,-149.995 -9.00078 2.26339 -1.50291,0
2,3,3,3,166.579 11.9887 0.0488001 -0.0316133,-149.995 -8.98223 0.0652706 -0.0422853,0
2,3,3,4,166.579 12.0072 -1.62011 1.07741,-149.995 -8.99606 -2.03571 1.35359,0
2,3,3,5,166.579 12.0687 -3.418 2.27239,-149.995 -9.04213 -4.03984 2.68486,0
2,4,3,2,166.039 12.0717 3.02631 -2.01013,-150.715 -9.06246 4.59549 -3.05376,0
2,4,3,3,166.039 12.004 1.61599 -1.07353,-150.715 -9.01164 2.30075 -1.52877,0
2,4,3,4,166.039 11.9793 0.0767431 -0.0509482,-150.715 -8.99306 0.102535 -0.0680719,0
2,4,3,5,166.039 11.9977 -1.59211 1.05803,-150.715 -9.00691 -1.9984 1.32778,0
2,4,3,6,166.039 12.0592 -3.38986 2.25291,-150.715 -9.05305 -4.00234 2.65892,0
2,5,3,3,165.498 12.0622 3.05445 -2.02959,-151.434 -9.07338 4.63305 -3.07975,0
2,5,3,4,165.498 11.9945 1.644 -1.09291,-151.434 -9.02249 2.33807 -1.5546,0
2,5,3,5,165.498 11.9698 0.104721 -0.0703085,-151.434 -9.00388 0.139765 -0.0938338,0
2,5,3,6,165.498 11.9882 -1.56408 1.03863,-151.434 -9.01775 -1.96112 1.30199,0
2,5,3,7,165.498 12.0496 -3.36168 2.23339,-151.434 -9.06395 -3.96487 2.63301,0
2,6,3,4,164.958 12.0526 3.08263 -2.04908,-152.154 -9.08428 4.67057 -3.10573,0
2,6,3,5,164.958 11.985 1.67205 -1.11232,-152.154 -9.03333 2.37536 -1.5804,0
2,6,3,6,164.958 11.9603 0.132734 -0.089694,-152.154 -9.01469 0.17696 -0.119571,0
2,6,3,7,164.958 11.9787 -1.53601 1.0192,-152.154 -9.02858 -1.92388 1.27622,0
2,6,3,8,164.958 12.0401 -3.33346 2.21386,-152.154 -9.07484 -3.92745 2.60712,0
2,7,3,5,164.417 12.0431 3.11084 -2.06859,-152.874 -9.09518 4.70806 -3.13167,0
2,7,3,6,164.417 11.9755 1.70014 -1.13175,-152.874 -9.04415 2.41262 -1.60619,0
2,7,3,7,164.417 11.9508 0.160782 -0.109105,-152.874 -9.0255 0.214121 -0.145283,0
2,7,3,8,164.417 11.9692 -1.5079 0.999748,-152.874 -9.0394 -1.88667 1.25048,0
2,7,3,9,164.417 12.0306 -3.30521 2.1943,-152.874 -9.08573 -3.89005 2.58125,0
2,8,3,6,163.877 12.0335 3.13909 -2.08813,-153.593 -9.10606 4.74552 -3.1576,0
2,8,3,7,163.877 11.966 1.72826 -1.1512,-153.593 -9.05497 2.44984 -1.63194,0
2,8,3,8,163.877 11.9413 0.188865 -0.128541,-153.593 -9.03629 0.251246 -0.170971,0
2,8,3,9,163.877 11.9597 -1.47977 0.980268,-153.593 -9.05021 -1.8495 1.22477,0
2,9,3,7,163.336 12.0239 3.16737 -2.1077,-154.313 -9.11694 4.78294 -3.1835,0
2,9,3,8,163.336 11.9565 1.75641 -1.17068,-154.313 -9.06578 2.48702 -1.65768,0
2,9,3,9,163.336 11.9318 0.216983 -0.148002,-154.313 -9.04707 0.288337 -0.196633,0
3,0,4,0,180.21 12.0146 -0.00886044 0.00885711,-156.798 -8.95116 -0.0119051 0.0119006,0
3,0,4,1,180.21 12.0317 -1.68693 1.12758,-156.798 -8.96393 -2.12862 1.42305,0
3,0,4,2,180.21 12.092 -3.49252 2.33068,-156.798 -9.00884 -4.14642 2.76742,0
3,1,4,0,179.668 12.04 1.53925 -1.02321,-157.517 -8.97006 2.20159 -1.46375,0
3,1,4,1,179.668 12.0138 -0.00884987 0.00884987,-157.517 -8.95057 -0.0118909 0.0118909,1
3,1,4,2,179.668 12.031 -1.68503 1.12568,-157.517 -8.96335 -2.12606 1.42049,0
3,1,4,3,179.668 12.0912 -3.49062 2.32878,-157.517 -9.00826 -4.14384 2.76484,0
3,2,4,0,179.127 12.0976 2.97975 -1.97993,-158.236 -9.03548 4.54014 -3.01795,0
3,2,4,1,179.127 12.0285 1.56068 -1.03393,-158.236 -8.98384 2.23034 -1.47813,0
3,2,4,2,179.127 12.0023 0.0144346 -0.00373905,-158.236 -8.96432 0.0193313 -0.00499324,0
3,2,4,3,179.127 12.0195 -1.66172 1.11307,-158.236 -8.97712 -2.09479 1.40358,0
3,2,4,4,179.127 12.0797 -3.4672 2.31612,-158.236 -9.02211 -4.1124 2.74784,0
3,3,4,1,178.585 12.086 3.00133 -1.99072,-158.955 -9.04934 4.56903 -3.0324,0
3,3,4,2,178.585 12.017 1.58404 -1.04656,-158.955 -8.99761 2.2616 -1.49504,0
3,3,4,3,178.585 11.9908 0.0377507 -0.016344,-158.955 -8.97805 0.0505235 -0.021862,0
3,3,4,4,178.585 12.008 -1.63837 1.10045,-158.955 -8.99087 -2.06355 1.38669,0
3,3,4,5,178.585 12.0681 -3.44375 2.30345,-158.955 -9.03594 -4.081 2.73086,0
3,4,4,2,178.044 12.0744 3.02484 -2.00343,-159.673 -9.06317 4.60046 -3.0494,0
3,4,4,3,178.044 12.0054 1.60744 -1.0592,-159.673 -9.01136 2.29284 -1.51193,0
3,4,4,4,178.044 11.9793 0.0610985 -0.0289648,-159.673 -8.99177 0.0816857 -0.0387154,0
3,4,4,5,178.044 11.9964 -1.61499 1.08782,-159.673 -9.00461 -2.03234 1.36981,0
3,4,4,6,178.044 12.0566 -3.42027 2.29075,-159.673 -9.04975 -4.04963 2.71389,0
3,5,4,3,177.503 12.0628 3.04839 -2.01615,-160.392 -9.07699 4.63185 -3.06638,0
3,5,4,4,177.503 11.9939 1.63086 -1.07186,-160.392 -9.0251 2.32404 -1.52881,0
3,5,4,5,177.503 11.9678 0.0844779 -0.0416017,-160.392 -9.00547 0.112818 -0.0555534,0
3,5,4,6,177.503 11.9849 -1.59158 1.07516,-160.392 -9.01834 -2.00116 1.35295,0
3,5,4,7,177.503 12.045 -3.39675 2.27804,-160.392 -9.06355 -4.01828 2.69694,0
3,6,4,4,176.961 12.0512 3.07197 -2.02889,-161.111 -9.0908 4.66321 -3.08335,0
3,6,4,5,176.961 11.9823 1.65432 -1.08454,-161.111 -9.03882 2.35521 -1.54567,0
3,6,4,6,176.961 11.9563 0.107889 -0.0542545,-161.111 -9.01916 0.14392 -0.0723759,0
3,6,4,7,176.961 11.9733 -1.56814 1.06249,-161.111 -9.03205 -1.97001 1.3361,0
3,6,4,8,176.961 12.0334 -3.37321 2.26532,-161.111 -9.07734 -3.98697 2.68,0
3,7,4,5,176.42 12.0396 3.09557 -2.04165,-161.83 -9.10459 4.69455 -3.1003,0
3,7,4,6,176.42 11.9707 1.67781 -1.09723,-161.83 -9.05252 2.38636 -1.56252,0
3,7,4,7,176.42 11.9447 0.131331 -0.0669232,-161.83 -9.03284 0.174991 -0.089183,0
3,7,4,8,176.42 11.9618 -1.54467 1.04981,-161.83 -9.04574 -1.9389 1.31927,0
3,7,4,9,176.42 12.0217 -3.34963 2.25258,-161.83 -9.09111 -3.95569 2.66308,0
3,8,4,6,175.878 12.0279 3.11922 -2.05442,-162.549 -9.11837 4.72585 -3.11723,0
3,8,4,7,175.878 11.9591 1.70133 -1.10994,-162.549 -9.06622 2.41747 -1.57935,0
3,8,4,8,175.878 11.9331 0.154805 -0.0796077,-162.549 -9.0465 0.206033 -0.105975,0
3,8,4,9,175.878 11.9502 -1.52116 1.03711,-162.549 -9.05943 -1.90781 1.30245,0
3,9,4,7,175.337 12.0163 3.14289 -2.06721,-163.268 -9.13213 4.75712 -3.13415,0
3,9,4,8,175.337 11.9475 1.72488 -1.12266,-163.268 -9.07989 2.44855 -1.59617,0
3,9,4,9,175.337 11.9215 0.178311 -0.0923082,-163.268 -9.06014 0.237044 -0.122751,0
4,0,5,0,192.224 12.0222 0.00473947 -0.00473993,-165.749 -8.93837 0.00637113 -0.00637174,0
4,0,5,1,192.224 12.0386 -1.67122 1.11256,-165.749 -8.95054 -2.11195 1.40584,0
4,0,5,2,192.224 12.0981 -3.47482 2.31434,-165.749 -8.99481 -4.13147 2.75134,0
4,1,5,0,191.682 12.0491 1.55067 -1.03536,-166.467 -8.95837 2.22141 -1.48307,0
4,1,5,1,191.682 12.0222 0.0047408 -0.0047408,-166.467 -8.93831 0.00637292 -0.00637292,1
4,1,5,2,191.682 12.0385 -1.66937 1.11072,-166.467 -8.95048 -2.10947 1.40336,0
4,1,5,3,191.682 12.0981 -3.47297 2.31249,-166.467 -8.99475 -4.12898 2.74885,0
4,2,5,0,191.14 12.1172 2.97124 -1.98178,-167.186 -9.01294 4.53763 -3.02638,0
4,2,5,1,191.14 12.0472 1.55445 -1.03726,-167.186 -8.96085 2.2265 -1.48561,0
4,2,5,2,191.14 12.0202 0.0103623 -0.00847236,-167.186 -8.94079 0.0139296 -0.0113881,0
4,2,5,3,191.14 12.0365 -1.66374 1.10698,-167.186 -8.95296 -2.10191 1.39834,0
4,2,5,4,191.14 12.0961 -3.46731 2.30873,-167.186 -8.99724 -4.12137 2.74381,0
4,3,5,1,190.598 12.1152 2.97505 -1.98369,-167.904 -9.01544 4.54276 -3.02894,0
4,3,5,2,190.598 12.0452 1.56009 -1.041,-167.904 -8.96334 2.23408 -1.49064,0
4,3,5,3,190.598 12.0182 0.0159854 -0.0122049,-167.904 -8.94327 0.0214849 -0.0164024,0
4,3,5,4,190.598 12.0346 -1.65811 1.10324,-167.904 -8.95544 -2.09434 1.39332,0
4,3,5,5,190.598 12.0941 -3.46165 2.30497,-167.904 -8.99974 -4.11377 2.73876,0
4,4,5,2,190.055 12.1132 2.98072 -1.98745,-168.622 -9.01794 4.55037 -3.03399,0
4,4,5,3,190.055 12.0432 1.56573 -1.04474,-168.622 -8.96582 2.24165 -1.49567,0
4,4,5,4,190.055 12.0162 0.0216099 -0.0159385,-168.622 -8.94574 0.029039 -0.0214159,0
4,4,5,5,190.055 12.0326 -1.65248 1.0995,-168.622 -8.95792 -2.08678 1.3883,0
4,4,5,6,190.055 12.0921 -3.45599 2.30122,-168.622 -9.00223 -4.10617 2.73372,0
4,5,5,3,189.513 12.1112 2.98638 -1.99121,-169.341 -9.02044 4.55799 -3.03905,0
4,5,5,4,189.513 12.0412 1.57136 -1.04848,-169.341 -8.9683 2.24922 -1.50069,0
4,5,5,5,189.513 12.0143 0.0272359 -0.019673,-169.341 -8.94822 0.0365918 -0.0264285,0
4,5,5,6,189.513 12.0306 -1.64684 1.09576,-169.341 -8.9604 -2.07921 1.38328,0
4,5,5,7,189.513 12.0901 -3.45033 2.29746,-169.341 -9.00472 -4.09856 2.72867,0
4,6,5,4,188.971 12.1092 2.99205 -1.99498,-170.059 -9.02294 4.5656 -3.0441,0
4,6,5,5,188.971 12.0392 1.577 -1.05222,-170.059 -8.97079 2.25679 -1.50571,0
4,6,5,6,188.971 12.0123 0.0328635 -0.0234085,-170.059 -8.9507 0.0441433 -0.0314403,0
4,6,5,7,188.971 12.0286 -1.64121 1.09202,-170.059 -8.96289 -2.07165 1.37826,0
4,6,5,8,188.971 12.0881 -3.44467 2.2937,-170.059 -9.00722 -4.09097 2.72363,0
4,7,5,5,188.429 12.1072 2.99772 -1.99874,-170.777 -9.02543 4.57322 -3.04916,0
4,7,5,6,188.429 12.0373 1.58264 -1.05597,-170.777 -8.97327 2.26436 -1.51074,0
4,7,5,7,188.429 12.0103 0.0384925 -0.027145,-170.777 -8.95317 0.0516935 -0.0364512,0
4,7,5,8,188.429 12.0267 -1.63557 1.08828,-170.777 -8.96537 -2.06409 1.37325,0
4,7,5,9,188.429 12.0861 -3.439 2.28994,-170.777 -9.00971 -4.08337 2.71859,0
4,8,5,6,187.887 12.1052 3.0034 -2.00251,-171.496 -9.02793 4.58083 -3.05421,0
4,8,5,7,187.887 12.0353 1.58828 -1.05971,-171.496 -8.97575 2.27192 -1.51576,0
4,8,5,8,187.887 12.0083 0.0441231 -0.0308826,-171.496 -8.95565 0.0592425 -0.0414612,0
4,8,5,9,187.887 12.0247 -1.62993 1.08454,-171.496 -8.96784 -2.05653 1.36823,0
4,9,5,7,187.344 12.1033 3.00907 -2.00627,-172.214 -9.03043 4.58844 -3.05926,0
4,9,5,8,187.344 12.0333 1.59393 -1.06346,-172.214 -8.97823 2.27949 -1.52078,0
4,9,5,9,187.344 12.0064 0.0497551 -0.0346211,-172.214 -8.95813 0.0667901 -0.0464705,0
5,0,6,0,204.246 12.0383 -1.62782 1.06879,-174.687 -8.96026 -2.05168 1.34585,0
5,0,6,1,204.246 12.1001 -3.43215 2.27097,-174.687 -9.00625 -4.07005 2.69049,0
5,0,6,2,204.246 12.2044 -5.36369 3.55789,-174.687 -9.08384 -5.99332 3.97164,0
5,1,6,0,203.704 12.0216 0.0491815 -0.0491815,-175.406 -8.9478 0.0657003 -0.0657003,1
5,1,6,1,203.704 12.0403 -1.62596 1.06693,-175.406 -8.96169 -2.04922 1.34339,0
5,1,6,2,203.704 12.102 -3.43025 2.26908,-175.406 -9.00767 -4.06761 2.68803,0
5,2,6,0,203.162 12.0463 1.6001 -1.08255,-176.124 -8.97007 2.285 -1.54445,0
5,2,6,1,203.162 12.0217 0.0547154 -0.0528811,-176.124 -8.95171 0.0731051 -0.0706413,0
5,2,6,2,203.162 12.0403 -1.6204 1.06322,-176.124 -8.96559 -2.04181 1.33844,0
5,2,6,3,203.162 12.1021 -3.42464 2.26533,-176.124 -9.01158 -4.06018 2.68307,0
5,3,6,0,202.62 12.1141 3.02214 -2.03004,-176.842 -9.02439 4.60067 -3.08753,0
5,3,6,1,202.62 12.0464 1.60566 -1.08626,-176.842 -8.97397 2.29241 -1.5494,0
5,3,6,2,202.62 12.0218 0.0602524 -0.0565829,-176.842 -8.95561 0.0805109 -0.0755829,0
5,3,6,3,202.62 12.0404 -1.61485 1.0595,-176.842 -8.9695 -2.0344 1.3335,0
5,3,6,4,202.62 12.1021 -3.41903 2.26158,-176.842 -9.01549 -4.05275 2.67812,0
5,4,6,1,202.077 12.1141 3.02776 -2.0338,-177.56 -9.0283 4.6081 -3.09249,0
5,4,6,2,202.077 12.0465 1.61122 -1.08998,-177.56 -8.97788 2.29982 -1.55435,0
5,4,6,3,202.077 12.0218 0.0657933 -0.0602872,-177.56 -8.95952 0.0879187 -0.0805259,0
5,4,6,4,202.077 12.0405 -1.60929 1.05579,-177.56 -8.97341 -2.02699 1.32855,0
5,4,6,5,202.077 12.1022 -3.41341 2.25782,-177.56 -9.0194 -4.04532 2.67316,0
5,5,6,2,201.535 12.1142 3.03339 -2.03757,-178.279 -9.03221 4.61554 -3.09745,0
5,5,6,3,201.535 12.0465 1.61679 -1.0937,-178.279 -8.98179 2.30724 -1.55929,0
5,5,6,4,201.535 12.0219 0.0713371 -0.0639935,-178.279 -8.96342 0.0953272 -0.0854694,0
5,5,6,5,201.535 12.0406 -1.60373 1.05207,-178.279 -8.97732 -2.01958 1.32361,0
5,5,6,6,201.535 12.1022 -3.40779 2.25406,-178.279 -9.02332 -4.03789 2.6682,0
5,6,6,3,200.993 12.1142 3.03902 -2.04133,-178.997 -9.03613 4.62297 -3.10241,0
5,6,6,4,200.993 12.0466 1.62236 -1.09743,-178.997 -8.9857 2.31465 -1.56424,0
5,6,6,5,200.993 12.022 0.0768834 -0.0677014,-178.997 -8.96733 0.102736 -0.0904129,0
5,6,6,6,200.993 12.0406 -1.59816 1.04835,-178.997 -8.98122 -2.01216 1.31866,0
5,6,6,7,200.993 12.1023 -3.40217 2.2503,-178.997 -9.02723 -4.03046 2.66324,0
5,7,6,4,200.45 12.1143 3.04466 -2.0451,-179.715 -9.04004 4.6304 -3.10737,0
5,7,6,5,200.45 12.0467 1.62793 -1.10115,-179.715 -8.98961 2.32207 -1.56919,0
5,7,6,6,200.45 12.0221 0.0824347 -0.0714126,-179.715 -8.97124 0.110148 -0.0953587,0
5,7,6,7,200.45 12.0407 -1.5926 1.04462,-179.715 -8.98513 -2.00474 1.31371,0
5,7,6,8,200.45 12.1023 -3.39654 2.24654,-179.715 -9.03114 -4.02303 2.65828,0
5,8,6,5,199.908 12.1143 3.0503 -2.04887,-180.434 -9.04396 4.63784 -3.11233,0
5,8,6,6,199.908 12.0467 1.63351 -1.10488,-180.434 -8.99351 2.32949 -1.57414,0
5,8,6,7,199.908 12.0221 0.0879884 -0.0751255,-180.434 -8.97514 0.11756 -0.100305,0
5,8,6,8,199.908 12.0408 -1.58702 1.0409,-180.434 -8.98904 -1.99733 1.30876,0
5,8,6,9,199.908 12.1024 -3.39091 2.24278,-180.434 -9.03506 -4.01559 2.65332,0
5,9,6,6,199.366 12.1144 3.05594 -2.05264,-181.152 -9.04787 4.64528 -3.11729,0
5,9,6,7,199.366 12.0468 1.63909 -1.10861,-181.152 -8.99742 2.33691 -1.57909,0
5,9,6,8,199.366 12.0222 0.0935446 -0.0788401,-181.152 -8.97905 0.124972 -0.105251,0
5,9,6,9,199.366 12.0408 -1.58145 1.03717,-181.152 -8.99295 -1.98991 1.30381,0
6,0,7,0,215.726 11.9824 0.476425 -0.476425,-184.353 -9.02102 0.600272 -0.600272,1
6,0,7,1,215.726 11.9953 -1.26822 0.70538,-184.353 -9.03072 -1.5754 0.872675,0
6,0,7,2,215.726 12.0511 -3.14016 1.97152,-184.353 -9.07277 -3.65286 2.27975,0
6,1,7,0,215.185 12.0012 2.04026 -1.51863,-185.073 -9.03902 2.81199 -2.07427,0
6,1,7,1,215.185 11.9709 0.423356 -0.421452,-185.073 -9.01626 0.536885 -0.534356,0
6,1,7,2,215.185 11.9838 -1.32094 0.759992,-185.073 -9.02597 -1.6391 0.938918,0
6,1,7,3,215.185 12.0397 -3.19282 2.02603,-185.073 -9.06807 -3.71702 2.3465,0
6,2,7,0,214.645 12.0628 3.47718 -2.47679,-185.793 -9.08934 5.12277 -3.61501,0
6,2,7,1,214.645 11.9897 1.98704 -1.46352,-185.793 -9.03428 2.74854 -2.00827,0
6,2,7,2,214.645 11.9594 0.370776 -0.36697,-185.793 -9.01149 0.473266 -0.468213,0
6,2,7,3,214.645 11.9724 -1.37317 0.814111,-185.793 -9.02122 -1.70303 1.00538,0
6,2,7,4,214.645 12.0283 -3.24498 2.08004,-185.793 -9.06336 -3.78141 2.41348,0
6,3,7,1,214.105 12.0513 3.42352 -2.42128,-186.513 -9.08464 5.0591 -3.54875,0
6,3,7,2,214.105 11.9782 1.9343 -1.40891,-186.513 -9.02952 2.68485 -1.94204,0
6,3,7,3,214.105 11.948 0.318684 -0.312979,-186.513 -9.00671 0.409419 -0.401846,0
6,3,7,4,214.105 11.9609 -1.42491 0.867737,-186.513 -9.01646 -1.76719 1.07207,0
6,3,7,5,214.105 12.0169 -3.29665 2.13356,-186.513 -9.05865 -3.84603 2.48068,0
6,4,7,2,213.564 12.0399 3.37034 -2.36627,-187.232 -9.07994 4.9952 -3.48225,0
6,4,7,3,213.564 11.9668 1.88206 -1.35478,-187.232 -9.02477 2.62094 -1.87559,0
6,4,7,4,213.564 11.9365 0.267082 -0.259481,-187.232 -9.00194 0.345347 -0.335259,0
6,4,7,5,213.564 11.9494 -1.47616 0.92087,-187.232 -9.01169 -1.83156 1.13898,0
6,4,7,6,213.564 12.0054 -3.34783 2.18658,-187.232 -9.05393 -3.91086 2.54809,0
6,5,7,3,213.024 12.0285 3.31766 -2.31175,-187.952 -9.07524 4.93107 -3.41553,0
6,5,7,4,213.024 11.9553 1.8303 -1.30115,-187.952 -9.02001 2.5568 -1.80892,0
6,5,7,5,213.024 11.925 0.215971 -0.206476,-187.952 -8.99715 0.281053 -0.268453,0
6,5,7,6,213.024 11.938 -1.52691 0.973507,-187.952 -9.00692 -1.89616 1.2061,0
6,5,7,7,213.024 11.994 -3.39851 2.23911,-187.952 -9.04921 -3.97592 2.61572,0
6,6,7,4,212.484 12.0171 3.26546 -2.25773,-188.672 -9.07053 4.86671 -3.34858,0
6,6,7,5,212.484 11.9439 1.77904 -1.24801,-188.672 -9.01524 2.49243 -1.74202,0
6,6,7,6,212.484 11.9135 0.165352 -0.153965,-188.672 -8.99237 0.216539 -0.201433,0
6,6,7,7,212.484 11.9265 -1.57717 1.02565,-188.672 -9.00215 -1.96098 1.27344,0
6,6,7,8,212.484 11.9826 -3.4487 2.29113,-188.672 -9.04449 -4.04119 2.68356,0
6,7,7,5,211.943 12.0057 3.21376 -2.2042,-189.391 -9.06582 4.80212 -3.28142,0
6,7,7,6,211.943 11.9324 1.72827 -1.19537,-189.391 -9.01047 2.42785 -1.67492,0
6,7,7,7,211.943 11.9021 0.115225 -0.101949,-189.391 -8.98758 0.151811 -0.134202,0
6,7,7,8,211.943 11.915 -1.62694 1.07729,-189.391 -8.99737 -2.026 1.34098,0
6,7,7,9,211.943 11.9712 -3.49839 2.34266,-189.391 -9.03976 -4.10667 2.75161,0
6,8,7,6,211.403 11.9943 3.16256 -2.15116,-190.111 -9.0611 4.73732 -3.21403,0
6,8,7,7,211.403 11.9209 1.67799 -1.14322,-190.111 -9.0057 2.36305 -1.6076,0
6,8,7,8,211.403 11.8906 0.0655921 -0.0504289,-190.111 -8.98278 0.0868691 -0.0667622,0
6,8,7,9,211.403 11.9036 -1.67622 1.12844,-190.111 -8.99259 -2.09124 1.40873,0
6,9,7,7,210.862 11.9829 3.11184 -2.09862,-190.831 -9.05638 4.67229 -3.14643,0
6,9,7,8,210.862 11.9095 1.62821 -1.09156,-190.831 -9.00092 2.29804 -1.54007,0
6,9,7,9,210.862 11.8791 0.0164532 0.000594204,-190.831 -8.97798 0.0217185 0.000882241,0
7,0,8,0,227.708 11.6485 3.81681 -2.7457,-193.374 -9.74048 5.02135 -3.57401,0
7,0,8,1,227.708 11.5501 3.32332 -2.76741,-193.374 -9.6582 3.81008 -3.10343,0
7,0,8,2,227.708 11.4924 1.64734 -1.64734,-193.374 -9.60995 1.68169 -1.68169,1
7,0,8,3,227.708 11.4761 -0.447021 -0.150205,-193.374 -9.59627 -0.606056 -0.0660393,0
7,0,8,4,227.708 11.5012 -2.65386 1.41791,-193.374 -9.61728 -2.79282 1.48333,0
7,1,8,1,227.158 11.642 4.75963 -3.74561,-194.087 -9.61882 5.90287 -4.52317,0
7,1,8,2,227.158 11.5427 3.20195 -2.70228,-194.087 -9.53681 3.6666 -3.02731,0
7,1,8,3,227.158 11.4846 1.22786 -1.28366,-194.087 -9.48879 1.27057 -1.33771,0
7,1,8,4,227.158 11.4682 -0.857166 0.204129,-194.087 -9.47528 -1.02283 0.283762,0
7,1,8,5,227.158 11.4938 -3.05666 1.76445,-194.087 -9.4964 -3.2159 1.83956,0
7,2,8,2,226.608 11.6344 4.63828 -3.68032,-194.799 -9.49758 5.76004 -4.44756,0
7,2,8,3,226.608 11.5343 2.78371 -2.33924,-194.799 -9.41586 3.25617 -2.68382,0
7,2,8,4,226.608 11.4757 0.821084 -0.931661,-194.799 -9.36806 0.855386 -0.989233,0
7,2,8,5,226.608 11.4594 -1.25451 0.546685,-194.799 -9.35472 -1.44336 0.637754,0
7,2,8,6,226.608 11.4854 -3.44654 2.0991,-194.799 -9.37596 -3.64248 2.19971,0
7,3,8,3,226.058 11.6258 4.21911 -3.31619,-195.512 -9.37677 5.34944 -4.10374,0
7,3,8,4,226.058 11.5248 2.37814 -1.98785,-195.512 -9.29534 2.84169 -2.33584,0
7,3,8,5,226.058 11.4658 0.427078 -0.591409,-195.512 -9.24777 0.436493 -0.636612,0
7,3,8,6,226.058 11.4495 -1.63898 0.877389,-195.512 -9.23459 -1.8673 0.995594,0
7,3,8,7,226.058 11.476 -3.82345 2.42179,-195.512 -9.25595 -4.07221 2.56345,0
7,4,8,4,225.508 11.6162 3.81259 -2.9637,-196.224 -9.25641 4.93477 -3.75541,0
7,4,8,5,225.508 11.5143 1.98532 -1.64819,-196.224 -9.17526 2.42351 -1.98371,0
7,4,8,6,225.508 11.4549 0.0459142 -0.262979,-196.224 -9.12792 0.0142413 -0.280187,0
7,4,8,7,225.508 11.4386 -2.01052 1.19618,-196.224 -9.11491 -2.2943 1.35694,0
7,4,8,8,225.508 11.4655 -4.18735 2.73247,-196.224 -9.13638 -4.50474 2.93044,0
7,5,8,5,224.958 11.6055 3.41881 -2.62294,-196.937 -9.13649 4.51636 -3.4029,0
7,5,8,6,224.958 11.5028 1.60531 -1.32034,-196.937 -9.05564 2.00198 -1.62779,0
7,5,8,7,224.958 11.443 -0.322355 0.0535688,-196.937 -9.00853 -0.411023 0.0797029,0
7,5,8,8,224.958 11.4267 -2.36908 1.50301,-196.937 -8.99569 -2.72402 1.72145,0
7,5,8,9,224.958 11.4541 -4.53818 3.0311,-196.937 -9.01727 -4.93972 3.30033,0
7,6,8,6,224.408 11.5939 3.03781 -2.29397,-197.649 -9.01702 4.09456 -3.04656,0
7,6,8,7,224.408 11.4903 1.23818 -1.00435,-197.649 -8.93647 1.57745 -1.2684,0
7,6,8,8,224.408 11.4301 -0.677684 0.358183,-197.649 -8.88959 -0.838951 0.442716,0
7,6,8,9,224.408 11.4138 -2.71463 1.79782,-197.649 -8.87693 -3.15609 2.08878,0
7,6,8,10,224.408 11.4417 -4.87593 3.31764,-197.649 -8.89861 -5.37679 3.67277,0
7,7,8,7,223.859 11.5813 2.66968 -1.97685,-198.361 -8.89802 3.66973 -2.68671,0
7,7,8,8,223.859 11.4768 0.883956 -0.700278,-198.361 -8.81777 1.15026 -0.905897,0
7,7,8,9,223.859 11.4161 -1.02003 0.650822,-198.361 -8.77112 -1.26919 0.808508,0
7,7,8,10,223.859 11.3999 -3.04715 2.08061,-198.361 -8.75863 -3.59018 2.45859,0
7,8,8,8,223.309 11.5677 2.31444 -1.67165,-199.074 -8.77948 3.24222 -2.32371,0
7,8,8,9,223.309 11.4623 0.542691 -0.40816,-199.074 -8.69954 0.720775 -0.540614,0
7,8,8,10,223.309 11.4012 -1.34938 0.931456,-199.074 -8.65313 -1.70139 1.17674,0
7,9,8,8,222.759 11.7027 3.61391 -2.55621,-199.786 -8.77362 5.43431 -3.80924,0
7,9,8,9,222.759 11.5531 1.97214 -1.37839,-199.786 -8.66143 2.81237 -1.95789,0
7,9,8,10,222.759 11.4468 0.214401 -0.128027,-199.786 -8.58179 0.289327 -0.172893,0
8,0,9,1,240.428 11.3846 2.76428 -2.5816,-201.668 -10.7402 2.53554 -2.33853,0
8,0,9,2,240.428 11.2604 1.52834 -1.95785,-201.668 -10.623 1.03928 -1.47686,0
8,0,9,3,240.428 11.1732 0.198904 -1.27763,-201.668 -10.5407 -0.383304 -0.65392,0
8,0,9,4,240.428 11.1239 -1.22197 -0.543896,-201.668 -10.4942 -1.72582 0.124715,0
8,0,9,5,240.428 11.113 -3.40259 0.911179,-201.668 -10.484 -3.31176 1.18301,0
8,1,9,2,239.814 10.1635 5.57096 -4.29004,-202.326 -11.6569 5.06977 -3.81504,0
8,1,9,3,239.814 10.0507 4.31833 -3.66097,-202.326 -11.5275 3.50766 -2.89975,0
8,1,9,4,239.814 9.9717 2.97817 -2.97824,-202.326 -11.4369 2.02883 -2.0289,0
8,1,9,5,239.814 9.92739 0.888629 -1.5808,-202.326 -11.386 0.31517 -0.883451,0
8,1,9,6,239.814 9.91821 -2.12584 0.706434,-202.326 -11.3755 -1.7353 0.6391,0
8,2,9,3,239.201 10.0415 6.18458 -4.90442,-202.984 -11.5169 5.44967 -4.19391,0
8,2,9,4,239.201 9.92801 4.93698 -4.27977,-202.984 -11.3868 3.84483 -3.2366,0
8,2,9,5,239.201 9.84881 2.94169 -2.94169,-202.984 -11.2959 2.00403 -2.00403,1
8,2,9,6,239.201 9.80471 0.0310417 -0.723357,-202.984 -11.2453 -0.168384 -0.399585,0
8,2,9,7,239.201 9.79618 -2.94372 1.52352,-202.984 -11.2356 -2.26108 1.16595,0
8,3,9,4,238.587 10.2225 6.19482 -5.21849,-203.643 -11.1055 5.2459 -4.26056,0
8,3,9,5,238.587 10.1049 4.30081 -3.94329,-203.643 -10.9777 3.28411 -2.94392,0
8,3,9,6,238.587 10.023 1.49704 -1.79408,-203.643 -10.8888 0.991005 -1.25713,0
8,3,9,7,238.587 9.97781 -1.36739 0.379148,-203.643 -10.8396 -1.22054 0.387903,0
8,3,9,8,238.587 9.96972 -4.29981 2.58325,-203.643 -10.8309 -3.35174 1.99292,0
8,4,9,5,237.973 10.3887 5.57946 -4.89218,-204.301 -10.6927 4.67877 -3.96512,0
8,4,9,6,237.973 10.267 2.8838 -2.81123,-204.301 -10.5675 2.26727 -2.19628,0
8,4,9,7,237.973 10.1826 0.132305 -0.711692,-204.301 -10.4805 -0.0624025 -0.470927,0
8,4,9,8,237.973 10.1363 -2.68388 1.41437,-204.301 -10.4329 -2.30957 1.21121,0
8,4,9,9,237.973 10.1287 -5.57216 3.57382,-204.301 -10.4251 -4.47593 2.85236,0
8,5,9,6,237.36 10.5403 4.18379 -3.77085,-204.96 -10.2793 3.65665 -3.21547,0
8,5,9,7,237.36 10.4145 1.54647 -1.74419,-204.96 -10.1566 1.21111 -1.40998,0
8,5,9,8,237.36 10.3275 -1.15076 0.303659,-204.96 -10.0717 -1.15134 0.350213,0
8,5,9,9,237.36 10.2801 -3.91696 2.38075,-204.96 -10.0256 -3.43051 2.06586,0
8,5,9,10,237.36 10.2731 -6.75954 4.49394,-204.96 -10.0187 -5.62862 3.73972,0
8,6,9,7,236.746 10.6772 2.86754 -2.71434,-205.618 -9.86549 2.59596 -2.42753,0
8,6,9,8,236.746 10.5474 0.290528 -0.743942,-205.618 -9.74556 0.120453 -0.589344,0
8,6,9,9,236.746 10.4578 -2.35074 1.25046,-205.618 -9.66281 -2.27087 1.20185,0
8,6,9,10,236.746 10.4095 -5.06547 3.27704,-205.618 -9.61822 -4.57836 2.94735,0
8,7,9,8,236.133 10.7996 1.63239 -1.72441,-206.276 -9.45193 1.5015 -1.60561,0
8,7,9,9,236.133 10.6658 -0.882642 0.188013,-206.276 -9.33483 -0.999786 0.261184,0
8,7,9,10,236.133 10.5737 -3.46652 2.12751,-206.276 -9.25428 -3.41602 2.07948,0
8,8,9,8,235.519 11.087 2.86887 -2.63472,-206.935 -9.18776 2.98568 -2.69556,0
8,8,9,9,235.519 10.9075 0.479715 -0.802536,-206.935 -9.03905 0.378152 -0.754122,0
8,8,9,10,235.519 10.7698 -1.97197 1.0505,-206.935 -8.92489 -2.14465 1.13713,0
8,9,9,8,234.905 11.4119 3.9958 -3.47297,-207.593 -8.94937 4.56525 -3.8551,0
8,9,9,9,234.905 11.1861 1.73048 -1.71823,-207.593 -8.77226 1.85655 -1.84091,0
8,9,9,10,234.905 11.0013 -0.58946 0.0501034,-207.593 -8.62733 -0.769143 0.122471,0
8,10,9,8,234.292 11.7758 5.01084 -4.23836,-208.252 -8.73263 6.23099 -5.07918,0
8,10,9,9,234.292 11.5035 2.86572 -2.5573,-208.252 -8.53066 3.42738 -2.99494,0
8,10,9,10,234.292 11.271 0.675299 -0.870783,-208.252 -8.35824 0.703832 -0.961191,0
9,0,10,1,252.731 6.48264 2.06885 -2.24466,-211.693 -8.10211 1.10618 -1.24377,0
9,0,10,2,252.731 6.34597 0.0796584 -0.95936,-211.693 -7.9313 -0.33356 -0.296493,0
9,0,10,3,252.731 6.25702 -2.0373 0.405985,-211.693 -7.82014 -1.58842 0.525552,0
9,0,10,4,252.731 6.21785 -4.28328 1.85057,-211.693 -7.77118 -2.64855 1.21508,0
9,0,10,5,252.731 6.22939 -6.65645 3.37164,-211.693 -7.78561 -3.50867 1.76797,0
9,1,10,2,251.995 5.9503 3.08021 -2.82783,-212.211 -8.23241 1.8209 -1.63246,0
9,1,10,3,251.995 5.82079 1.07112 -1.52979,-212.211 -8.05322 0.355938 -0.668335,0
9,1,10,4,251.995 5.73698 -1.0611 -0.154316,-212.211 -7.93727 -0.914773 0.164775,0
9,1,10,5,251.995 5.70089 -3.31751 1.29762,-212.211 -7.88734 -1.9808 0.859229,0
9,1,10,6,251.995 5.71343 -5.69608 2.82309,-212.211 -7.9047 -2.83669 1.41082,0
9,2,10,3,251.259 5.42113 4.07881 -3.4014,-212.728 -8.33056 2.46519 -1.98286,0
9,2,10,4,251.259 5.29921 2.04877 -2.08999,-212.728 -8.1432 0.97549 -1.00217,0
9,2,10,5,251.259 5.22077 -0.0993374 -0.704014,-212.728 -8.02267 -0.31052 -0.158341,0
9,2,10,6,251.259 5.1878 -2.36633 0.755388,-212.728 -7.972 -1.38178 0.540602,0
9,2,10,7,251.259 5.20115 -4.74996 2.28511,-212.728 -7.99252 -2.23268 1.09038,0
9,3,10,4,250.522 4.89697 5.06083 -3.9634,-213.245 -8.39721 3.04055 -2.29583,0
9,3,10,5,250.522 4.78307 3.00876 -2.638,-213.245 -8.2019 1.52662 -1.29886,0
9,3,10,6,250.522 4.71024 0.844173 -1.24114,-213.245 -8.07701 0.225889 -0.444668,0
9,3,10,7,250.522 4.68039 -1.43351 0.225832,-213.245 -8.02583 -0.84993 0.258319,0
9,3,10,8,250.522 4.69435 -3.99053 1.92834,-213.245 -8.04976 -1.74033 0.850998,0
9,4,10,5,249.786 4.37961 6.02255 -4.51191,-213.763 -8.4331 3.54868 -2.57233,0
9,4,10,6,249.786 4.27417 3.9474 -3.17188,-213.763 -8.23009 2.01107 -1.55938,0
9,4,10,7,249.786 4.20717 1.76574 -1.76378,-213.763 -8.10107 0.696204 -0.695186,0
9,4,10,8,249.786 4.18044 -0.686943 -0.124931,-213.763 -8.04961 -0.427532 0.0554392,0
9,4,10,9,249.786 4.19477 -4.17122 2.50446,-213.763 -8.07719 -1.61938 0.953216,0
9,5,10,6,249.049 4.2791 6.14373 -4.63672,-214.28 -8.23958 3.59246 -2.6139,0
9,5,10,7,249.049 4.17238 4.06481 -3.29164,-214.28 -8.03408 2.04167 -1.59025,0
9,5,10,8,249.049 4.10499 1.71712 -1.71712,-214.28 -7.90431 0.676314 -0.676314,1
9,5,10,9,249.049 4.07887 -1.63719 0.822744,-214.28 -7.85403 -0.747168 0.375233,0
9,5,10,10,249.049 4.09482 -5.0693 3.39834,-214.28 -7.88474 -2.01816 1.35529,0
9,6,10,7,248.313 4.67731 5.26052 -4.25587,-214.798 -7.76695 3.07274 -2.37107,0
9,6,10,8,248.313 4.55635 3.04364 -2.75859,-214.798 -7.56608 1.48014 -1.30099,0
9,6,10,9,248.313 4.48045 -0.17007 -0.309541,-214.798 -7.44005 -0.176297 -0.0922234,0
9,6,10,10,248.313 4.45194 -3.45517 2.16351,-214.798 -7.39271 -1.67547 1.03795,0
9,7,10,8,247.577 5.03353 4.29403 -3.74974,-215.315 -7.27779 2.4719 -2.06365,0
9,7,10,9,247.577 4.8984 1.23053 -1.39167,-215.315 -7.0824 0.592132 -0.700912,0
9,7,10,10,247.577 4.81419 -1.89264 0.975158,-215.315 -6.96064 -1.13458 0.582385,0
9,8,10,8,246.84 5.54875 5.44398 -4.67849,-215.832 -7.0307 3.6336 -2.95505,0
9,8,10,9,246.84 5.34731 2.53454 -2.40817,-215.832 -6.77547 1.54906 -1.44739,0
9,8,10,10,246.84 5.19814 -0.417343 -0.14768,-215.832 -6.58645 -0.395048 -0.0139442,0
9,9,10,8,246.104 6.1111 6.47616 -5.53661,-216.35 -6.81253 4.93759 -3.95981,0
9,9,10,9,246.104 5.83911 3.71834 -3.34736,-216.35 -6.50933 2.67407 -2.32115,0
9,9,10,10,246.104 5.61848 0.94024 -1.18919,-216.35 -6.26337 0.531733 -0.746422,0
9,10,10,8,245.367 6.72613 7.38094 -6.32,-216.867 -6.60848 6.34901 -5.05791,0
9,10,10,9,245.367 6.38221 4.76645 -4.20215,-216.867 -6.27057 3.93703 -3.30549,0
9,10,10,10,245.367 6.08675 2.1574 -2.1382,-216.867 -5.98028 1.62284 -1.60323,0
10,0,11,0,259.879 2.93069 1.89694 -1.97659,-219.611 -6.8809 0.455629 -0.489008,0
10,0,11,1,259.879 2.87523 -0.60308 -0.307595,-219.611 -6.75068 -0.40799 0.0890765,0
10,0,11,2,259.879 2.86246 -3.20035 1.41595,-219.611 -6.72069 -0.962973 0.458766,0
10,0,11,3,259.879 2.89295 -5.89465 3.19326,-219.611 -6.79228 -1.20508 0.617146,0
10,1,11,0,259.038 2.82996 4.61192 -3.75027,-219.933 -7.00586 1.74688 -1.33365,0
10,1,11,1,259.038 2.73705 2.19799 -2.12992,-219.933 -6.77584 0.577713 -0.549818,0
10,1,11,2,259.038 2.68354 -0.307247 -0.457682,-219.933 -6.64338 -0.291958 0.0320916,0
10,1,11,3,259.038 2.67182 -2.90766 1.26796,-219.933 -6.61437 -0.843951 0.399761,0
10,1,11,4,259.038 2.70243 -5.60295 3.04614,-219.933 -6.69014 -1.07398 0.550251,0
10,2,11,1,258.198 2.63834 4.90889 -3.90155,-220.255 -6.90126 1.8737 -1.39874,0
10,2,11,2,258.198 2.54841 2.48745 -2.27669,-220.255 -6.66604 0.690091 -0.60565,0
10,2,11,3,258.198 2.49691 -0.0230868 -0.60115,-220.255 -6.53133 -0.185747 -0.0198313,0
10,2,11,4,258.198 2.48623 -2.62661 1.12656,-220.255 -6.50338 -0.734499 0.345656,0
10,2,11,5,258.198 2.51687 -5.32271 2.90552,-220.255 -6.58354 -0.95185 0.487858,0
10,3,11,2,257.357 2.45173 5.19428 -4.04628,-220.576 -6.79221 1.99157 -1.45931,0
10,3,11,3,257.357 2.3649 2.76511 -2.41677,-220.576 -6.55168 0.793092 -0.656676,0
10,3,11,4,257.357 2.31545 0.249177 -0.737889,-220.576 -6.41468 -0.0890401 -0.066855,0
10,3,11,5,257.357 2.30578 -2.3574 0.991866,-220.576 -6.38788 -0.634288 0.29628,0
10,3,11,6,257.357 2.33637 -5.05412 2.77149,-220.576 -6.47264 -0.838323 0.429769,0
10,4,11,3,256.517 2.27024 5.46791 -4.18434,-220.898 -6.67889 2.10085 -1.51557,0
10,4,11,4,256.517 2.18662 3.03076 -2.55008,-220.898 -6.4329 0.887049 -0.703071,0
10,4,11,5,256.517 2.13926 0.509333 -0.867791,-220.898 -6.29357 -0.00151765 -0.109145,0
10,4,11,6,256.517 2.13057 -2.10025 0.863979,-220.898 -6.26802 -0.542982 0.251456,0
10,4,11,7,256.517 2.16103 -4.79738 2.64416,-220.898 -6.35762 -0.73302 0.375781,0
10,5,11,4,255.676 2.09396 5.72957 -4.31566,-221.22 -6.56148 2.20191 -1.56771,0
10,5,11,5,255.676 2.01366 3.28419 -2.67649,-221.22 -6.30988 0.972304 -0.745013,0
10,5,11,6,255.676 1.96844 0.757175 -0.990753,-221.22 -6.16817 0.0771457 -0.14687,0
10,5,11,7,255.676 1.96072 -1.85535 0.743001,-221.22 -6.14397 -0.46024 0.211006,0
10,5,11,8,255.676 1.99093 -4.55267 2.52361,-221.22 -6.23864 -0.635554 0.325684,0
10,6,11,5,254.836 1.92298 5.97908 -4.44014,-221.541 -6.44014 2.29515 -1.61595,0
10,6,11,6,254.836 1.84613 3.52522 -2.79593,-221.541 -6.18276 1.0492 -0.782683,0
10,6,11,7,254.836 1.8031 0.992503 -1.10667,-221.541 -6.03863 0.147278 -0.180199,0
10,6,11,8,254.836 1.79631 -1.62291 0.629028,-221.541 -6.0159 -0.385713 0.174745,0
10,6,11,9,254.836 1.82617 -4.3494 2.43916,-221.541 -6.11591 -0.547502 0.281235,0
10,7,11,6,253.995 1.7574 6.21629 -4.5577,-221.863 -6.31506 2.38096 -1.66049,0
10,7,11,7,253.995 1.68412 3.75366 -2.90829,-221.863 -6.05173 1.1181 -0.816268,0
10,7,11,8,253.995 1.64332 1.21513 -1.21546,-221.863 -5.90513 0.209214 -0.209305,0
10,7,11,9,253.995 1.63743 -1.43106 0.550119,-221.863 -5.88397 -0.320936 0.144379,0
10,7,11,10,253.995 1.66682 -4.69024 2.89341,-221.863 -5.98959 -0.526722 0.300479,0
10,8,11,7,253.154 1.71296 6.20965 -4.55257,-222.185 -6.1554 2.39768 -1.67054,0
10,8,11,8,253.154 1.63835 3.74804 -2.90284,-222.185 -5.88728 1.11999 -0.816277,0
10,8,11,9,253.154 1.59705 1.18187 -1.18187,-222.185 -5.73888 0.20359 -0.20359,1
10,8,11,10,253.154 1.59167 -1.97466 1.09355,-222.185 -5.71952 -0.378843 0.204177,0
10,9,11,8,252.314 2.30161 4.93533 -3.91283,-222.506 -5.78274 1.98854 -1.46771,0
10,9,11,9,252.314 2.19675 2.50531 -2.26445,-222.506 -5.51929 0.712854 -0.610788,0
10,9,11,10,252.314 2.13906 -0.524063 -0.0638824,-222.506 -5.37434 -0.254874 0.0566787,0
10,10,11,8,251.473 3.01906 6.00556 -4.85994,-222.828 -5.71279 3.05055 -2.27803,0
10,10,11,9,251.473 2.831 3.75024 -3.30306,-222.828 -5.35694 1.4714 -1.21004,0
10,10,11,10,251.473 2.69593 0.886126 -1.19038,-222.828 -5.10136 0.149818 -0.299345,0
11,0,12,0,262.73 0.827081 3.74876 -3.14564,-226.526 -7.73849 0.229578 -0.14111,0
11,0,12,1,262.73 0.811548 1.06353 -1.34431,-226.526 -7.59315 -0.109904 0.0851261,0
11,0,12,2,262.73 0.807126 -1.62901 0.453226,-226.526 -7.55178 -0.137963 0.103906,0
11,0,12,3,262.73 0.813998 -4.32886 2.24678,-226.526 -7.61608 0.150457 -0.0881326,0
11,1,12,0,261.843 0.79786 6.47556 -4.95673,-226.681 -7.80392 0.887773 -0.578563,0
11,1,12,1,261.843 0.772577 3.79518 -3.15049,-226.681 -7.55662 0.242984 -0.148986,0
11,1,12,2,261.843 0.75758 1.10856 -1.3483,-226.681 -7.40993 -0.10047 0.079866,0
11,1,12,3,261.843 0.753483 -1.58452 0.449449,-226.681 -7.36986 -0.124605 0.0960218,0
11,1,12,4,261.843 0.760464 -4.28406 2.24258,-226.681 -7.43814 0.175721 -0.103939,0
11,2,12,1,260.957 0.744279 6.5207 -4.96122,-226.836 -7.62562 0.912102 -0.593787,0
11,2,12,2,260.957 0.719767 3.83808 -3.15351,-226.836 -7.37448 0.255936 -0.156678,0
11,2,12,3,260.957 0.705311 1.15006 -1.35046,-226.836 -7.22637 -0.0916794 0.0749179,0
11,2,12,4,260.957 0.701534 -1.54355 0.447497,-226.836 -7.18768 -0.111681 0.0883109,0
11,2,12,5,260.957 0.708607 -4.24271 2.24016,-226.836 -7.26014 0.201151 -0.11997,0
11,3,12,2,260.07 0.692375 6.56239 -4.96393,-226.992 -7.44726 0.936557 -0.609208,0
11,3,12,3,260.07 0.668652 3.87745 -3.1547,-226.992 -7.19209 0.268474 -0.164208,0
11,3,12,4,260.07 0.654744 1.18801 -1.35077,-226.992 -7.0425 -0.0835091 0.0702701,0
11,3,12,5,260.07 0.651281 -1.5061 0.447372,-226.992 -7.00525 -0.0991523 0.0807509,0
11,3,12,6,260.07 0.658427 -4.20482 2.23951,-226.992 -7.08211 0.226833 -0.136281,0
11,4,12,3,259.184 0.642148 6.60062 -4.96487,-227.147 -7.26885 0.961217 -0.624877,0
11,4,12,4,259.184 0.619233 3.91331 -3.15407,-227.147 -7.00947 0.280638 -0.171597,0
11,4,12,5,259.184 0.60588 1.22241 -1.34924,-227.147 -6.85831 -0.0759352 0.0659107,0
11,4,12,6,259.184 0.602724 -1.47217 0.44907,-227.147 -6.82259 -0.0869764 0.0733179,0
11,4,12,7,259.184 0.609925 -4.17037 2.24064,-227.147 -6.90409 0.252859 -0.152928,0
11,5,12,4,258.297 0.593599 6.63541 -4.96403,-227.302 -7.09044 0.98617 -0.640846,0
11,5,12,5,258.297 0.571513 3.94564 -3.15161,-227.302 -6.82663 0.29247 -0.178871,0
11,5,12,6,258.297 0.558721 1.25326 -1.34586,-227.302 -6.67383 -0.0689339 0.0618277,0
11,5,12,7,258.297 0.555866 -1.44177 0.452596,-227.302 -6.63973 -0.0751097 0.0659867,0
11,5,12,8,258.297 0.563099 -4.13936 2.24352,-227.302 -6.72612 0.279327 -0.169972,0
11,6,12,5,257.411 0.546726 6.66675 -4.96143,-227.457 -6.91205 1.01151 -0.657172,0
11,6,12,6,257.411 0.525491 3.97445 -3.14732,-227.457 -6.64359 0.304014 -0.186055,0
11,6,12,7,257.411 0.513269 1.28056 -1.34063,-227.457 -6.48907 -0.0624819 0.0580095,0
11,6,12,8,257.411 0.510707 -1.41489 0.457948,-227.457 -6.45668 -0.0635062 0.0587305,0
11,6,12,9,257.411 0.517949 -4.11178 2.24817,-227.457 -6.54823 0.306345 -0.187482,0
11,7,12,6,256.524 0.501529 6.69465 -4.95706,-227.613 -6.73373 1.03733 -0.673919,0
11,7,12,7,256.524 0.48117 3.99973 -3.14121,-227.613 -6.46037 0.315317 -0.193176,0
11,7,12,8,256.524 0.469526 1.30429 -1.33356,-227.613 -6.30403 -0.0565554 0.054444,0
11,7,12,9,256.524 0.467249 -1.39154 0.465124,-227.613 -6.27346 -0.0521176 0.0515209,0
11,7,12,10,256.524 0.474474 -4.09004 2.25697,-227.613 -6.37047 0.334384 -0.205888,0
11,8,12,7,255.638 0.458007 6.71911 -4.95094,-227.768 -6.55551 1.06374 -0.691154,0
11,8,12,8,255.638 0.438549 4.02148 -3.13327,-227.768 -6.277 0.326427 -0.200262,0
11,8,12,9,255.638 0.427492 1.32447 -1.32463,-227.768 -6.11874 -0.0511307 0.0511194,0
11,8,12,10,255.638 0.425491 -1.37402 0.476427,-227.768 -6.0901 -0.040551 0.0439866,0
11,9,12,8,254.751 0.445428 6.68162 -4.91379,-227.923 -6.37545 1.0869 -0.706973,0
11,9,12,9,254.751 0.425596 3.98377 -3.09554,-227.923 -6.0916 0.333619 -0.205456,0
11,9,12,10,254.751 0.4144 1.28438 -1.28438,-227.923 -5.93135 -0.049532 0.049532,1
11,10,12,8,253.865 1.02793 8.20834 -6.13652,-228.079 -6.53146 2.08333 -1.39209,0
11,10,12,9,253.865 0.965601 5.57855 -4.34382,-228.079 -6.13542 0.990557 -0.663263,0
11,10,12,10,253.865 0.920482 2.92804 -2.54762,-228.079 -5.84873 0.226351 -0.153657,0
12,0,13,0,264.16 -1.13831 1.96328 -1.99307,-234.176 -7.88255 -0.572344 0.576705,0
12,0,13,1,264.16 -1.13097 -0.7147 -0.191997,-234.176 -7.83173 -0.0100015 0.195621,0
12,0,13,2,264.16 -1.13821 -3.32313 1.55412,-234.176 -7.88189 0.847831 -0.379965,0
12,1,13,0,263.261 -1.13422 4.63356 -3.76802,-234.144 -7.83315 -0.812743 0.735614,0
12,1,13,1,263.261 -1.11233 1.88651 -1.91242,-234.144 -7.68199 -0.544244 0.548039,0
12,1,13,2,263.261 -1.10516 -0.789591 -0.113049,-234.144 -7.63246 0.0212581 0.165091,0
12,1,13,3,263.261 -1.11299 -3.39475 1.63037,-234.144 -7.68653 0.890094 -0.417597,0
12,2,13,0,262.361 -1.14475 7.37395 -5.59845,-234.111 -7.8847 -0.757764 0.700103,0
12,2,13,1,262.361 -1.10834 4.55774 -3.68821,-234.111 -7.63394 -0.780788 0.704447,0
12,2,13,2,262.361 -1.0862 1.81112 -1.83329,-234.111 -7.48145 -0.517009 0.520262,0
12,2,13,3,262.361 -1.07921 -0.863071 -0.035653,-234.111 -7.43329 0.0518674 0.135302,0
12,2,13,4,262.361 -1.08766 -3.46483 1.70499,-234.111 -7.49146 0.932327 -0.454905,0
12,3,13,1,261.462 -1.11939 7.30053 -5.52052,-234.079 -7.68945 -0.714137 0.661218,0
12,3,13,2,261.462 -1.08233 4.48334 -3.60996,-234.079 -7.43483 -0.749483 0.674022,0
12,3,13,3,261.462 -1.05992 1.7371 -1.75569,-234.079 -7.28094 -0.49063 0.493359,0
12,3,13,4,261.462 -1.05312 -0.935131 0.0401824,-234.079 -7.23421 0.0818562 0.106228,0
12,3,13,5,261.462 -1.06222 -3.53338 1.77797,-234.079 -7.29671 0.974609 -0.491945,0
12,4,13,2,260.562 -1.09393 7.22863 -5.44422,-234.047 -7.4945 -0.670541 0.622665,0
12,4,13,3,260.562 -1.05617 4.41035 -3.53327,-234.047 -7.23581 -0.718799 0.644317,0
12,4,13,4,260.562 -1.03349 1.66447 -1.67962,-234.047 -7.08044 -0.465093 0.467321,0
12,4,13,5,260.562 -1.02689 -1.00576 0.114448,-234.047 -7.03523 0.111255 0.0778475,0
12,4,13,6,260.562 -1.03668 -3.60036 1.84927,-234.047 -7.10229 1.01702 -0.528777,0
12,5,13,3,259.663 -1.06836 7.15828 -5.36957,-234.015 -7.29987 -0.626899 0.584386,0
12,5,13,4,259.663 -1.02987 4.3388 -3.45814,-234.015 -7.0369 -0.688703 0.615306,0
12,5,13,5,259.663 -1.0069 1.59321 -1.60509,-234.015 -6.87996 -0.440385 0.442133,0
12,5,13,6,259.663 -1.00052 -1.07495 0.187136,-234.015 -6.83637 0.140097 0.0501327,0
12,5,13,7,259.663 -1.01104 -3.66576 1.9189,-234.015 -6.90825 1.05966 -0.565467,0
12,6,13,4,258.764 -1.04269 7.08948 -5.29657,-233.983 -7.10558 -0.583124 0.54632,0
12,6,13,5,258.764 -1.00344 4.26867 -3.38458,-233.983 -6.8381 -0.659163 0.586962,0
12,6,13,6,258.764 -0.980165 1.52336 -1.5321,-233.983 -6.67951 -0.416496 0.417785,0
12,6,13,7,258.764 -0.974017 -1.14269 0.258238,-233.983 -6.63762 0.168419 0.0230554,0
12,6,13,8,258.764 -0.985314 -3.72956 1.98684,-233.983 -6.7146 1.10263 -0.602088,0
12,7,13,5,257.864 -1.01692 7.02226 -5.22526,-233.951 -6.91167 -0.539123 0.508402,0
12,7,13,6,257.864 -0.976866 4.2 -3.31262,-233.951 -6.63943 -0.63014 0.559257,0
12,7,13,7,257.864 -0.953274 1.45489 -1.46066,-233.951 -6.47908 -0.393413 0.394264,0
12,7,13,8,257.864 -0.947376 -1.20898 0.327745,-233.951 -6.43899 0.19626 -0.00341358,0
12,7,13,9,257.864 -0.959498 -3.79173 2.05306,-233.951 -6.52138 1.14604 -0.638716,0
12,8,13,6,256.965 -0.991065 6.95665 -5.15564,-233.919 -6.71816 -0.494791 0.470558,0
12,8,13,7,256.965 -0.95016 4.13279 -3.24224,-233.919 -6.44088 -0.601595 0.532161,0
12,8,13,8,256.965 -0.92623 1.38784 -1.39078,-233.919 -6.27867 -0.371122 0.371558,0
12,8,13,9,256.965 -0.9206 -1.27379 0.395645,-233.919 -6.24051 0.22366 -0.0293063,0
12,8,13,10,256.965 -0.933602 -3.82425 2.08955,-233.919 -6.32864 1.17922 -0.664655,0
12,9,13,7,256.065 -0.965122 6.89266 -5.08772,-233.887 -6.52509 -0.450017 0.432708,0
12,9,13,8,256.065 -0.92332 4.06704 -3.17347,-233.887 -6.24248 -0.573485 0.505641,0
12,9,13,9,256.065 -0.899034 1.32219 -1.32247,-233.887 -6.07828 -0.349613 0.349654,0
12,9,13,10,256.065 -0.893693 -1.31038 0.435202,-233.887 -6.04217 0.240372 -0.0443618,0
12,10,13,8,255.166 -0.936689 6.8255 -5.01913,-233.855 -6.33286 -0.403958 0.394408,0
12,10,13,9,255.166 -0.894047 3.99817 -3.10401,-233.855 -6.04457 -0.54508 0.479319,0
12,10,13,10,255.166 -0.869447 1.27948 -1.27948,-233.855 -5.87825 -0.338227 0.338227,1
13,0,14,0,262.992 -3.15406 0.275523 -0.784067,-242.054 -7.21272 -0.362398 0.606851,0
13,0,14,1,262.992 -3.17626 -2.10995 0.825026,-242.054 -7.26347 1.0826 -0.372334,0
13,0,14,2,262.992 -3.2387 -4.35504 2.33398,-242.054 -7.40626 2.79111 -1.52299,0
13,1,14,0,262.122 -3.0611 2.60443 -2.33638,-241.822 -7.09054 -1.41886 1.30905,0
13,1,14,1,262.122 -3.04292 0.0766587 -0.625355,-241.822 -7.04843 -0.239997 0.503147,0
13,1,14,2,262.122 -3.06642 -2.30322 0.97944,-241.822 -7.10286 1.21369 -0.481056,0
13,2,14,0,261.253 -3.00986 5.0818 -3.99543,-241.59 -7.06269 -2.2064 1.83666,0
13,2,14,1,261.253 -2.95087 2.40786 -2.17906,-241.59 -6.92426 -1.30251 1.2094,0
13,2,14,2,261.253 -2.93343 -0.11607 -0.471139,-241.59 -6.88333 -0.122624 0.403655,0
13,2,14,3,261.253 -2.95827 -2.49017 1.12923,-241.59 -6.94162 1.34039 -0.586,0
13,3,14,0,260.383 -2.99971 7.70754 -5.76176,-241.358 -7.13142 -2.71906 2.18597,0
13,3,14,1,260.383 -2.90113 4.88951 -3.84087,-241.358 -6.89708 -2.08795 1.73558,0
13,3,14,2,260.383 -2.84226 2.2174 -2.02621,-241.358 -6.75711 -1.19135 1.11408,0
13,3,14,3,260.383 -2.82557 -0.302594 -0.321482,-241.358 -6.71743 -0.0101891 0.3083,0
13,3,14,4,260.383 -2.85181 -2.67074 1.27433,-241.358 -6.7798 1.46281 -0.68727,0
13,4,14,1,259.514 -2.89307 7.52144 -5.61131,-241.126 -6.96919 -2.59025 2.07791,0
13,4,14,2,259.514 -2.79406 4.70339 -3.69084,-241.126 -6.73067 -1.97447 1.63867,0
13,4,14,3,259.514 -2.73529 2.03312 -1.87791,-241.126 -6.5891 -1.08533 1.02302,0
13,4,14,4,259.514 -2.71937 -0.482846 -0.176445,-241.126 -6.55075 0.0974011 0.217008,0
13,4,14,5,259.514 -2.74705 -2.84485 1.41466,-241.126 -6.61742 1.58112 -0.784975,0
13,5,14,2,258.644 -2.78814 7.34167 -5.46548,-240.893 -6.80638 -2.46574 1.97357,0
13,5,14,3,258.644 -2.68864 4.52351 -3.54539,-240.893 -6.56349 -1.86584 1.54585,0
13,5,14,4,258.644 -2.62996 1.85507 -1.73421,-240.893 -6.42023 -0.984346 0.936157,0
13,5,14,5,258.644 -2.61483 -0.656758 -0.0360876,-240.893 -6.3833 0.200242 0.1297,0
13,5,14,6,258.644 -2.644 -3.01242 1.55017,-240.893 -6.45452 1.69546 -0.87923,0
13,6,14,3,257.775 -2.68491 7.1683 -5.32436,-240.661 -6.64302 -2.34539 1.87285,0
13,6,14,4,257.775 -2.58489 4.34994 -3.40459,-240.661 -6.39556 -1.76198 1.45704,0
13,6,14,5,257.775 -2.52627 1.68332 -1.59516,-240.661 -6.25053 -0.88834 0.853428,0
13,6,14,6,257.775 -2.51196 -0.824262 0.0995298,-240.661 -6.21511 0.298433 0.046297,0
13,6,14,7,257.775 -2.54269 -3.17337 1.68079,-240.661 -6.29115 1.80599 -0.970156,0
13,7,14,4,256.905 -2.5834 7.00142 -5.188,-240.429 -6.47917 -2.22904 1.77563,0
13,7,14,5,256.905 -2.48281 4.18275 -3.2685,-240.429 -6.22689 -1.66279 1.37215,0
13,7,14,6,256.905 -2.42424 1.51793 -1.46082,-240.429 -6.08 -0.797231 0.774769,0
13,7,14,7,256.905 -2.41076 -0.985292 0.230348,-240.429 -6.04619 0.392076 -0.0332836,0
13,7,14,8,256.905 -2.44311 -3.32761 1.80645,-240.429 -6.12733 1.91288 -1.05788,0
13,8,14,5,256.036 -2.48362 6.8411 -5.05647,-240.197 -6.31485 -2.11654 1.68179,0
13,8,14,6,256.036 -2.3824 4.02201 -3.13718,-240.197 -6.0575 -1.56817 1.29112,0
13,8,14,7,256.036 -2.32386 1.35896 -1.33124,-240.197 -5.90865 -0.710939 0.700112,0
13,8,14,8,256.036 -2.31124 -1.13978 0.356307,-240.197 -5.87656 0.481276 -0.109127,0
13,8,14,9,256.036 -2.34528 -3.41554 1.86754,-240.197 -5.96312 1.97679 -1.10302,0
13,9,14,6,255.166 -2.38558 6.68743 -4.92985,-239.965 -6.15011 -2.00771 1.59121,0
13,9,14,7,255.166 -2.28368 3.86779 -3.01068,-239.965 -5.88741 -1.478 1.21385,0
13,9,14,8,255.166 -2.22514 1.20648 -1.20649,-239.965 -5.7365 -0.629387 0.629391,0
13,9,14,9,255.166 -2.21341 -1.2308 0.420486,-239.965 -5.70626 0.528395 -0.14357,0
13,9,14,10,255.166 -2.24922 -2.75183 1.17875,-239.965 -5.79857 1.44996 -0.557758,0
13,10,14,7,254.296 -2.31734 6.59658 -4.83625,-239.733 -5.9742 -1.92399 1.51455,0
13,10,14,8,254.296 -2.21344 3.77371 -2.91586,-239.733 -5.70633 -1.41283 1.15058,0
13,10,14,9,254.296 -2.15416 1.16802 -1.16802,-239.733 -5.55351 -0.609321 0.609321,1
13,10,14,10,254.296 -2.14322 -0.553866 -0.255653,-239.733 -5.5253 -0.00829113 0.395142,0
14,0,15,0,259.329 -4.84034 0.903687 -1.06458,-249.022 -5.97515 -1.061 1.19501,0
14,0,15,1,259.329 -4.87635 -1.13987 0.328256,-249.022 -6.0196 0.943815 -0.183628,0
14,0,15,2,259.329 -4.977 -2.97824 1.58055,-249.022 -6.14385 3.17183 -1.70566,0
14,1,15,0,258.531 -4.67847 2.85181 -2.37601,-248.607 -5.90885 -2.52855 2.18119,0
14,1,15,1,258.531 -4.64969 0.598187 -0.837889,-248.607 -5.8725 -0.750638 0.948658,0
14,1,15,2,258.531 -4.68779 -1.43896 0.550639,-248.607 -5.92062 1.25939 -0.431518,0
14,2,15,0,257.732 -4.58341 5.01923 -3.83991,-248.192 -5.92334 -3.77242 3.0245,0
14,2,15,1,257.732 -4.48945 2.55047 -2.15184,-248.192 -5.80191 -2.23032 1.94268,0
14,2,15,2,257.732 -4.46199 0.301067 -0.616621,-248.192 -5.76642 -0.456284 0.714889,0
14,2,15,3,257.732 -4.50224 -1.72932 0.767301,-248.192 -5.81844 1.55974 -0.667381,0
14,3,15,0,256.934 -4.55361 7.40442 -5.45632,-247.777 -6.02241 -4.78393 3.72001,0
14,3,15,1,256.934 -4.3969 4.72469 -3.62003,-247.777 -5.81515 -3.47665 2.7872,0
14,3,15,2,256.934 -4.30341 2.2576 -1.93316,-247.777 -5.69151 -1.94821 1.71684,0
14,3,15,3,256.934 -4.2773 0.0127197 -0.401114,-247.777 -5.65697 -0.177698 0.493516,0
14,3,15,4,256.934 -4.31977 -2.01055 0.977907,-247.777 -5.71314 1.84517 -0.891444,0
14,4,15,1,256.135 -4.37038 7.11913 -5.24241,-247.362 -5.91607 -4.48072 3.47713,0
14,4,15,2,256.135 -4.21344 4.43879 -3.40575,-247.362 -5.70362 -3.19664 2.56232,0
14,4,15,3,256.135 -4.12041 1.9736 -1.7203,-247.362 -5.5777 -1.68201 1.5035,0
14,4,15,4,256.135 -4.09567 -0.26647 -0.1917,-247.362 -5.54421 0.0853759 0.284347,0
14,4,15,5,256.135 -4.14043 -2.28226 1.18212,-247.362 -5.6048 2.11599 -1.10395,0
14,5,15,2,255.337 -4.19029 6.84272 -5.03424,-246.947 -5.80668 -4.19243 3.24611,0
14,5,15,3,255.337 -4.03307 4.16193 -3.1974,-246.947 -5.58882 -2.93214 2.34968,0
14,5,15,4,255.337 -3.9405 1.69883 -1.51359,-246.947 -5.46054 -1.43147 1.30246,0
14,5,15,5,255.337 -3.91716 -0.53612 0.011294,-246.947 -5.4282 0.333201 0.0871797,0
14,5,15,6,255.337 -3.96428 -2.54406 1.37962,-246.947 -5.49349 2.37254 -1.30514,0
14,6,15,3,254.538 -4.0134 6.57559 -4.83216,-246.532 -5.69431 -3.91875 3.02672,0
14,6,15,4,254.538 -3.85586 3.89448 -2.99531,-246.532 -5.4708 -2.68289 2.14908,0
14,6,15,5,254.538 -3.76373 1.43367 -1.31336,-246.532 -5.34008 -1.19635 1.11355,0
14,6,15,6,254.538 -3.74183 -0.795856 0.207548,-246.532 -5.30901 0.566056 -0.0981998,0
14,6,15,7,254.538 -3.79138 -2.79556 1.57008,-246.532 -5.37931 2.61518 -1.49529,0
14,7,15,4,253.739 -3.83976 6.31813 -4.63648,-246.117 -5.57906 -3.65934 2.81873,0
14,7,15,5,253.739 -3.68186 3.63683 -2.79981,-246.117 -5.34963 -2.44862 1.96031,0
14,7,15,6,253.739 -3.59015 1.1785 -1.11991,-246.117 -5.21637 -0.976412 0.936572,0
14,7,15,7,253.739 -3.56973 -1.04531 0.396744,-246.117 -5.1867 0.784228 -0.272015,0
14,7,15,8,253.739 -3.6218 -2.93613 1.65292,-246.117 -5.26236 2.74542 -1.57582,0
14,8,15,5,252.941 -3.66944 6.07072 -4.44754,-245.702 -5.461 -3.41387 2.62186,0
14,8,15,6,252.941 -3.51113 3.38934 -2.61121,-245.702 -5.22538 -2.22905 1.78316,0
14,8,15,7,252.941 -3.41981 0.933664 -0.933568,-245.702 -5.08949 -0.771377 0.771312,0
14,8,15,8,252.941 -3.4009 -1.18841 0.482866,-245.702 -5.06134 0.893643 -0.340122,0
14,8,15,9,252.941 -3.45558 -2.54812 1.21054,-245.702 -5.14272 2.27282 -1.05619,0
14,9,15,6,252.142 -3.56183 5.95241 -4.325,-245.287 -5.30084 -3.26074 2.47524,0
14,9,15,7,252.142 -3.40034 3.26567 -2.48647,-245.287 -5.06051 -2.09909 1.65499,0
14,9,15,8,252.142 -3.30787 0.902823 -0.902823,-245.287 -4.92288 -0.745939 0.745939,1
14,9,15,9,252.142 -3.29022 -0.718584 0.0142094,-245.287 -4.89662 0.355218 0.200244,0
14,9,15,10,252.142 -3.34858 -2.15176 0.81902,-245.287 -4.98348 1.69859 -0.474545,0
14,10,15,7,251.344 -4.19926 7.32815 -4.95146,-244.871 -4.55308 -4.29078 2.92418,0
14,10,15,8,251.344 -3.99887 4.65736 -3.16778,-244.871 -4.33581 -3.18829 2.18615,0
14,10,15,9,251.344 -3.88494 2.73234 -2.04341,-244.871 -4.21228 -2.3614 1.81746,0
14,10,15,10,251.344 -3.86513 1.01495 -1.03256,-244.871 -4.1908 -1.28382 1.30013,0
15,0,16,0,254.328 -5.96689 1.21279 -1.08399,-254.863 -4.32384 -1.98607 1.81369,0
15,0,16,1,254.328 -6.01385 -0.399239 0.0232635,-254.863 -4.35787 0.473991 0.0987031,0
15,0,16,2,254.328 -6.14746 -1.7523 0.958196,-254.863 -4.45469 3.10774 -1.72718,0
15,1,16,0,253.641 -5.76227 2.7389 -2.128,-254.282 -4.37246 -3.68647 2.98098,0
15,1,16,1,253.641 -5.7221 0.856077 -0.837077,-254.282 -4.34198 -1.4052 1.38028,0
15,1,16,2,253.641 -5.77141 -0.75394 0.270513,-254.282 -4.37939 1.05564 -0.332106,0
15,2,16,0,252.955 -5.64513 4.542 -3.36151,-253.7 -4.48303 -5.22011 4.04345,0
15,2,16,1,252.955 -5.51812 2.38437 -1.88263,-253.7 -4.38217 -3.12724 2.56078,0
15,2,16,2,252.955 -5.47953 0.501381 -0.58996,-253.7 -4.35152 -0.856885 0.97082,0
15,2,16,3,252.955 -5.53121 -1.10604 0.517408,-253.7 -4.39256 1.60547 -0.73944,0
15,3,16,0,252.268 -5.61192 6.61601 -4.78201,-253.118 -4.662 -6.57361 4.9942,0
15,3,16,1,252.268 -5.40257 4.19266 -3.11974,-253.118 -4.4881 -4.67017 3.6279,0
15,3,16,2,252.268 -5.27641 2.03244 -1.63741,-253.118 -4.38329 -2.60056 2.16453,0
15,3,16,3,252.268 -5.23944 0.149964 -0.343643,-253.118 -4.35257 -0.34086 0.585168,0
15,3,16,4,252.268 -5.29353 -1.45428 0.762959,-253.118 -4.39751 2.12379 -1.1235,0
15,4,16,1,251.581 -5.37163 6.27428 -4.54558,-252.536 -4.66628 -6.0205 4.57469,0
15,4,16,2,251.581 -5.16268 3.84644 -2.87841,-252.536 -4.48477 -4.15223 3.23595,0
15,4,16,3,251.581 -5.0374 1.68436 -1.39335,-252.536 -4.37594 -2.10615 1.7921,0
15,4,16,4,251.581 -5.00208 -0.196924 -0.0991174,-252.536 -4.34526 0.143178 0.223138,0
15,4,16,5,251.581 -5.05861 -1.79743 1.00619,-252.536 -4.39436 2.61101 -1.48454,0
15,5,16,2,250.895 -5.1342 5.93604 -4.30977,-251.955 -4.66252 -5.49831 4.17806,0
15,5,16,3,250.895 -4.92571 3.50455 -2.63851,-251.955 -4.47318 -3.66597 2.86743,0
15,5,16,4,250.895 -4.80135 1.34138 -1.15143,-251.955 -4.36025 -1.64372 1.44329,0
15,5,16,5,250.895 -4.76772 -0.538047 0.142636,-251.955 -4.32971 0.595582 -0.115498,0
15,5,16,6,250.895 -4.82671 -2.13427 1.24612,-251.955 -4.38328 3.06756 -1.82285,0
15,6,16,3,250.208 -4.89989 5.60249 -4.07554,-251.373 -4.65088 -5.00666 3.80409,0
15,6,16,4,250.208 -4.69191 3.16825 -2.40101,-251.373 -4.45347 -3.21105 2.52212,0
15,6,16,5,250.208 -4.56851 1.00472 -0.912618,-251.373 -4.33634 -1.2129 1.11789,0
15,6,16,6,250.208 -4.5366 -0.872187 0.380649,-251.373 -4.30605 1.01676 -0.431007,0
15,6,16,7,250.208 -4.59809 -2.33475 1.35297,-251.373 -4.36442 3.31496 -1.9598,0
15,7,16,4,249.521 -4.66894 5.27487 -3.84388,-250.791 -4.63152 -4.54512 3.45252,0
15,7,16,5,249.521 -4.46153 2.83874 -2.16689,-250.791 -4.42577 -2.78707 2.19976,0
15,7,16,6,249.521 -4.33912 0.675599 -0.677894,-250.791 -4.30435 -0.813316 0.81563,0
15,7,16,7,249.521 -4.30897 -1.07479 0.490614,-250.791 -4.27444 1.23581 -0.552352,0
15,7,16,8,249.521 -4.37299 -2.17027 1.09838,-250.791 -4.33794 2.96554 -1.50753,0
15,8,16,5,248.834 -4.542 5.15519 -3.71615,-250.209 -4.5056 -4.31125 3.22205,0
15,8,16,6,248.834 -4.33054 2.7087 -2.03285,-250.209 -4.29584 -2.5824 1.99448,0
15,8,16,7,248.834 -4.20642 0.661611 -0.661611,-250.209 -4.17271 -0.795173 0.795173,1
15,8,16,8,248.834 -4.17742 -0.743537 0.162805,-250.209 -4.14395 0.701353 -0.0190699,0
15,8,16,9,248.834 -4.2455 -1.89572 0.831334,-250.209 -4.21148 2.41534 -0.954478,0
15,9,16,6,248.148 -4.93887 6.08374 -4.11283,-249.628 -3.77994 -5.29125 3.6057,0
15,9,16,7,248.148 -4.69756 3.69626 -2.5184,-249.628 -3.59525 -3.70069 2.54151,0
15,9,16,8,248.148 -4.55668 1.94667 -1.46142,-249.628 -3.48743 -2.42633 1.87037,0
15,9,16,9,248.148 -4.52562 0.464165 -0.561708,-249.628 -3.46366 -0.930968 1.06228,0
15,9,16,10,248.148 -4.60659 -0.726628 0.158323,-249.628 -3.52563 0.75577 0.148564,0
15,10,16,7,247.461 -5.22753 6.91996 -4.5254,-249.046 -3.02875 -6.50702 4.1996,0
15,10,16,8,247.461 -4.95909 4.80571 -3.23132,-249.046 -2.87322 -5.40315 3.65125,0
15,10,16,9,247.461 -4.80322 2.94255 -2.07577,-249.046 -2.78291 -4.09311 2.96195,0
15,10,16,10,247.461 -4.77096 1.38595 -1.10316,-249.046 -2.76422 -2.58983 2.15103,0
16,0,17,0,248.49 -6.50542 -0.0762028 -0.0563845,-259.359 -2.73394 0.0708355 0.268991,0
16,0,17,1,248.49 -6.6824 -0.925818 0.539377,-259.359 -2.80832 2.9754 -1.77102,0
16,0,17,2,248.49 -6.95452 -1.51002 0.964865,-259.359 -2.92268 6.00817 -3.89926,0
16,1,17,0,247.938 -6.2031 0.757724 -0.640894,-258.648 -2.86466 -1.85753 1.61702,0
16,1,17,1,247.938 -6.27885 -0.394933 0.156673,-258.648 -2.89964 0.925336 -0.340682,0
16,1,17,2,247.938 -6.45792 -1.25198 0.761946,-258.648 -2.98234 3.84577 -2.38824,0
16,2,17,0,247.387 -6.00158 1.90352 -1.43648,-257.937 -3.02914 -3.68953 2.90246,0
16,2,17,1,247.387 -5.97149 0.428901 -0.422786,-257.937 -3.01395 -1.04719 1.0351,0
16,2,17,2,247.387 -6.04893 -0.731555 0.384273,-257.937 -3.05304 1.73749 -0.920316,0
16,3,17,0,246.835 -5.90105 3.36701 -2.44876,-257.226 -3.24068 -5.39715 4.11057,0
16,3,17,1,246.835 -5.76598 1.56742 -1.21508,-257.226 -3.16651 -2.90839 2.33781,0
16,3,17,2,246.835 -5.73719 0.0839799 -0.19127,-257.226 -3.1507 -0.279854 0.483639,0
16,3,17,3,246.835 -5.81625 -1.08372 0.624648,-257.226 -3.19411 2.50689 -1.46951,0
16,4,17,0,246.283 -5.89538 5.13541 -3.6711,-256.515 -3.50981 -6.95947 5.23097,0
16,4,17,1,246.283 -5.6622 3.02598 -2.22569,-256.515 -3.37099 -4.62915 3.552,0
16,4,17,2,246.283 -5.52825 1.21657 -0.981065,-256.515 -3.29124 -2.17043 1.80371,0
16,4,17,3,246.283 -5.50079 -0.274663 0.0518683,-256.515 -3.27489 0.4441 -0.0369916,0
16,4,17,4,246.283 -5.58139 -1.44906 0.876022,-256.515 -3.32288 3.23322 -1.98795,0
16,5,17,1,245.731 -5.65339 4.79047 -3.44725,-255.804 -3.63786 -6.18873 4.6674,0
16,5,17,2,245.731 -5.42164 2.67105 -1.99043,-255.804 -3.48873 -3.904 3.02372,0
16,5,17,3,245.731 -5.28898 0.853335 -0.736214,-255.804 -3.40336 -1.47599 1.30052,0
16,5,17,4,245.731 -5.26288 -0.644649 0.304838,-255.804 -3.38657 1.12443 -0.526514,0
16,5,17,5,245.731 -5.34493 -1.6852 0.996588,-255.804 -3.43937 3.6429 -2.20202,0
16,6,17,2,245.18 -5.40998 4.43196 -3.21126,-255.093 -3.75356 -5.46004 4.13354,0
16,6,17,3,245.18 -5.17997 2.30459 -1.74474,-255.093 -3.59396 -3.22197 2.52605,0
16,6,17,4,245.18 -5.04874 0.480096 -0.482321,-255.093 -3.50292 -0.825271 0.82848,0
16,6,17,5,245.18 -5.02404 -0.888882 0.431125,-255.093 -3.48578 1.49794 -0.72169,0
16,6,17,6,245.18 -5.10743 -1.77356 0.968354,-255.093 -3.54364 3.6928 -2.06852,0
16,7,17,3,244.628 -5.29675 4.32423 -3.09587,-254.382 -3.67499 -5.13761 3.81167,0
16,7,17,4,244.628 -5.06298 2.1794 -1.61565,-254.382 -3.5128 -2.93113 2.23317,0
16,7,17,5,244.628 -4.93007 0.475329 -0.475329,-254.382 -3.42058 -0.815272 0.815272,1
16,7,17,6,244.628 -4.90621 -0.747313 0.292619,-254.382 -3.40403 1.18732 -0.413691,0
16,7,17,7,244.628 -4.99298 -1.64196 0.843197,-254.382 -3.46423 3.3824 -1.7584,0
16,8,17,4,244.076 -5.55005 4.94116 -3.33861,-253.671 -3.00064 -6.02477 4.1036,0
16,8,17,5,244.076 -5.29557 2.87909 -1.96185,-253.671 -2.86305 -4.05501 2.78644,0
16,8,17,6,244.076 -5.15138 1.29149 -0.949281,-253.671 -2.7851 -2.22758 1.67122,0
16,8,17,7,244.076 -5.12678 0.0453811 -0.158611,-253.671 -2.7718 -0.216511 0.437029,0
16,8,17,8,244.076 -5.22347 -0.845653 0.398273,-253.671 -2.82407 1.95924 -0.896268,0
16,9,17,5,243.524 -5.72094 5.52203 -3.62769,-252.96 -2.3163 -7.21563 4.68926,0
16,9,17,6,243.524 -5.44819 3.56041 -2.36966,-252.96 -2.20587 -5.51092 3.66428,0
16,9,17,7,243.524 -5.29416 1.92519 -1.31931,-252.96 -2.1435 -3.64409 2.52526,0
16,9,17,8,243.524 -5.26929 0.657253 -0.507086,-252.96 -2.13343 -1.62318 1.28446,0
16,9,17,9,243.524 -5.37536 -0.230678 0.0560756,-252.96 -2.17638 0.531314 -0.0369116,0
16,10,17,6,242.973 -5.81043 6.08568 -3.98095,-252.249 -1.63174 -8.73247 5.60066,0
16,10,17,7,242.973 -5.52212 4.05911 -2.67354,-252.249 -1.55077 -6.95487 4.53226,0
16,10,17,8,242.973 -5.35987 2.38034 -1.58786,-252.249 -1.50521 -5.04436 3.36636,0
16,10,17,9,242.973 -5.33517 1.09228 -0.755335,-252.249 -1.49827 -3.01246 2.1177,0
16,10,17,10,242.973 -5.44991 0.206657 -0.185816,-252.249 -1.53049 -0.881205 0.808846,0
17,0,18,0,241.852 -6.46692 -0.223669 0.109746,-261.754 -1.69114 1.01464 -0.495467,0
17,0,18,1,241.852 -6.69447 -0.583081 0.366073,-261.754 -1.75065 3.96302 -2.54728,0
17,0,18,2,241.852 -7.02333 -0.65393 0.435142,-261.754 -1.83665 7.00709 -4.66829,0
17,1,18,0,241.421 -6.15921 0.227859 -0.218661,-260.963 -1.93308 -0.911341 0.882275,0
17,1,18,1,241.421 -6.27574 -0.462264 0.257366,-260.963 -1.96966 1.95803 -1.11346,0
17,1,18,2,241.421 -6.50453 -0.826919 0.52017,-260.963 -2.04146 4.93491 -3.18146,0
17,2,18,0,240.99 -5.95682 1.00877 -0.771116,-260.173 -2.19099 -2.78468 2.22335,0
17,2,18,1,240.99 -5.95565 -0.0365163 -0.0576373,-260.173 -2.19056 -0.0198188 0.295125,0
17,2,18,2,240.99 -6.07312 -0.732535 0.425215,-260.173 -2.23377 2.86178 -1.7062,0
17,3,18,0,240.56 -5.86077 2.12712 -1.55469,-259.383 -2.48337 -4.56732 3.50819,0
17,3,18,1,240.56 -5.74214 0.722082 -0.598909,-259.383 -2.4331 -1.92845 1.65612,0
17,3,18,2,240.56 -5.74187 -0.32978 0.122052,-259.383 -2.43299 0.830585 -0.265962,0
17,3,18,3,240.56 -5.85998 -0.961303 0.541055,-259.383 -2.48304 3.47417 -2.02243,0
17,4,18,0,240.129 -5.86348 3.56675 -2.56076,-258.593 -2.8261 -6.22768 4.72111,0
17,4,18,1,240.129 -5.63544 1.82029 -1.37297,-258.593 -2.71619 -3.72867 2.94925,0
17,4,18,2,240.129 -5.51821 0.408631 -0.409181,-258.593 -2.65968 -1.11433 1.11547,0
17,4,18,3,240.129 -5.51884 -0.581321 0.250771,-258.593 -2.65999 1.39766 -0.559147,0
17,4,18,4,240.129 -5.63731 -1.17681 0.63409,-258.593 -2.71708 3.92665 -2.19397,0
17,5,18,1,239.698 -5.76807 3.52195 -2.51116,-257.803 -2.78011 -5.94014 4.43447,0
17,5,18,2,239.698 -5.537 1.75893 -1.30984,-257.803 -2.66874 -3.46149 2.68151,0
17,5,18,3,239.698 -5.41855 0.402871 -0.402871,-257.803 -2.61165 -1.09757 1.09757,1
17,5,18,4,239.698 -5.42011 -0.553256 0.224184,-257.803 -2.6124 1.29106 -0.453239,0
17,5,18,5,239.698 -5.54158 -1.14207 0.603838,-257.803 -2.67095 3.82255 -2.08912,0
17,6,18,2,239.267 -5.82439 3.77213 -2.60482,-257.013 -2.39438 -6.34278 4.49827,0
17,6,18,3,239.267 -5.58393 2.04768 -1.45147,-257.013 -2.29553 -4.09473 2.98844,0
17,6,18,4,239.267 -5.46102 0.711756 -0.569081,-257.013 -2.245 -1.84023 1.52047,0
17,6,18,5,239.267 -5.46361 -0.24444 0.0590738,-257.013 -2.24607 0.550882 -0.0325052,0
17,6,18,6,239.267 -5.59153 -0.819543 0.431458,-257.013 -2.29865 3.07 -1.66197,0
17,7,18,3,238.836 -5.85578 4.03335 -2.73444,-256.222 -2.0119 -6.99365 4.81355,0
17,7,18,4,238.836 -5.6065 2.3183 -1.5993,-256.222 -1.92625 -4.84278 3.4141,0
17,7,18,5,238.836 -5.47946 0.968871 -0.707554,-256.222 -1.8826 -2.57042 1.93516,0
17,7,18,6,238.836 -5.48316 0.0128941 -0.0785116,-256.222 -1.88387 -0.177005 0.380078,0
17,7,18,7,238.836 -5.61734 -0.548667 0.286601,-256.222 -1.92997 2.32864 -1.2424,0
17,8,18,4,238.405 -5.86286 4.27743 -2.87124,-255.432 -1.63423 -7.76079 5.24992,0
17,8,18,5,238.405 -5.60536 2.53785 -1.71979,-255.432 -1.56246 -5.57593 3.83035,0
17,8,18,6,238.405 -5.47452 1.17567 -0.819084,-255.432 -1.52599 -3.28499 2.34,0
17,8,18,7,238.405 -5.47939 0.220187 -0.189361,-255.432 -1.52735 -0.889458 0.782897,0
17,8,18,8,238.405 -5.61964 -0.328062 0.168504,-255.432 -1.56644 1.60159 -0.831988,0
17,9,18,5,237.975 -5.8463 4.47071 -2.98087,-254.642 -1.2629 -8.51151 5.67619,0
17,9,18,6,237.975 -5.58125 2.70794 -1.81378,-254.642 -1.20564 -6.29113 4.23563,0
17,9,18,7,237.975 -5.44695 1.33379 -0.904561,-254.642 -1.17663 -3.98089 2.73344,0
17,9,18,8,237.975 -5.45307 0.379074 -0.274362,-254.642 -1.17795 -1.58347 1.17441,0
17,9,18,9,237.975 -5.59915 -0.156151 0.0763076,-254.642 -1.20951 0.89184 -0.432279,0
17,10,18,6,237.544 -5.8069 4.61491 -3.06426,-253.852 -0.89933 -9.24283 6.09083,0
17,10,18,7,237.544 -5.535 2.83037 -1.88227,-253.852 -0.857218 -6.98546 4.62842,0
17,10,18,8,237.544 -5.39762 1.44506 -0.964971,-253.852 -0.835942 -4.65524 3.11399,0
17,10,18,9,237.544 -5.40503 0.491374 -0.334495,-253.852 -0.837091 -2.25618 1.55314,0
17,10,18,10,237.544 -5.55667 -0.0311784 0.0090596,-253.852 -0.860575 0.202245 -0.0447251,0
18,0,19,0,235.271 -15.2507 -0.0670676 -0.0139615,-262.926 -2.65935 0.181741 0.334228,0
18,0,19,1,235.271 -15.2871 -0.363429 0.183473,-262.926 -2.6657 2.86683 -1.45474,0
18,0,19,2,235.271 -15.3746 -0.511921 0.284166,-262.926 -2.68096 5.64497 -3.32785,0
18,1,19,0,234.941 -14.9469 0.131393 -0.185576,-262.088 -3.24126 -1.18122 1.44203,0
18,1,19,1,234.941 -14.9331 -0.316451 0.113077,-262.088 -3.23826 1.48088 -0.33331,0
18,1,19,2,234.941 -14.9709 -0.614015 0.313202,-262.088 -3.24647 4.23944 -2.19389,0
18,2,19,0,234.61 -14.6709 0.436503 -0.436039,-261.251 -3.81573 -2.55478 2.553,0
18,2,19,1,234.61 -14.6065 -0.164566 -0.03469,-261.251 -3.79899 0.0754687 0.795768,0
18,2,19,2,234.61 -14.5939 -0.614617 0.267435,-261.251 -3.79571 2.80563 -1.0479,0
18,3,19,0,234.279 -14.5909 1.18596 -0.934885,-260.414 -3.79492 -5.11452 4.25485,0
18,3,19,1,234.279 -14.4752 0.429305 -0.429305,-260.414 -3.76482 -2.51541 2.51541,1
18,3,19,2,234.279 -14.4112 -0.17621 -0.0230543,-260.414 -3.74819 0.182754 0.690384,0
18,3,19,3,234.279 -14.3998 -0.622972 0.276941,-260.414 -3.74521 2.91263 -1.15269,0
18,4,19,0,233.949 -14.6401 2.24711 -1.61622,-259.577 -3.47616 -8.26567 6.25018,0
18,4,19,1,233.949 -14.4719 1.33263 -1.00521,-259.577 -3.43624 -5.69065 4.52501,0
18,4,19,2,233.949 -14.3553 0.568236 -0.49275,-259.577 -3.40855 -3.01971 2.71615,0
18,4,19,3,233.949 -14.2915 -0.0367377 -0.0869107,-259.577 -3.3934 -0.319789 0.890844,0
18,4,19,4,233.949 -14.2812 -0.480215 0.210938,-259.577 -3.39096 2.41026 -0.951885,0
18,5,19,1,233.618 -14.5143 2.38116 -1.68072,-258.74 -3.12092 -8.83486 6.51682,0
18,5,19,2,233.618 -14.3444 1.45644 -1.06124,-258.74 -3.08438 -6.18649 4.72169,0
18,5,19,3,233.618 -14.227 0.689981 -0.54753,-258.74 -3.05914 -3.51219 2.91191,0
18,5,19,4,233.618 -14.1634 0.085666 -0.142173,-258.74 -3.04545 -0.810524 1.08633,0
18,5,19,5,233.618 -14.1543 -0.354384 0.153437,-258.74 -3.0435 1.91964 -0.756021,0
18,6,19,2,233.287 -14.3802 2.49277 -1.73116,-257.903 -2.77264 -9.32358 6.70997,0
18,6,19,3,233.287 -14.2086 1.56346 -1.10881,-257.903 -2.73955 -6.67015 4.91321,0
18,6,19,4,233.287 -14.0904 0.795028 -0.593896,-257.903 -2.71676 -3.99244 3.10249,0
18,6,19,5,233.287 -14.027 0.19149 -0.189091,-257.903 -2.70454 -1.28905 1.27664,0
18,6,19,6,233.287 -14.0191 -0.244989 0.104185,-257.903 -2.70302 1.44114 -0.565299,0
18,7,19,3,232.957 -14.2379 2.58802 -1.77337,-257.066 -2.43153 -9.79982 6.8978,0
18,7,19,4,232.957 -14.0646 1.65419 -1.14816,-257.066 -2.40193 -7.14124 5.09938,0
18,7,19,5,232.957 -13.9457 0.883876 -0.632104,-257.066 -2.38162 -4.46009 3.2877,0
18,7,19,6,232.957 -13.8826 0.281234 -0.227923,-257.066 -2.37084 -1.755 1.46159,0
18,7,19,7,232.957 -13.876 -0.151529 0.0629255,-257.066 -2.36972 0.975143 -0.379908,0
18,8,19,4,232.626 -14.0878 2.66742 -1.80759,-256.229 -2.09776 -10.2632 7.08013,0
18,8,19,5,232.626 -13.9129 1.72913 -1.17958,-256.229 -2.07171 -7.59938 5.28001,0
18,8,19,6,232.626 -13.7933 0.957031 -0.662413,-256.229 -2.0539 -4.91476 3.46735,0
18,8,19,7,232.626 -13.7304 0.355403 -0.258928,-256.229 -2.04455 -2.208 1.641,0
18,8,19,8,232.626 -13.7252 -0.0734946 0.0293962,-256.229 -2.04377 0.522019 -0.200031,0
18,9,19,5,232.296 -13.93 2.73147 -1.83412,-255.392 -1.77153 -10.7134 7.25678,0
18,9,19,6,232.296 -13.7535 1.7888 -1.20331,-255.392 -1.74907 -8.04423 5.45492,0
18,9,19,7,232.296 -13.6333 1.01501 -0.685086,-255.392 -1.73378 -5.3561 3.64127,0
18,9,19,8,232.296 -13.5708 0.414515 -0.28237,-255.392 -1.72584 -2.64768 1.81468,0
18,9,19,9,232.296 -13.567 -0.0103683 0.00333067,-255.392 -1.72535 0.0821133 -0.0258421,0
18,10,19,6,231.965 -13.7649 2.78072 -1.8532,-254.555 -1.45299 -11.15 7.42758,0
18,10,19,7,231.965 -13.5868 1.83372 -1.21962,-254.555 -1.43419 -8.47544 5.62394,0
18,10,19,8,231.965 -13.466 1.05833 -0.700393,-254.555 -1.42143 -5.78376 3.80928,0
18,10,19,9,231.965 -13.4039 0.459093 -0.298519,-254.555 -1.41489 -3.07373 1.98246,0
18,10,19,10,231.965 -13.4015 0.0383757 -0.0155415,-254.555 -1.41463 -0.34424 0.142491,0
19,0,20,0,219.94 -15.1831 0.324855 -0.223189,-265.069 -1.27276 -2.94785 2.0534,0
19,0,20,1,219.94 -15.112 0.0528359 -0.0527585,-265.069 -1.2668 -1.15942 1.1585,0
19,0,20,2,219.94 -15.094 -0.0928496 0.0443861,-265.069 -1.26529 1.53587 -0.638825,0
19,0,20,3,219.94 -15.1293 -0.0818848 0.0381176,-265.069 -1.26825 4.46298 -2.6635,0
19,1,20,0,219.804 -15.2022 0.788196 -0.532091,-264.179 -1.27436 -5.61268 3.83007,0
19,1,20,1,219.804 -15.0783 0.357641 -0.255923,-264.179 -1.26398 -3.83462 2.9411,0
19,1,20,2,219.804 -15.0072 0.0522385 -0.0522385,-264.179 -1.25801 -1.14862 1.14862,1
19,1,20,3,219.804 -14.9894 -0.0959403 0.0476403,-264.179 -1.25652 1.76716 -0.869162,0
19,1,20,4,219.804 -15.0253 -0.086363 0.0433706,-264.179 -1.25953 4.6933 -2.89282,0
19,2,20,1,219.669 -15.092 0.810661 -0.559934,-263.289 -1.33444 -6.36285 4.65003,0
19,2,20,2,219.669 -14.9677 0.345681 -0.249788,-263.289 -1.32345 -3.68729 2.86296,0
19,2,20,3,219.669 -14.8964 0.0367422 -0.04267,-263.289 -1.31715 -0.782806 0.85166,0
19,2,20,4,219.669 -14.8789 -0.113871 0.0598941,-263.289 -1.31561 2.13099 -1.1642,0
19,2,20,5,219.669 -14.9154 -0.105646 0.0575824,-263.289 -1.31883 5.05647 -3.18698,0
19,3,20,2,219.534 -14.9816 0.799656 -0.55453,-262.4 -1.39355 -6.21625 4.57225,0
19,3,20,3,219.534 -14.8569 0.330083 -0.240238,-262.4 -1.38195 -3.32325 2.56713,0
19,3,20,4,219.534 -14.7855 0.0176516 -0.0297324,-262.4 -1.37531 -0.422108 0.558833,0
19,3,20,5,219.534 -14.7683 -0.135335 0.07546,-262.4 -1.37371 2.48967 -1.45507,0
19,3,20,6,219.534 -14.8053 -0.1284 0.0750517,-262.4 -1.37715 5.41448 -3.47695,0
19,4,20,3,219.398 -14.871 0.785037 -0.545724,-261.51 -1.45168 -5.85264 4.27648,0
19,4,20,4,219.398 -14.7458 0.310913 -0.227336,-261.51 -1.43946 -2.96433 2.27544,0
19,4,20,5,219.398 -14.6744 -0.00495066 -0.0135014,-261.51 -1.43248 -0.0665765 0.270189,0
19,4,20,6,219.398 -14.6574 -0.160249 0.0942613,-261.51 -1.43082 2.84316 -1.74172,0
19,4,20,7,219.398 -14.6951 -0.154542 0.0957014,-261.51 -1.4345 5.76728 -3.76268,0
19,5,20,4,219.263 -14.7602 0.766871 -0.533579,-260.62 -1.50883 -5.49411 3.98483,0
19,5,20,5,219.263 -14.6346 0.288254 -0.211156,-260.62 -1.49599 -2.61057 1.98792,0
19,5,20,6,219.263 -14.563 -0.0309814 0.00594633,-260.62 -1.48867 0.283741 -0.0142268,0
19,5,20,7,219.263 -14.5463 -0.18853 0.116221,-260.62 -1.48696 3.1914 -2.02411,0
19,5,20,8,219.263 -14.5846 -0.183987 0.119454,-260.62 -1.49088 6.11482 -4.04414,0
19,6,20,5,219.128 -14.6492 0.74524 -0.518169,-259.73 -1.56501 -5.14073 3.69733,0
19,6,20,6,219.128 -14.5231 0.262189 -0.191775,-259.73 -1.55153 -2.26202 1.70463,0
19,6,20,7,219.128 -14.4514 -0.0603573 0.028534,-259.73 -1.54387 0.628806 -0.294374,0
19,6,20,8,219.128 -14.435 -0.220092 0.141262,-259.73 -1.54212 3.53435 -2.3022,0
19,6,20,9,219.128 -14.4739 -0.216651 0.146232,-259.73 -1.54628 6.45707 -4.32127,0
19,7,20,6,218.992 -14.538 0.720228 -0.499572,-258.841 -1.6202 -4.79252 3.41403,0
19,7,20,7,218.992 -14.4114 0.232803 -0.16927,-258.841 -1.60609 -1.91872 1.4256,0
19,7,20,8,218.992 -14.3397 -0.0929936 0.0541837,-258.841 -1.59809 0.968571 -0.570209,0
19,7,20,9,218.992 -14.3235 -0.254852 0.169305,-258.841 -1.59629 3.87198 -2.57594,0
19,7,20,10,218.992 -14.3631 -0.252447 0.175955,-258.841 -1.6007 6.79399 -4.59405,0
19,8,20,7,218.857 -14.4266 0.691917 -0.477864,-257.951 -1.67441 -4.44954 3.13498,0
19,8,20,8,218.857 -14.2996 0.200179 -0.143719,-257.951 -1.65967 -1.5807 1.15087,0
19,8,20,9,218.857 -14.2277 -0.128805 0.0828173,-257.951 -1.65132 1.303 -0.841691,0
19,8,20,10,218.857 -14.2118 -0.292724 0.200273,-257.951 -1.64947 4.20425 -2.84531,0
19,9,20,8,218.722 -14.3151 0.660393 -0.453122,-257.061 -1.72764 -4.11183 2.86021,0
19,9,20,9,218.722 -14.1876 0.164402 -0.1152,-257.061 -1.71225 -1.24802 0.880496,0
19,9,20,10,218.722 -14.1156 -0.167708 0.114356,-257.061 -1.70356 1.63205 -1.10878,0
19,10,20,8,218.586 -14.3857 1.28666 -0.873392,-256.171 -1.80275 -6.62337 4.5571,0
19,10,20,9,218.586 -14.2033 0.625742 -0.425426,-256.171 -1.77989 -3.77942 2.58977,0
19,10,20,10,218.586 -14.0753 0.125558 -0.0837921,-256.171 -1.76385 -0.920716 0.614503,0
20,0,21,0,204.858 -15.0999 0.211552 -0.123742,-267.236 -1.00143 -2.12413 1.21585,0
20,0,21,1,204.858 -15.016 -0.00573727 0.00666204,-267.236 -0.995863 0.0794168 -0.0932642,0
20,0,21,2,204.858 -14.9856 -0.0781941 0.0456752,-267.236 -0.993844 2.29653 -1.4124,0
20,0,21,3,204.858 -15.0089 -0.00448044 -0.00771602,-267.236 -0.99539 4.52265 -2.73698,0
20,0,21,4,204.858 -15.0858 0.217202 -0.155559,-267.236 -1.00049 7.23365 -4.54289,0
20,1,21,1,204.828 -15.1053 0.320956 -0.200219,-266.337 -0.109722 -4.3871 2.58763,0
20,1,21,2,204.828 -15.0211 0.0874647 -0.053922,-266.337 -0.10911 -2.17125 1.27117,0
20,1,21,3,204.828 -14.9906 -0.000456717 0.000458998,-266.337 -0.108888 0.050653 -0.0509666,0
20,1,21,4,204.828 -15.014 0.0608663 -0.0404228,-266.337 -0.109059 2.75123 -1.85138,0
20,1,21,5,204.828 -15.0912 0.275049 -0.180434,-266.337 -0.109619 5.81832 -4.01791,0
20,2,21,2,204.797 -15.0779 0.34947 -0.228576,-265.437 -0.109523 -4.86646 3.0673,0
20,2,21,3,204.797 -14.9936 0.10025 -0.0666789,-265.437 -0.10891 -2.64771 1.74794,0
20,2,21,4,204.797 -14.963 -0.000462708 0.000462708,-265.437 -0.108688 0.051499 -0.051499,1
20,2,21,5,204.797 -14.9865 0.0527939 -0.0322842,-265.437 -0.108859 3.1147 -2.21453,0
20,2,21,6,204.797 -15.0639 0.258628 -0.163781,-265.437 -0.109421 6.18269 -4.38197,0
20,3,21,3,204.766 -15.0473 0.356253 -0.23842,-264.538 -0.329896 -4.90358 3.32531,0
20,3,21,4,204.766 -14.9629 0.0939354 -0.0635362,-264.538 -0.328045 -2.2082 1.52807,0
20,3,21,5,204.766 -14.9323 -0.0151006 0.0119041,-264.538 -0.327374 0.851504 -0.632304,0
20,3,21,6,204.766 -14.9558 0.0295969 -0.0122201,-264.538 -0.327891 3.915 -2.79528,0
20,3,21,7,204.766 -15.0333 0.227048 -0.135184,-264.538 -0.32959 6.98596 -4.96456,0
20,4,21,4,204.736 -15.0135 0.343861 -0.232304,-263.638 -0.549396 -4.46333 3.10508,0
20,4,21,5,204.736 -14.9289 0.0729826 -0.048952,-263.638 -0.546303 -1.40898 0.947623,0
20,4,21,6,204.736 -14.8983 -0.0448153 0.0352323,-263.638 -0.545182 1.64811 -1.21059,0
20,4,21,7,204.736 -14.922 -0.00865797 0.0197071,-263.638 -0.546047 4.71169 -3.37331,0
20,4,21,8,204.736 -14.9996 0.18038 -0.0947097,-263.638 -0.548887 7.78544 -5.54422,0
20,5,21,5,204.705 -14.9765 0.316803 -0.214716,-262.739 -0.767975 -3.66208 2.52292,0
20,5,21,6,204.705 -14.8918 0.0369766 -0.022492,-262.739 -0.763637 -0.613238 0.369733,0
20,5,21,7,204.705 -14.8612 -0.0895102 0.0703698,-262.739 -0.762066 2.44103 -1.78611,0
20,5,21,8,204.705 -14.8849 -0.0618694 0.063415,-262.739 -0.763281 5.5045 -3.94837,0
20,5,21,9,204.705 -14.9626 0.118729 -0.0424449,-262.739 -0.767267 8.58082 -6.12071,0
20,6,21,6,204.675 -14.9363 0.274662 -0.185221,-261.839 -0.985588 -2.86439 1.94336,0
20,6,21,7,204.675 -14.8516 -0.0139849 0.0157659,-261.839 -0.980001 0.178717 -0.205344,0
20,6,21,8,204.675 -14.821 -0.149082 0.117233,-261.839 -0.97798 3.22995 -2.3586,0
20,6,21,9,204.675 -14.8447 -0.12993 0.118816,-261.839 -0.979546 6.2931 -4.52019,0
20,6,21,10,204.675 -14.9225 0.0422092 0.0215173,-261.839 -0.984682 9.37181 -6.69377,0
20,7,21,7,204.644 -14.8929 0.217537 -0.143897,-260.94 -1.20219 -2.07057 1.36665,0
20,7,21,8,204.644 -14.8082 -0.0797975 0.0657378,-260.94 -1.19535 0.966586 -0.777351,0
20,7,21,9,204.644 -14.7776 -0.223422 0.175735,-260.94 -1.19288 4.01458 -2.92782,0
20,7,21,10,204.644 -14.8013 -0.212725 0.185816,-260.94 -1.1948 7.07721 -5.08854,0
20,8,21,8,204.614 -14.8464 0.145534 -0.0908289,-260.04 -1.41773 -1.28092 0.793054,0
20,8,21,9,204.614 -14.7617 -0.160351 0.127334,-260.04 -1.40964 1.75007 -1.34604,0
20,8,21,10,204.614 -14.7311 -0.312415 0.245779,-260.04 -1.40671 4.79462 -3.49351,0
20,9,21,8,204.583 -14.9347 0.52456 -0.35098,-259.141 -1.64738 -3.50811 2.35041,0
20,9,21,9,204.583 -14.7968 0.0587629 -0.0261059,-259.141 -1.63217 -0.495732 0.222816,0
20,9,21,10,204.583 -14.7121 -0.255529 0.200461,-259.141 -1.62282 2.52889 -1.91116,0
20,10,21,8,204.553 -15.0717 1.05314 -0.712058,-258.241 -1.88646 -5.71081 3.89271,0
20,10,21,9,204.553 -14.882 0.431492 -0.283061,-258.241 -1.86272 -2.71842 1.77657,0
20,10,21,10,204.553 -14.7441 -0.0426572 0.0501767,-258.241 -1.84545 0.2847 -0.343814,0
21,0,22,0,189.846 -14.7387 -0.0837964 0.129772,-269.146 -1.56919 0.26989 -0.654027,0
21,0,22,1,189.846 -14.6923 -0.29607 0.250707,-269.146 -1.56426 2.63392 -2.12411,0
21,0,22,2,189.846 -14.7004 -0.352569 0.270305,-269.146 -1.56512 5.01899 -3.60946,0
21,0,22,3,189.846 -14.7628 -0.252996 0.188179,-269.146 -1.57176 7.42174 -5.10668,0
21,0,22,4,189.846 -14.8789 0.00101679 0.00527777,-269.146 -1.58412 9.83855 -6.61226,0
21,1,22,1,189.843 -14.8228 0.060723 0.0273463,-268.246 -1.10307 -0.972474 0.121096,0
21,1,22,2,189.843 -14.7765 -0.15807 0.154858,-268.246 -1.09963 1.39342 -1.34936,0
21,1,22,3,189.843 -14.7846 -0.221061 0.181008,-268.246 -1.10023 3.77582 -2.83229,0
21,1,22,4,189.843 -14.8471 -0.128026 0.105482,-268.246 -1.10488 6.17136 -4.3243,0
21,1,22,5,189.843 -14.9633 0.119336 -0.0707016,-268.246 -1.11353 8.57651 -5.82193,0
21,2,22,2,189.84 -14.8921 0.16919 -0.0538054,-267.346 -0.633189 -2.22539 0.90301,0
21,2,22,3,189.84 -14.8459 -0.0560715 0.0802784,-267.346 -0.631225 0.142483 -0.567952,0
21,2,22,4,189.84 -14.8541 -0.125636 0.113053,-267.346 -0.631574 2.52235 -2.04859,0
21,2,22,5,189.84 -14.9166 -0.0393525 0.0442779,-267.346 -0.634231 4.91084 -3.53555,0
21,2,22,6,189.84 -15.0327 0.173615 -0.0975601,-267.346 -0.639168 7.62838 -5.34928,0
21,3,22,3,189.837 -14.9464 0.241214 -0.113446,-266.446 -0.160015 -3.48778 1.69111,0
21,3,22,4,189.837 -14.9004 0.0095359 0.0272039,-266.446 -0.159522 -1.11781 0.219514,0
21,3,22,5,189.837 -14.9086 -0.0666799 0.0666728,-266.446 -0.15961 1.25965 -1.25898,0
21,3,22,6,189.837 -14.9711 -0.0146246 0.0320623,-266.446 -0.160278 3.96355 -3.06334,0
21,3,22,7,189.837 -15.087 0.126784 -0.0383826,-266.446 -0.16152 7.28486 -5.48453,0
21,4,22,4,189.834 -14.9882 0.281378 -0.153826,-265.546 -0.160462 -3.80568 2.00833,0
21,4,22,5,189.834 -14.9424 0.0433239 -0.00661288,-265.546 -0.159971 -1.4364 0.53744,0
21,4,22,6,189.834 -14.9506 -0.0668462 0.0668462,-265.546 -0.160059 1.26118 -1.26118,1
21,4,22,7,189.834 -15.0129 -0.085754 0.103083,-265.546 -0.160727 4.57325 -3.67371,0
21,4,22,8,189.834 -15.1286 0.0291995 0.0588306,-265.546 -0.161965 7.89749 -6.09784,0
21,5,22,5,189.831 -15.0217 0.298216 -0.179176,-264.646 -0.524594 -3.39881 1.96448,0
21,5,22,6,189.831 -14.976 0.0265095 0.00190235,-264.646 -0.523 -0.709718 0.172663,0
21,5,22,7,189.831 -14.9843 -0.154083 0.145815,-264.646 -0.52329 2.59564 -2.23353,0
21,5,22,8,189.831 -15.0465 -0.198702 0.207613,-264.646 -0.525461 5.91152 -4.64836,0
21,5,22,9,189.831 -15.1619 -0.110491 0.189779,-264.646 -0.529489 9.2432 -7.07714,0
21,6,22,6,189.828 -15.0463 0.263057 -0.161396,-263.746 -0.890439 -2.66651 1.5969,0
21,6,22,7,189.828 -15.0009 -0.0786691 0.0899389,-263.746 -0.887752 0.629138 -0.80256,0
21,6,22,8,189.828 -15.0092 -0.284185 0.258801,-263.746 -0.888245 3.93355 -3.2076,0
21,6,22,9,189.828 -15.0712 -0.354664 0.346274,-263.746 -0.891913 7.25218 -5.6237,0
21,7,22,7,189.825 -15.062 0.138947 -0.0635965,-262.846 -1.25778 -1.31896 0.615571,0
21,7,22,8,189.825 -15.0168 -0.226884 0.212105,-262.846 -1.25401 1.97101 -1.77929,0
21,7,22,9,189.825 -15.0252 -0.457327 0.405915,-262.846 -1.25471 5.27345 -4.18217,0
21,8,22,7,189.822 -15.1663 0.495194 -0.31255,-261.946 -1.63694 -3.24166 2.01743,0
21,8,22,8,189.822 -15.0687 -0.0285066 0.0685566,-261.946 -1.6264 0.0311187 -0.367006,0
21,8,22,9,189.822 -15.0238 -0.4183 0.368508,-261.946 -1.62156 3.31442 -2.75627,0
21,9,22,7,189.819 -15.3118 0.984637 -0.653494,-261.046 -2.0286 -5.13239 3.39983,0
21,9,22,8,189.819 -15.1633 0.307235 -0.16954,-261.046 -2.00893 -1.87925 1.0259,0
21,9,22,9,189.819 -15.0663 -0.239455 0.235162,-261.046 -1.99608 1.38223 -1.34956,0
21,10,22,7,189.816 -15.4959 1.60021 -1.08197,-260.146 -2.43592 -6.98512 4.75989,0
21,10,22,8,189.816 -15.2987 0.774787 -0.498708,-260.146 -2.40493 -3.75371 2.39635,0
21,10,22,9,189.816 -15.1512 0.0753585 0.00824507,-260.146 -2.38174 -0.516367 0.0347025,0
22,0,23,0,175.153 -14.0471 -0.0519534 0.102355,-271.099 -2.89468 0.149137 -0.383776,0
22,0,23,1,175.153 -14.0319 -0.556492 0.438252,-271.099 -2.89155 2.79497 -2.14592,0
22,0,23,2,175.153 -14.0721 -0.8959 0.664326,-271.099 -2.89981 5.47833 -3.93419,0
22,0,23,3,175.153 -14.167 -1.07157 0.781497,-271.099 -2.91938 8.19884 -5.74831,0
22,0,23,4,175.153 -14.3157 -1.08673 0.791918,-271.099 -2.95002 10.9557 -7.58773,0
22,1,23,1,175.108 -14.2131 0.0604625 0.047432,-270.2 -2.61014 -0.432111 -0.0991214,0
22,1,23,2,175.108 -14.1984 -0.442646 0.382355,-270.2 -2.60743 2.21468 -1.8618,0
22,1,23,3,175.108 -14.2387 -0.781403 0.608048,-270.2 -2.61485 4.89632 -3.6492,0
22,1,23,4,175.108 -14.3338 -0.957183 0.725422,-270.2 -2.6323 7.61246 -5.46107,0
22,1,23,5,175.108 -14.4824 -0.973181 0.736594,-270.2 -2.65959 10.3624 -7.29687,0
22,2,23,2,175.063 -14.3733 0.161349 -0.00173913,-269.301 -2.31977 -1.02508 0.191423,0
22,2,23,3,175.063 -14.359 -0.340332 0.332215,-269.301 -2.31747 1.62263 -1.57176,0
22,2,23,4,175.063 -14.3996 -0.678478 0.557549,-269.301 -2.32402 4.30253 -3.35829,0
22,2,23,5,175.063 -14.4947 -0.854452 0.675162,-269.301 -2.33937 7.01432 -5.1679,0
22,2,23,6,175.063 -14.6432 -0.871399 0.687141,-269.301 -2.36333 9.75731 -7.00011,0
22,3,23,3,175.018 -14.5275 0.250355 -0.0449832,-268.403 -2.02369 -1.62952 0.487739,0
22,3,23,4,175.018 -14.5137 -0.249899 0.288007,-268.403 -2.02177 1.01905 -1.27593,0
22,3,23,5,175.018 -14.5545 -0.587476 0.513002,-268.403 -2.02746 3.6972 -3.06157,0
22,3,23,6,175.018 -14.6496 -0.763723 0.630894,-268.403 -2.04071 6.40464 -4.86894,0
22,3,23,7,175.018 -14.7979 -0.781738 0.643732,-268.403 -2.06136 9.14076 -6.69759,0
22,4,23,4,174.973 -14.6756 0.327138 -0.0821279,-267.504 -1.72203 -2.24521 0.789706,0
22,4,23,5,174.973 -14.6622 -0.171693 0.249903,-267.504 -1.72046 0.404181 -0.974425,0
22,4,23,6,174.973 -14.7033 -0.508742 0.474582,-267.504 -1.72528 3.08057 -2.75917,0
22,4,23,7,174.973 -14.7984 -0.685342 0.592788,-267.504 -1.73644 5.78369 -4.56431,0
22,4,23,8,174.973 -14.9464 -0.705759 0.607758,-267.504 -1.7538 8.51751 -6.39395,0
22,5,23,5,174.928 -14.8174 0.391356 -0.113003,-266.605 -1.41491 -2.87187 1.0972,0
22,5,23,6,174.928 -14.8045 -0.106056 0.218075,-266.605 -1.41368 -0.221712 -0.667371,0
22,5,23,7,174.928 -14.8458 -0.442618 0.442458,-266.605 -1.41762 2.4529 -2.45122,0
22,5,23,8,174.928 -14.9408 -0.620863 0.562231,-266.605 -1.42669 5.15623 -4.25866,0
22,5,23,9,174.928 -15.0884 -0.612948 0.548536,-266.605 -1.44079 7.77114 -5.97265,0
22,6,23,6,174.883 -14.9254 0.388065 -0.110136,-265.706 -1.42522 -2.86372 1.08731,0
22,6,23,7,174.883 -14.913 -0.107888 0.219972,-265.706 -1.42404 -0.213369 -0.677404,0
22,6,23,8,174.883 -14.9544 -0.445372 0.445372,-265.706 -1.42799 2.46577 -2.46577,1
22,6,23,9,174.883 -15.0491 -0.594914 0.536148,-265.706 -1.43703 5.05706 -4.16119,0
22,7,23,7,174.838 -14.9625 0.242755 -0.0362712,-264.807 -2.04729 -1.63213 0.465735,0
22,7,23,8,174.838 -14.9506 -0.252868 0.294045,-264.807 -2.04567 1.02199 -1.30318,0
22,7,23,9,174.838 -14.9919 -0.560863 0.489853,-264.807 -2.05131 3.59252 -2.98125,0
22,8,23,7,174.793 -15.037 0.694025 -0.368016,-263.908 -2.68608 -3.00629 1.57981,0
22,8,23,8,174.793 -14.9734 0.0440907 0.0648736,-263.908 -2.67472 -0.385291 -0.165727,0
22,8,23,9,174.793 -14.9621 -0.420246 0.364448,-263.908 -2.6727 2.15564 -1.82186,0
22,9,23,7,174.748 -15.1333 1.23745 -0.770179,-263.009 -3.34519 -4.32676 2.66051,0
22,9,23,8,174.748 -15.0202 0.438976 -0.238276,-263.009 -3.32018 -1.74633 0.941897,0
22,9,23,9,174.748 -14.9579 -0.177497 0.162491,-263.009 -3.30642 0.756683 -0.688054,0
23,0,24,0,161.157 -13.0751 -0.124689 0.113832,-274.229 -3.53958 0.445288 -0.404937,0
23,0,24,1,161.157 -13.1977 -0.863166 0.649396,-274.229 -3.57277 3.47452 -2.56191,0
23,0,24,2,161.157 -13.3757 -1.45223 1.09096,-274.229 -3.62097 6.55686 -4.757,0
23,1,24,0,161.003 -13.1827 0.656537 -0.406364,-273.342 -3.56429 -2.1343 1.31254,0
23,1,24,1,161.003 -13.2486 -0.25215 0.242704,-273.342 -3.58211 0.848965 -0.813845,0
23,1,24,2,161.003 -13.3707 -1.00784 0.795019,-273.342 -3.61514 3.88255 -2.97533,0
23,1,24,3,161.003 -13.5476 -1.61705 1.25559,-273.342 -3.66297 6.96968 -5.17558,0
23,2,24,0,160.85 -13.3461 1.60489 -1.03784,-272.455 -3.604 -4.66737 2.99851,0
23,2,24,1,160.85 -13.3559 0.5273 -0.275956,-272.455 -3.60666 -1.72772 0.90057,0
23,2,24,2,160.85 -13.4221 -0.395923 0.387916,-272.455 -3.62453 1.2588 -1.22902,0
23,2,24,3,160.85 -13.5438 -1.16908 0.957257,-272.455 -3.6574 4.29616 -3.39445,0
23,2,24,4,160.85 -13.7196 -1.79868 1.43709,-272.455 -3.70487 7.38744 -5.5992,0
23,3,24,1,160.696 -13.5184 1.47124 -0.903957,-271.568 -3.64601 -4.25681 2.58218,0
23,3,24,2,160.696 -13.5292 0.381673 -0.129122,-271.568 -3.64892 -1.31503 0.482379,0
23,3,24,3,160.696 -13.5957 -0.556367 0.549827,-271.568 -3.66685 1.67423 -1.64989,0
23,3,24,4,160.696 -13.7169 -1.34725 1.13645,-271.568 -3.69956 4.71477 -3.81866,0
23,3,24,5,160.696 -13.8916 -1.99743 1.63578,-271.568 -3.74667 7.80955 -6.02727,0
23,4,24,2,160.543 -13.6908 1.32113 -0.753558,-270.681 -3.68792 -3.84021 2.15974,0
23,4,24,3,160.543 -13.7026 0.219298 0.0344924,-270.681 -3.69108 -0.896794 0.0585462,0
23,4,24,4,160.543 -13.7693 -0.733819 0.728773,-270.681 -3.70905 2.09464 -2.07586,0
23,4,24,5,160.543 -13.8901 -1.54264 1.33291,-270.681 -3.74161 5.13776 -4.24736,0
23,4,24,6,160.543 -14.0637 -2.2136 1.85195,-270.681 -3.78838 8.23539 -6.45916,0
23,5,24,3,160.389 -13.8632 1.15421 -0.58629,-269.794 -3.72973 -3.41817 1.73174,0
23,5,24,4,160.389 -13.8759 0.0398398 0.215225,-269.794 -3.73314 -0.47362 -0.370334,0
23,5,24,5,160.389 -13.9429 -0.928594 0.925071,-269.794 -3.75115 2.51943 -2.50631,0
23,5,24,6,160.389 -14.0633 -1.75556 1.54694,-269.794 -3.78355 5.56452 -4.67993,0
23,5,24,7,160.389 -14.2359 -2.44746 2.08588,-269.794 -3.82998 8.66432 -6.89424,0
23,6,24,4,160.236 -14.0357 0.970142 -0.40182,-268.908 -3.77144 -2.99129 1.2988,0
23,6,24,5,160.236 -14.0493 -0.157018 0.41339,-268.908 -3.77509 -0.0461164 -0.803651,0
23,6,24,6,160.236 -14.1165 -1.14099 1.13902,-268.908 -3.79314 2.94798 -2.94063,0
23,6,24,7,160.236 -14.2366 -1.98629 1.77881,-268.908 -3.8254 5.99441 -5.11574,0
23,6,24,8,160.236 -14.4081 -2.46465 2.1032,-268.908 -3.8715 8.69036 -6.92653,0
23,7,24,5,160.082 -14.2083 0.768614 -0.199834,-268.021 -3.81304 -2.56017 0.861533,0
23,7,24,6,160.082 -14.2228 -0.371566 0.62928,-268.021 -3.81693 0.385088 -1.24077,0
23,7,24,7,160.082 -14.2902 -1.37127 1.37088,-268.021 -3.83502 3.37965 -3.37818,0
23,7,24,8,160.082 -14.4098 -2.00043 1.79414,-268.021 -3.86713 6.02142 -5.14878,0
23,7,24,9,160.082 -14.5804 -1.2177 0.856443,-268.021 -3.91291 5.74114 -3.98366,0
23,8,24,6,159.929 -14.3797 0.546927 0.021162,-267.134 -3.85904 -2.11646 0.416069,0
23,8,24,7,159.929 -14.395 -0.606489 0.864373,-267.134 -3.86316 0.828344 -1.68556,0
23,8,24,8,159.929 -14.4627 -1.38663 1.38663,-267.134 -3.88131 3.41598 -3.41598,1
23,8,24,9,159.929 -14.5819 -0.752816 0.546527,-267.134 -3.91332 3.08195 -2.21088,0
23,9,24,7,159.776 -14.5806 0.366109 0.230787,-266.247 -3.79352 -1.89264 0.0789635,0
23,9,24,8,159.776 -14.5968 -0.563469 0.851033,-266.247 -3.79773 0.641135 -1.61154,0
23,9,24,9,159.776 -14.6648 -0.0739642 0.104003,-266.247 -3.81543 0.241703 -0.355349,0
24,0,25,0,148.071 -10.3412 -0.819139 0.732999,-277.728 -3.07762 2.39561 -2.08977,0
24,0,25,1,148.071 -10.68 -1.7794 1.50519,-277.728 -3.17843 5.67336 -4.53701,0
24,0,25,2,148.071 -11.0757 -2.65562 2.2503,-277.728 -3.2962 9.03357 -7.04975,0
24,1,25,0,147.745 -10.181 -0.218961 0.298107,-276.889 -3.38125 0.459635 -0.689223,0
24,1,25,1,147.745 -10.4509 -1.3749 1.19718,-276.889 -3.47091 3.6773 -3.08753,0
24,1,25,2,147.745 -10.782 -2.42884 2.05534,-276.889 -3.58085 6.97819 -5.54879,0
24,2,25,0,147.42 -10.0826 0.573267 -0.266948,-276.05 -3.70384 -1.40661 0.660556,0
24,2,25,1,147.42 -10.2824 -0.786108 0.765343,-276.05 -3.77722 1.74438 -1.68737,0
24,2,25,2,147.42 -10.5462 -2.02872 1.74496,-276.05 -3.87414 4.97814 -4.09452,0
24,3,25,0,147.094 -10.0436 1.55222 -0.959377,-275.211 -4.05166 -3.19073 1.95343,0
24,3,25,1,147.094 -10.1733 -0.0138494 0.209582,-275.211 -4.10399 -0.111581 -0.343697,0
24,3,25,2,147.094 -10.3688 -1.45236 1.31675,-275.211 -4.18285 3.04828 -2.695,0
24,4,25,0,146.768 -10.0596 2.70761 -1.77321,-274.371 -4.43016 -4.88257 3.18471,0
24,4,25,1,146.768 -10.1211 0.936191 -0.467122,-274.371 -4.45724 -1.8787 0.93761,0
24,4,25,2,146.768 -10.2486 -0.701247 0.771023,-274.371 -4.5134 1.202 -1.35723,0
24,4,25,3,146.768 -10.4398 -2.21959 1.9537,-274.371 -4.59759 4.36438 -3.70574,0
24,5,25,0,146.443 -10.1248 4.02487 -2.69972,-273.532 -4.84382 -6.47451 4.35124,0
24,5,25,1,146.443 -10.1214 2.05373 -1.25886,-273.532 -4.84217 -3.54743 2.15221,0
24,5,25,2,146.443 -10.1829 0.218595 0.110929,-273.532 -4.87159 -0.549307 -0.0868057,0
24,5,25,3,146.443 -10.3081 -1.49078 1.41873,-273.532 -4.93151 2.52711 -2.3736,0
24,5,25,4,146.443 -10.4949 -3.08915 2.67703,-273.532 -5.02086 5.68559 -4.71305,0
24,6,25,1,146.117 -10.1683 3.32454 -2.15721,-272.693 -5.26301 -5.11078 3.29734,0
24,6,25,2,146.117 -10.167 1.2969 -0.657696,-272.693 -5.26235 -2.19667 1.11226,0
24,6,25,3,146.117 -10.2284 -0.60236 0.776097,-272.693 -5.2941 0.790354 -1.11332,0
24,6,25,4,146.117 -10.3513 -2.38375 2.15355,-272.693 -5.35771 3.85656 -3.38622,0
24,6,25,5,146.117 -10.5335 -3.44722 2.87247,-272.693 -5.45206 6.37174 -5.07736,0
24,7,25,2,145.792 -10.1953 2.5198 -1.52671,-271.854 -5.68967 -3.73371 2.23756,0
24,7,25,3,145.792 -10.1961 0.435431 0.0315506,-271.854 -5.69007 -0.837465 0.0714098,0
24,7,25,4,145.792 -10.2572 -1.52793 1.52919,-271.854 -5.72418 2.13302 -2.13528,0
24,7,25,5,145.792 -10.3776 -2.76509 2.35996,-271.854 -5.79139 4.54885 -3.75421,0
24,7,25,6,145.792 -10.5553 -3.40369 2.64946,-271.854 -5.89058 6.56184 -4.93831,0
24,8,25,3,145.466 -10.3927 1.98338 -0.99421,-271.015 -5.79982 -2.99724 1.50187,0
24,8,25,4,145.466 -10.3953 -0.157431 0.622402,-271.015 -5.80129 -0.124019 -0.640195,0
24,8,25,5,145.466 -10.4572 -1.56158 1.56158,-271.015 -5.83581 2.18153 -2.18153,1
24,8,25,6,145.466 -10.5773 -2.36371 1.95693,-271.015 -5.9028 4.08484 -3.28816,0
24,8,25,7,145.466 -10.7535 -3.02053 2.26321,-271.015 -6.00119 6.05319 -4.42843,0
24,9,25,4,145.141 -11.6056 3.40546 -1.40468,-270.176 -3.51998 -7.05443 3.16985,0
24,9,25,5,145.141 -11.6105 1.83856 -0.359721,-270.176 -3.52147 -4.85896 1.70556,0
24,9,25,6,145.141 -11.6791 0.887898 0.132691,-270.176 -3.54227 -3.09597 0.693055,0
24,9,25,7,145.141 -11.8102 0.0912066 0.533707,-270.176 -3.58205 -1.28667 -0.346766,0
24,9,25,8,145.141 -12.0019 -0.553118 0.84288,-270.176 -3.64018 0.558768 -1.40438,0
25,0,26,0,137.643 -5.00721 -1.12867 1.05886,-280.5 -2.33233 1.85102 -1.69486,0
25,0,26,1,137.643 -5.38412 -2.40442 2.05707,-280.5 -2.50789 4.71149 -3.76196,0
25,0,26,2,137.643 -5.85119 -3.52596 2.99124,-280.5 -2.72545 7.75026 -5.96535,0
25,1,26,0,137.116 -4.71105 -0.232881 0.393742,-279.77 -2.63709 0.187518 -0.456285,0
25,1,26,1,137.116 -4.96101 -1.84225 1.59862,-279.77 -2.77701 2.87363 -2.38466,0
25,1,26,2,137.116 -5.31627 -3.23588 2.69306,-279.77 -2.97588 5.7746 -4.46895,0
25,2,26,0,136.59 -4.52176 0.986551 -0.488157,-279.04 -2.99306 -1.27369 0.631196,0
25,2,26,1,136.59 -4.64195 -0.980214 0.944349,-279.04 -3.07262 1.18847 -1.13359,0
25,2,26,2,136.59 -4.87601 -2.68509 2.22884,-279.04 -3.22755 3.89446 -3.06683,0
25,3,26,0,136.063 -4.42143 2.49245 -1.56755,-278.31 -3.42522 -2.4839 1.54387,0
25,3,26,1,136.063 -4.42091 0.175518 0.0944151,-278.31 -3.42482 -0.277399 -0.0452106,0
25,3,26,2,136.063 -4.53347 -1.85832 1.58636,-278.31 -3.51202 2.18485 -1.80245,0
25,3,26,3,136.063 -4.75107 -3.21891 2.5101,-278.31 -3.68059 4.59382 -3.42503,0
25,4,26,0,135.536 -4.38063 4.21654 -2.80561,-277.581 -3.94812 -3.42252 2.2757,0
25,4,26,1,135.536 -4.27877 1.58536 -0.93074,-277.581 -3.85632 -1.47998 0.859176,0
25,4,26,2,135.536 -4.28016 -0.767823 0.769386,-277.581 -3.85757 0.708555 -0.710289,0
25,4,26,3,135.536 -4.3847 -2.43643 1.88808,-277.581 -3.95179 2.86208 -2.15179,0
25,4,26,4,135.536 -4.58533 -3.70809 2.70593,-277.581 -4.13261 5.19217 -3.68323,0
25,5,26,1,135.009 -4.50034 3.81096 -2.40794,-276.851 -4.05601 -3.05017 1.89937,0
25,5,26,2,135.009 -4.40306 1.15919 -0.507893,-276.851 -3.96834 -1.12773 0.507067,0
25,5,26,3,135.009 -4.40622 -0.795264 0.795264,-276.851 -3.97118 0.734778 -0.734778,1
25,5,26,4,135.009 -4.50959 -2.34323 1.79216,-276.851 -4.06435 2.78732 -2.07633,0
25,5,26,5,135.009 -4.70659 -3.6191 2.61058,-276.851 -4.2419 5.09676 -3.5904,0
25,6,26,2,134.482 -4.84435 3.80036 -2.18095,-276.121 -3.9014 -3.21856 1.80127,0
25,6,26,3,134.482 -4.7469 1.56595 -0.698435,-276.121 -3.82292 -1.62133 0.743381,0
25,6,26,4,134.482 -4.75196 -0.258804 0.476928,-276.121 -3.82699 0.147265 -0.403325,0
25,6,26,5,134.482 -4.8592 -1.79636 1.46727,-276.121 -3.91336 2.17683 -1.72871,0
25,6,26,6,134.482 -5.06213 -3.05766 2.27705,-276.121 -4.07679 4.44403 -3.21466,0
25,7,26,3,133.955 -5.18502 4.19749 -2.36502,-275.392 -3.72105 -3.78634 2.07682,0
25,7,26,4,133.955 -5.08787 2.09486 -1.01399,-275.392 -3.65133 -2.26794 1.10652,0
25,7,26,5,133.955 -5.09487 0.276259 0.157158,-275.392 -3.65635 -0.501922 -0.0366597,0
25,7,26,6,133.955 -5.2056 -1.25191 1.14161,-275.392 -3.73581 1.5044 -1.3457,0
25,7,26,7,133.955 -5.4137 -2.50055 1.94389,-275.392 -3.88515 3.72952 -2.80367,0
25,8,26,4,133.429 -5.52053 4.7181 -2.67774,-274.662 -3.51482 -4.51083 2.48321,0
25,8,26,5,133.429 -5.4241 2.61847 -1.32899,-274.662 -3.45343 -2.97584 1.50465,0
25,8,26,6,133.429 -5.43306 0.805844 -0.161853,-274.662 -3.45913 -1.21319 0.36552,0
25,8,26,7,133.429 -5.54691 -0.713993 0.817384,-274.662 -3.53162 0.769667 -0.927038,0
25,8,26,8,133.429 -5.75943 -1.95183 1.61329,-274.662 -3.66692 2.95291 -2.35716,0
25,9,26,5,132.902 -5.84902 5.22869 -2.98746,-273.932 -3.28274 -5.29551 2.92394,0
25,9,26,6,132.902 -5.7537 3.1327 -1.64124,-273.932 -3.22924 -3.7452 1.93794,0
25,9,26,7,132.902 -5.76463 1.32582 -0.477884,-273.932 -3.23537 -1.98668 0.803376,0
25,9,26,8,132.902 -5.88123 -0.186725 0.49681,-273.932 -3.30081 -0.0274861 -0.472567,0
25,9,26,9,132.902 -6.09743 -1.4156 1.28744,-273.932 -3.42215 2.11411 -1.875,0
25,10,26,6,132.375 -6.16863 5.72523 -3.29201,-273.203 -3.02493 -6.14033 3.39907,0
25,10,26,7,132.375 -6.07477 3.63343 -1.94853,-273.203 -2.9789 -4.57594 2.40646,0
25,10,26,8,132.375 -6.08765 1.83204 -0.788703,-273.203 -2.98522 -2.82227 1.27693,0
25,10,26,9,132.375 -6.20662 0.325732 0.182131,-273.203 -3.04356 -0.8869 0.0177177,0
25,10,26,10,132.375 -6.42579 -0.895992 0.968574,-273.203 -3.15103 1.21332 -1.35721,0
26,0,27,0,132.566 -4.33952 -3.27493 2.7947,-282.676 -3.94345 3.16988 -2.56593,0
26,0,27,1,132.566 -4.64809 -4.78136 3.84247,-282.676 -4.22386 5.51908 -4.16426,0
26,0,27,2,132.566 -5.02647 -6.05566 4.7279,-282.676 -4.5677 8.05548 -5.88634,0
26,1,27,0,131.912 -3.89032 -2.26047 1.9855,-282.058 -4.22794 1.77854 -1.50792,0
26,1,27,1,131.912 -4.09013 -4.03649 3.19409,-282.058 -4.44509 3.89106 -2.93282,0
26,1,27,2,131.912 -4.36652 -5.56144 4.22819,-282.058 -4.74547 6.24858 -4.5195,0
26,2,27,0,131.257 -3.51068 -1.04722 1.04705,-281.44 -4.57527 0.639218 -0.639089,0
26,2,27,1,131.257 -3.60917 -3.08282 2.4139,-281.44 -4.70364 2.45365 -1.85469,0
26,2,27,2,131.257 -3.7852 -4.86111 3.60099,-281.44 -4.93305 4.56248 -3.26363,0
26,3,27,0,130.603 -3.60791 1.17885 -0.427329,-280.822 -4.702 -0.816361 0.3254,0
26,3,27,1,130.603 -3.62364 -1.08039 1.08039,-280.822 -4.72249 0.659384 -0.659384,1
26,3,27,2,130.603 -3.72086 -3.07243 2.40241,-280.822 -4.84919 2.44614 -1.84897,0
26,3,27,3,130.603 -3.89348 -4.85659 3.59195,-280.822 -5.07416 4.5389 -3.24629,0
26,4,27,0,129.948 -3.90963 3.86836 -2.16068,-280.204 -4.82996 -2.15414 1.17333,0
26,4,27,1,129.948 -3.84434 1.39175 -0.51659,-280.204 -4.74931 -0.997841 0.406846,0
26,4,27,2,129.948 -3.86187 -0.815807 0.941253,-280.204 -4.77096 0.459518 -0.558387,0
26,4,27,3,129.948 -3.96111 -2.80222 2.25967,-280.204 -4.89357 2.23462 -1.74042,0
26,4,27,4,129.948 -4.13619 -4.58049 3.44577,-280.204 -5.10985 4.30312 -3.12216,0
26,5,27,1,129.294 -4.14934 4.08546 -2.25086,-279.587 -4.86211 -2.37095 1.27495,0
26,5,27,2,129.294 -4.08567 1.66289 -0.6592,-279.587 -4.7875 -1.22057 0.520428,0
26,5,27,3,129.294 -4.105 -0.538791 0.79457,-279.587 -4.81015 0.239296 -0.446323,0
26,5,27,4,129.294 -4.20618 -2.51973 2.10946,-279.587 -4.92872 2.00296 -1.62095,0
26,5,27,5,129.294 -4.38356 -4.29239 3.29226,-279.587 -5.13657 4.04792 -2.9876,0
26,6,27,2,128.64 -4.39357 4.3623 -2.39625,-278.969 -4.8853 -2.62948 1.40931,0
26,6,27,3,128.64 -4.33157 1.94585 -0.80905,-278.969 -4.81635 -1.46368 0.645032,0
26,6,27,4,128.64 -4.35269 -0.250018 0.640692,-278.969 -4.83983 -0.0017531 -0.32294,0
26,6,27,5,128.64 -4.45574 -2.22563 1.95213,-278.969 -4.95442 1.75067 -1.4903,0
26,6,27,6,128.64 -4.63528 -3.99295 3.13174,-278.969 -5.15405 3.77276 -2.84229,0
26,7,27,3,127.985 -4.642 4.65022 -2.54855,-278.351 -4.89926 -2.90784 1.55429,0
26,7,27,4,127.985 -4.58171 2.23994 -0.965791,-278.351 -4.83563 -1.72763 0.780922,0
26,7,27,5,127.985 -4.60461 0.0498303 0.479972,-278.351 -4.85979 -0.264084 -0.187993,0
26,7,27,6,127.985 -4.70946 -1.92061 1.78803,-278.351 -4.97046 1.47726 -1.3482,0
26,7,27,7,127.985 -4.89102 -3.68285 2.96458,-278.351 -5.16208 3.47711 -2.68596,0
26,8,27,4,127.331 -4.89428 4.94854 -2.70737,-277.733 -4.90378 -3.20657 1.71019,0
26,8,27,5,127.331 -4.83576 2.54447 -1.12906,-277.733 -4.84514 -2.01289 0.928345,0
26,8,27,6,127.331 -4.86041 0.36005 0.31277,-277.733 -4.86984 -0.548125 -0.0412498,0
26,8,27,7,127.331 -4.967 -1.60536 1.61752,-277.733 -4.97663 1.1823 -1.19441,0
26,8,27,8,127.331 -5.15043 -3.36278 2.79114,-277.733 -5.16042 3.16047 -2.51832,0
26,9,27,5,126.676 -5.15009 5.25656 -2.87238,-277.115 -4.89863 -3.52616 1.87729,0
26,9,27,6,126.676 -5.09338 2.85872 -1.29849,-277.115 -4.84468 -2.31989 1.08754,0
26,9,27,7,126.676 -5.11977 0.679921 0.13946,-277.115 -4.86979 -0.854281 0.117507,0
26,9,27,8,126.676 -5.22801 -1.28061 1.44099,-277.115 -4.97274 0.865357 -1.0287,0
26,9,27,9,126.676 -5.41319 -3.03347 2.61179,-277.115 -5.14889 2.82237 -2.33911,0
26,10,27,6,126.022 -5.40908 5.57356 -3.04318,-276.498 -4.88363 -3.86705 2.05583,0
26,10,27,7,126.022 -5.3542 3.18197 -1.47371,-276.498 -4.83408 -2.64902 1.25872,0
26,10,27,8,126.022 -5.38231 1.00872 -0.0395851,-276.498 -4.85946 -1.18294 0.28849,0
26,10,27,9,126.022 -5.49214 -0.947083 1.2588,-276.498 -4.95862 0.526029 -0.85085,0
26,10,27,10,126.022 -5.67894 -2.69563 2.42691,-276.498 -5.12727 2.46239 -2.14808,0
27,0,28,0,127.746 -2.52956 -3.59602 2.81615,-286.015 -5.35292 1.76029 -1.31655,0
27,0,28,1,127.746 -2.65526 -5.89779 4.39251,-286.015 -5.61893 3.47104 -2.46868,0
27,0,28,2,127.746 -2.82806 -8.09003 5.90645,-286.015 -5.98458 5.48978 -3.82915,0
27,1,28,0,126.979 -2.5422 -1.26268 1.26268,-285.545 -5.37965 0.431222 -0.431222,1
27,1,28,1,126.979 -2.61263 -3.70178 2.92111,-285.545 -5.5287 1.78151 -1.33984,0
27,1,28,2,126.979 -2.73581 -6.01485 4.50626,-285.545 -5.78936 3.47616 -2.48121,0
27,2,28,0,126.212 -2.65902 1.30782 -0.423757,-285.074 -5.50491 -0.570114 0.224901,0
27,2,28,1,126.212 -2.67348 -1.27185 1.31927,-285.074 -5.53485 0.413497 -0.436154,0
27,2,28,2,126.212 -2.74428 -3.71444 2.98156,-285.074 -5.68143 1.75693 -1.34039,0
27,2,28,3,126.212 -2.86725 -6.034 4.57299,-285.074 -5.93601 3.43425 -2.47051,0
27,3,28,0,125.445 -2.83285 4.01891 -2.19378,-284.604 -5.73937 -1.23236 0.651136,0
27,3,28,1,125.445 -2.79197 1.29991 -0.36676,-284.604 -5.65655 -0.596574 0.225151,0
27,3,28,2,125.445 -2.80759 -1.27951 1.37718,-284.604 -5.68819 0.392241 -0.439413,0
27,3,28,3,125.445 -2.87877 -3.72548 3.04323,-284.604 -5.83241 1.7291 -1.33944,0
27,3,28,4,125.445 -3.00157 -6.0513 4.64075,-284.604 -6.08121 3.38991 -2.45882,0
27,4,28,1,124.678 -2.96679 4.00892 -2.13371,-284.133 -5.88384 -1.27797 0.663357,0
27,4,28,2,124.678 -2.92775 1.29359 -0.308516,-284.133 -5.80642 -0.626294 0.22689,0
27,4,28,3,124.678 -2.94449 -1.28571 1.43642,-284.133 -5.83962 0.367315 -0.4409,0
27,4,28,4,124.678 -3.01608 -3.73498 3.10617,-284.133 -5.98159 1.69787 -1.33686,0
27,4,28,5,124.678 -3.13876 -6.06682 4.70959,-284.133 -6.2249 3.34289 -2.44597,0
27,5,28,2,123.91 -3.10358 4.00075 -2.0726,-283.663 -6.02681 -1.32604 0.676544,0
27,5,28,3,123.91 -3.06634 1.28879 -0.248991,-283.663 -5.95448 -0.659439 0.230238,0
27,5,28,4,123.91 -3.08418 -1.29049 1.49703,-283.663 -5.98913 0.338583 -0.440514,0
27,5,28,5,123.91 -3.15618 -3.74298 3.17042,-283.663 -6.12895 1.66305 -1.33254,0
27,5,28,6,123.91 -3.27877 -6.08064 4.77956,-283.663 -6.367 3.29298 -2.4318,0
27,6,28,3,123.143 -3.24321 3.9943 -2.01039,-283.192 -6.16821 -1.3768 0.690859,0
27,6,28,4,123.143 -3.2077 1.28544 -0.188146,-283.192 -6.10067 -0.696173 0.235311,0
27,6,28,5,123.143 -3.22662 -1.29392 1.55904,-283.192 -6.13667 0.305908 -0.438154,0
27,6,28,6,123.143 -3.29905 -3.74955 3.23599,-283.192 -6.27442 1.62449 -1.32637,0
27,6,28,7,123.143 -3.42159 -6.09283 4.85071,-283.192 -6.50746 3.23996 -2.41617,0
27,7,28,4,122.376 -3.38564 3.9895 -1.94702,-282.722 -6.30798 -1.43048 0.706461,0
27,7,28,5,122.376 -3.35181 1.2835 -0.125953,-282.722 -6.24495 -0.736656 0.242227,0
27,7,28,6,122.376 -3.3718 -1.29603 1.62246,-282.722 -6.2822 0.269152 -0.433721,0
27,7,28,7,122.376 -3.44467 -3.75474 3.30294,-282.722 -6.41796 1.58204 -1.31822,0
27,7,28,8,122.376 -3.56718 -6.10346 4.92307,-282.722 -6.64621 3.18362 -2.39893,0
27,8,28,5,121.609 -3.53084 3.98628 -1.88246,-282.251 -6.44605 -1.48731 0.723502,0
27,8,28,6,121.609 -3.49865 1.2829 -0.062377,-282.251 -6.38729 -0.781045 0.251097,0
27,8,28,7,121.609 -3.51968 -1.29688 1.68733,-282.251 -6.42568 0.228182 -0.427113,0
27,8,28,8,121.609 -3.593 -3.7586 3.37127,-282.251 -6.55954 1.53554 -1.30799,0
27,8,28,9,121.609 -3.71551 -6.1126 4.99668,-282.251 -6.7832 3.12374 -2.37992,0
27,9,28,6,120.841 -3.67878 3.98455 -1.81665,-281.781 -6.58236 -1.54747 0.742127,0
27,9,28,7,120.841 -3.64819 1.28359 0.00261439,-281.781 -6.52763 -0.829494 0.262035,0
27,9,28,8,120.841 -3.67025 -1.29652 1.75368,-281.781 -6.5671 0.182863 -0.418233,0
27,9,28,9,120.841 -3.74403 -3.76119 3.44103,-281.781 -6.6991 1.48483 -1.29557,0
27,9,28,10,120.841 -3.86657 -6.12032 5.07159,-281.781 -6.91836 3.06016 -2.35903,0
27,10,28,7,120.074 -3.82944 3.98425 -1.74956,-281.31 -6.71686 -1.61117 0.762479,0
27,10,28,8,120.074 -3.80041 1.28551 0.0690483,-281.31 -6.66593 -0.882155 0.275152,0
27,10,28,9,120.074 -3.82348 -1.29499 1.82152,-281.31 -6.70639 0.133056 -0.406979,0
27,10,28,10,120.074 -3.89772 -3.76257 3.51225,-281.31 -6.83662 1.42976 -1.28084,0
28,0,29,0,124.437 -1.26832 1.34824 -0.46079,-290.924 -5.76001 -0.239217 0.113542,0
28,0,29,1,124.437 -1.2765 -1.3226 1.3226,-290.924 -5.7972 0.138697 -0.138697,1
28,0,29,2,124.437 -1.31348 -4.0986 3.23993,-290.924 -5.9651 0.908473 -0.652087,0
28,0,29,3,124.437 -1.37691 -6.83809 5.14722,-290.924 -6.25319 2.03688 -1.40392,0
28,1,29,0,123.586 -1.2695 3.90159 -2.16186,-290.632 -6.06473 -0.209467 0.0958924,0
28,1,29,1,123.586 -1.25075 1.17788 -0.352541,-290.632 -5.97516 -0.214669 0.100006,0
28,1,29,2,123.586 -1.25901 -1.65548 1.59345,-290.632 -6.01465 0.166712 -0.153393,0
28,1,29,3,123.586 -1.29378 -4.44569 3.52279,-290.632 -6.18074 0.926005 -0.65811,0
28,1,29,4,123.586 -1.35301 -7.20607 5.44676,-290.632 -6.46368 2.03294 -1.39363,0
28,2,29,1,122.735 -1.24545 3.71832 -2.04718,-290.339 -6.2742 -0.202487 0.0942493,0
28,2,29,2,122.735 -1.22887 0.831833 -0.0729044,-290.339 -6.19068 -0.192718 0.0894493,0
28,2,29,3,122.735 -1.23714 -2.00805 1.87961,-290.339 -6.23234 0.190523 -0.163646,0
28,2,29,4,122.735 -1.26977 -4.81208 3.82063,-290.339 -6.39674 0.9393 -0.659543,0
28,2,29,5,122.735 -1.32497 -7.59257 5.76068,-290.339 -6.6748 2.02523 -1.37892,0
28,3,29,2,121.884 -1.21728 3.35216 -1.75372,-290.047 -6.48432 -0.197345 0.0950968,0
28,3,29,3,121.884 -1.20267 0.466335 0.221856,-290.047 -6.40651 -0.174827 0.0832527,0
28,3,29,4,121.884 -1.21087 -2.38017 2.18093,-290.047 -6.45021 0.209563 -0.168954,0
28,3,29,5,121.884 -1.24143 -5.19765 4.13333,-290.047 -6.61301 0.947762 -0.65587,0
28,3,29,6,121.884 -1.29277 -7.99749 6.08886,-290.047 -6.88646 2.01308 -1.35925,0
28,4,29,3,121.033 -1.18495 2.96718 -1.4456,-289.754 -6.69499 -0.195625 0.0999087,0
28,4,29,4,121.033 -1.17214 0.081496 0.531622,-289.754 -6.62256 -0.161593 0.0819372,0
28,4,29,5,121.033 -1.18021 -2.77171 2.49726,-289.754 -6.66818 0.223264 -0.168819,0
28,4,29,6,121.033 -1.20876 -5.60228 4.46074,-289.754 -6.82947 0.9508 -0.646578,0
28,4,29,7,121.033 -1.25638 -8.42075 6.4312,-289.754 -7.09856 1.99586 -1.33406,0
28,5,29,4,120.182 -1.14845 2.56345 -1.12291,-289.461 -6.90609 -0.197994 0.109249,0
28,5,29,5,120.182 -1.13726 -0.322558 0.856258,-289.461 -6.83876 -0.15361 0.0860172,0
28,5,29,6,120.182 -1.14514 -3.1825 2.82845,-289.461 -6.88619 0.231067 -0.162749,0
28,5,29,7,120.182 -1.17173 -6.0258 4.80269,-289.461 -7.04606 0.947836 -0.631164,0
28,5,29,8,120.182 -1.21579 -8.86222 6.78753,-289.461 -7.31099 1.97291 -1.30282,0
28,6,29,5,119.33 -1.10775 2.14105 -0.78575,-289.169 -7.11754 -0.205104 0.123671,0
28,6,29,6,119.33 -1.09802 -0.745682 1.19561,-289.169 -7.05503 -0.151461 0.0960006,0
28,6,29,7,119.33 -1.10567 -3.61239 3.17432,-289.169 -7.10416 0.232417 -0.150257,0
28,6,29,8,119.33 -1.13034 -6.46805 5.15901,-289.169 -7.26268 0.938296 -0.609132,0
28,6,29,9,119.33 -1.17096 -9.32175 7.1577,-289.169 -7.52367 1.94365 -1.26501,0
28,7,29,6,118.479 -1.06283 1.70009 -0.434251,-288.876 -7.32923 -0.217595 0.143717,0
28,7,29,7,118.479 -1.05443 -1.18771 1.54951,-288.876 -7.27129 -0.155723 0.112388,0
28,7,29,8,118.479 -1.06179 -4.06116 3.53467,-288.876 -7.32204 0.226763 -0.13086,0
28,7,29,9,118.479 -1.08459 -6.92883 5.5295,-288.876 -7.47927 0.921614 -0.579991,0
28,7,29,10,118.479 -1.12189 -9.79916 7.5415,-288.876 -7.7365 1.90744 -1.22011,0
28,8,29,7,117.628 -1.01367 1.2407 -0.0685563,-288.583 -7.54107 -0.236093 0.169919,0
28,8,29,8,117.628 -1.00647 -1.64847 1.91776,-288.583 -7.48747 -0.166965 0.135674,0
28,8,29,9,117.628 -1.01349 -4.52861 3.9093,-288.583 -7.53975 0.21356 -0.104082,0
28,8,29,10,117.628 -1.03447 -7.40793 5.91395,-288.583 -7.69576 0.897238 -0.543262,0
28,9,29,8,116.777 -0.960262 0.763028 0.311166,-288.291 -7.75296 -0.26121 0.202799,0
28,9,29,9,116.777 -0.954134 -2.12775 2.30017,-288.291 -7.70349 -0.185747 0.166345,0
28,9,29,10,116.777 -0.960789 -5.01453 4.29797,-288.291 -7.75722 0.192272 -0.0694532,0
28,10,29,8,115.926 -0.918965 3.16675 -1.28275,-287.998 -8.10935 -0.0837446 0.0890978,0
28,10,29,9,115.926 -0.902589 0.267257 0.704726,-287.998 -7.96483 -0.293546 0.242868,0
28,10,29,10,115.926 -0.897427 -2.62533 2.69652,-287.998 -7.91928 -0.212622 0.20488,0
29,0,30,1,124.056 0.0453901 3.05875 -1.27206,-296.81 -5.84553 0.391468 -0.0971344,0
29,0,30,2,124.056 0.0445207 0.923283 -0.0295514,-296.81 -5.73356 -0.0591538 0.136268,0
29,0,30,3,124.056 0.0447392 -1.24994 1.24963,-296.81 -5.7617 -0.146959 0.146956,0
29,0,30,4,124.056 0.0460301 -3.97133 3.0759,-296.81 -5.92794 0.0317744 0.0292142,0
29,0,30,5,124.056 0.0483074 -6.98706 5.19553,-296.81 -6.22123 0.521499 -0.272473,0
29,1,30,2,123.161 0.0468253 3.51229 -1.72522,-296.722 -6.03036 0.550741 -0.265316,0
29,1,30,3,123.161 0.0460076 1.39776 -0.503698,-296.722 -5.92506 0.0734917 0.00137814,0
29,1,30,4,123.161 0.0462436 -1.29101 1.29101,-296.722 -5.95544 -0.151893 0.151893,1
29,1,30,5,123.161 0.0475174 -4.2714 3.3763,-296.722 -6.11949 -0.0455047 0.1043,0
29,1,30,6,123.161 0.0497494 -7.30253 5.51137,-296.722 -6.40694 0.40995 -0.168954,0
29,2,30,3,122.265 0.212812 3.6858 -2.0629,-296.633 -6.21227 0.665734 -0.392131,0
29,2,30,4,122.265 0.209421 1.03335 -0.300885,-296.633 -6.11329 0.0554914 0.0138737,0
29,2,30,5,122.265 0.210534 -1.91844 1.75597,-296.633 -6.14576 -0.229799 0.226382,0
29,2,30,6,122.265 0.21608 -4.91869 3.85685,-296.633 -6.30766 -0.145171 0.198397,0
29,2,30,7,122.265 0.225733 -7.97891 6.01358,-296.633 -6.58945 0.275743 -0.0459814,0
29,3,30,4,121.369 0.38849 3.29815 -1.84912,-296.545 -6.38999 0.621084 -0.363501,0
29,3,30,5,121.369 0.382837 0.381349 0.179511,-296.545 -6.29702 -0.0392389 0.0985943,0
29,3,30,6,121.369 0.384929 -2.57928 2.24422,-296.545 -6.33142 -0.332894 0.321399,0
29,3,30,7,121.369 0.394642 -5.59824 4.35965,-296.545 -6.49118 -0.270688 0.313697,0
29,3,30,8,121.369 0.411436 -8.68573 6.53652,-296.545 -6.76742 0.115334 0.09866,0
29,4,30,5,120.474 0.573759 2.61182 -1.34624,-296.456 -6.56309 0.496776 -0.259836,0
29,4,30,6,120.474 0.566131 -0.303381 0.682764,-296.456 -6.47583 -0.159802 0.204234,0
29,4,30,7,120.474 0.569295 -3.27243 2.75482,-296.456 -6.51202 -0.462895 0.438262,0
29,4,30,8,120.474 0.583075 -6.30893 4.88372,-296.456 -6.66964 -0.42375 0.451487,0
29,4,30,9,120.474 0.606747 -9.42188 7.07918,-296.456 -6.94043 -0.0729605 0.266231,0
29,5,30,6,119.578 0.768502 1.89407 -0.821419,-296.368 -6.73113 0.346264 -0.135016,0
29,5,30,7,119.578 0.759162 -1.01975 1.20792,-296.368 -6.64933 -0.307922 0.332112,0
29,5,30,8,119.578 0.763482 -3.99671 3.28673,-296.368 -6.68716 -0.62147 0.57824,0
29,5,30,9,119.578 0.781234 -7.04957 5.42802,-296.368 -6.84265 -0.605997 0.613002,0
29,5,30,10,119.578 0.811538 -10.1862 7.64051,-296.368 -7.10807 -0.29076 0.457937,0
29,6,30,7,118.682 0.972584 1.14597 -0.275588,-296.279 -6.89372 0.167807 0.0122884,0
29,6,30,8,118.682 0.961775 -1.76657 1.75394,-296.279 -6.81711 -0.485269 0.483499,0
29,6,30,9,118.682 0.967326 -4.75088 3.83887,-296.279 -6.85645 -0.810232 0.742553,0
29,6,30,10,118.682 0.988961 -7.81887 5.9914,-296.279 -7.0098 -0.819009 0.799424,0
29,7,30,8,117.787 1.18585 0.368695 0.290235,-296.191 -7.05044 -0.0402803 0.183353,0
29,7,30,9,117.787 1.1738 -2.54256 2.31972,-296.191 -6.97877 -0.693455 0.659614,0
29,7,30,10,117.787 1.18065 -5.53359 4.41008,-296.191 -7.0195 -1.03074 0.932369,0
29,8,30,8,116.891 1.44195 2.40118 -1.10271,-296.102 -7.37378 0.675977 -0.298049,0
29,8,30,9,116.891 1.40814 -0.436512 0.874968,-296.102 -7.20088 -0.27962 0.379401,0
29,8,30,10,116.891 1.39505 -3.3464 2.90412,-296.102 -7.13394 -0.934034 0.861623,0
29,9,30,8,115.995 1.73459 4.32715 -2.42568,-296.014 -7.77174 1.62022 -0.932812,0
29,9,30,9,115.995 1.67618 1.56035 -0.494293,-296.014 -7.51002 0.395882 -0.0754452,0
29,9,30,10,115.995 1.63927 -1.26832 1.47746,-296.014 -7.34466 -0.551773 0.601598,0
29,10,30,8,115.1 2.06677 6.14592 -3.68099,-295.925 -8.22886 2.74901 -1.69297,0
29,10,30,9,115.1 1.98205 3.44526 -1.78943,-295.925 -7.89151 1.29214 -0.6787,0
29,10,30,10,115.1 1.91875 0.694595 0.130713,-295.925 -7.63948 0.0826106 0.17355,0
30,0,31,0,126.782 2.58065 0.311505 -0.0184313,-302.256 -4.65283 0.161493 0.0135816,0
30,0,31,1,126.782 2.51077 -1.83777 1.34802,-302.256 -4.52684 -0.941514 0.702673,0
30,0,31,2,126.782 2.51581 -4.22211 2.87462,-302.256 -4.53592 -1.65744 1.13976,0
30,0,31,3,126.782 2.59533 -6.82362 4.54391,-302.256 -4.6793 -1.97813 1.3159,0
30,0,31,4,126.782 2.74286 -9.60605 6.32611,-302.256 -4.94529 -1.92987 1.24571,0
30,1,31,1,125.888 2.20668 1.27369 -0.565514,-302.361 -5.03453 0.655885 -0.281781,0
30,1,31,2,125.888 2.15206 -0.903527 0.813617,-302.361 -4.90992 -0.445084 0.406649,0
30,1,31,3,125.888 2.15739 -3.2775 2.32955,-302.361 -4.92209 -1.15637 0.842189,0
30,1,31,4,125.888 2.22226 -5.83043 3.96492,-302.361 -5.07007 -1.47147 1.01734,0
30,1,31,5,125.888 2.3417 -8.53033 5.69268,-302.361 -5.34259 -1.41627 0.946725,0
30,2,31,2,124.994 1.78363 2.35211 -1.17976,-302.467 -5.38628 1.09089 -0.547706,0
30,2,31,3,124.994 1.74322 0.149765 0.210286,-302.467 -5.26425 -0.00628008 0.139507,0
30,2,31,4,124.994 1.74825 -2.21233 1.71465,-302.467 -5.27945 -0.713963 0.57446,0
30,2,31,5,124.994 1.79834 -4.71664 3.31616,-302.467 -5.43072 -1.02716 0.751,0
30,2,31,6,124.994 1.88992 -7.57569 5.23095,-302.467 -5.70725 -1.07145 0.783898,0
30,3,31,3,124.101 1.31389 3.54226 -1.85906,-302.572 -5.70216 1.45356 -0.777174,0
30,3,31,4,124.101 1.28661 1.31757 -0.459786,-302.572 -5.58376 0.361617 -0.0915488,0
30,3,31,5,124.101 1.29077 -1.03131 1.03223,-302.572 -5.60183 -0.343655 0.343867,0
30,3,31,6,124.101 1.32609 -3.72363 2.83654,-302.572 -5.75508 -0.757102 0.622638,0
30,3,31,7,124.101 1.39017 -6.79919 4.99531,-302.572 -6.03322 -0.932751 0.788498,0
30,4,31,4,123.207 1.35391 3.73145 -2.04714,-302.677 -5.87585 1.53016 -0.862754,0
30,4,31,5,123.207 1.32812 1.50821 -0.650812,-302.677 -5.76391 0.448371 -0.18083,0
30,4,31,6,123.207 1.33282 -1.06775 1.06775,-302.677 -5.78429 -0.355504 0.355504,1
30,4,31,7,123.207 1.36769 -4.02782 3.14025,-302.677 -5.93564 -0.901653 0.76507,0
30,4,31,8,123.207 1.43053 -7.11214 5.30902,-302.677 -6.20837 -1.11639 0.964618,0
30,5,31,5,122.313 1.65736 3.41245 -1.99047,-302.782 -5.98328 1.47142 -0.879259,0
30,5,31,6,122.313 1.62836 0.956276 -0.357997,-302.782 -5.87859 0.29893 -0.0993767,0
30,5,31,7,122.313 1.63454 -1.89438 1.63378,-302.782 -5.9009 -0.62682 0.560758,0
30,5,31,8,122.313 1.67551 -4.87416 3.71989,-302.782 -6.0488 -1.20203 0.995938,0
30,5,31,9,122.313 1.74882 -7.98898 5.9087,-302.782 -6.31347 -1.46168 1.23234,0
30,6,31,6,121.419 1.97285 2.83234 -1.68473,-302.888 -6.07555 1.27188 -0.770121,0
30,6,31,7,121.419 1.94112 0.101245 0.225393,-302.888 -5.97783 -0.0124326 0.128551,0
30,6,31,8,121.419 1.94892 -2.75612 2.22226,-302.888 -6.00184 -0.950776 0.802983,0
30,6,31,9,121.419 1.99579 -5.75387 4.32044,-302.888 -6.14616 -1.55591 1.26451,0
30,6,31,10,121.419 2.07907 -8.89651 6.5271,-302.888 -6.40265 -1.86116 1.53832,0
30,7,31,7,120.525 2.29965 1.93896 -1.07702,-302.993 -6.15176 0.903591 -0.508295,0
30,7,31,8,120.525 2.26562 -0.786742 0.830008,-302.993 -6.06073 -0.377912 0.394262,0
30,7,31,9,120.525 2.27515 -3.65008 2.83111,-302.993 -6.08624 -1.32997 1.0839,0
30,7,31,10,120.525 2.32771 -6.66402 4.93979,-302.993 -6.22683 -1.96584 1.57244,0
30,8,31,8,119.632 2.63692 1.01576 -0.449973,-303.098 -6.21106 0.479932 -0.208002,0
30,8,31,9,119.632 2.601 -1.70472 1.45373,-303.098 -6.12646 -0.80003 0.699438,0
30,8,31,10,119.632 2.61237 -4.57321 3.45814,-303.098 -6.15324 -1.76686 1.40512,0
30,9,31,8,118.738 3.07012 2.64352 -1.61711,-303.203 -6.43352 1.57223 -0.972591,0
30,9,31,9,118.738 2.98381 0.0657278 0.194294,-303.203 -6.25266 -0.0015318 0.132392,0
30,9,31,10,118.738 2.94638 -2.64959 2.09434,-303.203 -6.17422 -1.28115 1.04564,0
30,10,31,8,117.844 3.56886 4.0969 -2.6754,-303.309 -6.70702 2.84327 -1.86488,0
30,10,31,9,117.844 3.43008 1.6551 -0.94752,-303.309 -6.44621 1.01747 -0.58781,0
30,10,31,10,117.844 3.33941 -0.907993 0.853542,-303.309 -6.2758 -0.543065 0.514393,0
31,0,32,0,129.656 2.93648 -0.428464 0.288546,-306.734 -4.00044 -0.303506 0.204473,0
31,0,32,1,129.656 2.93271 -2.74361 1.81796,-306.734 -3.9953 -1.58448 1.04824,0
31,0,32,2,129.656 3.02421 -5.34193 3.53527,-306.734 -4.11995 -2.47481 1.63115,0
31,0,32,3,129.656 3.20284 -8.19512 5.42034,-306.734 -4.3633 -3.00515 1.97277,0
31,1,32,0,128.803 2.9351 1.94584 -1.23168,-307.022 -4.38523 1.58283 -1.00915,0
31,1,32,1,128.803 2.84635 -0.10707 0.120481,-307.022 -4.25262 -0.0753554 0.0843623,0
31,1,32,2,128.803 2.84426 -2.4255 1.6515,-307.022 -4.24949 -1.3497 0.923514,0
31,1,32,3,128.803 2.929 -5.00602 3.35777,-307.022 -4.37612 -2.23654 1.5049,0
31,1,32,4,128.803 3.09347 -7.82315 5.22093,-307.022 -4.62184 -2.76502 1.84704,0
31,2,32,1,127.95 2.81916 2.32544 -1.43213,-307.31 -4.63489 1.80247 -1.12327,0
31,2,32,2,127.95 2.73979 0.250053 -0.0668851,-307.31 -4.50441 0.153563 -0.0369174,0
31,2,32,3,127.95 2.73911 -2.07098 1.46532,-307.31 -4.50329 -1.11428 0.797747,0
31,2,32,4,127.95 2.81718 -4.63394 3.16071,-307.31 -4.63164 -1.99807 1.37781,0
31,2,32,5,127.95 2.96779 -7.41586 5.00252,-307.31 -4.87925 -2.52553 1.72081,0
31,3,32,2,127.098 2.68718 2.73966 -1.65119,-307.598 -4.88296 2.02067 -1.23754,0
31,3,32,3,127.098 2.61667 0.643215 -0.273727,-307.598 -4.75482 0.381265 -0.158347,0
31,3,32,4,127.098 2.61716 -1.67979 1.25928,-307.598 -4.75571 -0.88022 0.671959,0
31,3,32,5,127.098 2.68861 -4.2254 2.94393,-307.598 -4.88556 -1.76139 1.2509,0
31,3,32,6,127.098 2.82566 -6.97294 4.76492,-307.598 -5.13458 -2.28863 1.59511,0
31,4,32,3,126.245 2.53907 3.1888 -1.88902,-307.885 -5.12848 2.23545 -1.35095,0
31,4,32,4,126.245 2.4769 1.07261 -0.50016,-307.885 -5.00289 0.605743 -0.278897,0
31,4,32,5,126.245 2.47832 -1.25176 1.03329,-307.885 -5.00576 -0.649535 0.547185,0
31,4,32,6,126.245 2.54323 -3.78023 2.70735,-307.885 -5.13687 -1.52852 1.12522,0
31,4,32,7,126.245 2.667 -6.54739 4.56123,-307.885 -5.38687 -2.09024 1.50486,0
31,5,32,4,125.392 2.37478 3.673 -2.14572,-308.173 -5.37048 2.44481 -1.46246,0
31,5,32,5,125.392 2.32046 1.53834 -0.746244,-308.173 -5.24763 0.824973 -0.397529,0
31,5,32,6,125.392 2.32259 -0.786851 0.787305,-308.173 -5.25246 -0.424264 0.424465,0
31,5,32,7,125.392 2.38102 -3.3505 2.50302,-308.173 -5.38461 -1.3347 1.03499,0
31,5,32,8,125.392 2.49181 -6.21633 4.46856,-308.173 -5.63513 -1.98393 1.50267,0
31,6,32,5,124.54 2.4354 3.71009 -2.18025,-308.461 -5.50758 2.44593 -1.47061,0
31,6,32,6,124.54 2.38331 1.56847 -0.77604,-308.461 -5.38978 0.840379 -0.414928,0
31,6,32,7,124.54 2.38624 -0.809814 0.809814,-308.461 -5.3964 -0.436509 0.436509,1
31,6,32,8,124.54 2.44398 -3.49609 2.64884,-308.461 -5.52698 -1.43424 1.13275,0
31,6,32,9,124.54 2.55282 -6.36194 4.61635,-308.461 -5.77313 -2.10521 1.6178,0
31,7,32,6,123.687 2.76918 3.20367 -1.94441,-308.749 -5.51623 2.19164 -1.35181,0
31,7,32,7,123.687 2.71375 1.01294 -0.487749,-308.749 -5.40581 0.570742 -0.273406,0
31,7,32,8,123.687 2.71783 -1.4939 1.2255,-308.749 -5.41394 -0.784476 0.657872,0
31,7,32,9,123.687 2.78116 -4.19446 3.07322,-308.749 -5.54009 -1.79965 1.36713,0
31,7,32,10,123.687 2.89986 -7.08359 5.05416,-308.749 -5.77653 -2.50293 1.87479,0
31,8,32,7,122.834 3.10965 2.63075 -1.64875,-309.037 -5.50539 1.86415 -1.17931,0
31,8,32,8,122.834 3.05134 0.314791 -0.0639955,-309.037 -5.40217 0.176923 -0.0273729,0
31,8,32,9,122.834 3.05668 -2.19685 1.6528,-309.037 -5.41162 -1.17962 0.906555,0
31,8,32,10,122.834 3.12534 -4.91093 3.50872,-309.037 -5.53318 -2.21263 1.62906,0
31,9,32,8,121.982 3.45567 1.9127 -1.21352,-309.325 -5.47441 1.40804 -0.89832,0
31,9,32,9,121.982 3.39493 -0.399636 0.370042,-309.325 -5.37819 -0.264981 0.246414,0
31,9,32,10,121.982 3.40162 -2.9161 2.09031,-309.325 -5.38879 -1.62344 1.1834,0
31,10,32,8,121.129 3.93633 3.29693 -2.22572,-309.613 -5.60829 2.85212 -1.9206,0
31,10,32,9,121.129 3.80607 1.18175 -0.769787,-309.613 -5.42271 0.903231 -0.589354,0
31,10,32,10,121.129 3.74331 -1.12771 0.812927,-309.613 -5.33329 -0.756346 0.548737,0
32,0,33,0,132.452 8.59978 1.12219 -1.11954,-310.833 -11.6623 0.750503 -0.748546,0
32,0,33,1,132.452 8.59153 -1.00218 0.264794,-310.833 -11.6511 -0.726033 0.216748,0
32,0,33,2,132.452 8.61644 -3.22075 1.71015,-310.833 -11.6849 -2.06518 1.08963,0
32,0,33,3,132.452 8.67423 -5.53158 3.21489,-310.833 -11.7633 -3.26748 1.87026,0
32,1,33,0,131.663 8.56361 3.48648 -2.65815,-311.265 -11.8722 2.59324 -1.9494,0
32,1,33,1,131.663 8.52322 1.45548 -1.33506,-311.265 -11.8162 0.980271 -0.892472,0
32,1,33,2,131.663 8.51526 -0.668738 0.0488215,-311.265 -11.8051 -0.496208 0.0729166,0
32,1,33,3,131.663 8.53981 -2.88531 1.49255,-311.265 -11.8392 -1.83515 0.945849,0
32,1,33,4,131.663 8.59659 -5.19234 2.99449,-311.265 -11.9179 -3.03712 1.72649,0
32,2,33,1,130.873 8.48384 3.82747 -2.87817,-311.697 -12.0256 2.82233 -2.09303,0
32,2,33,2,130.873 8.44438 1.79484 -1.55438,-311.697 -11.9697 1.20926 -1.03594,0
32,2,33,3,130.873 8.4367 -0.329195 -0.170957,-311.697 -11.9588 -0.267173 -0.0704499,0
32,2,33,4,130.873 8.46088 -2.54377 1.27114,-311.697 -11.993 -1.60594 0.802548,0
32,2,33,5,130.873 8.51666 -4.847 2.77028,-311.697 -12.0721 -2.80759 1.58322,0
32,3,33,2,130.084 8.4018 4.17453 -3.10197,-312.129 -12.1787 3.05056 -2.23617,0
32,3,33,3,130.084 8.36325 2.14029 -1.77749,-312.129 -12.1228 1.43738 -1.17891,0
32,3,33,4,130.084 8.35585 0.0164476 -0.394542,-312.129 -12.1121 -0.0390059 -0.213304,0
32,3,33,5,130.084 8.37966 -2.19613 1.04592,-312.129 -12.1466 -1.37761 0.659777,0
32,3,33,6,130.084 8.43444 -4.49556 2.54227,-312.129 -12.226 -2.579 1.44051,0
32,4,33,3,129.294 8.31747 4.52765 -3.32956,-312.561 -12.3313 3.27783 -2.37875,0
32,4,33,4,129.294 8.27983 2.49183 -2.00441,-312.561 -12.2755 1.66457 -1.32133,0
32,4,33,5,129.294 8.2727 0.368194 -0.621939,-312.561 -12.265 0.188216 -0.355599,0
32,4,33,6,129.294 8.29615 -1.84237 0.81688,-312.561 -12.2997 -1.15025 0.517583,0
32,4,33,7,129.294 8.34991 -4.13802 2.31046,-312.561 -12.3794 -2.3514 1.2984,0
32,5,33,4,128.505 8.23086 4.88683 -3.56094,-312.994 -12.4836 3.50409 -2.52074,0
32,5,33,5,128.505 8.19413 2.84946 -2.23513,-312.994 -12.4279 1.89074 -1.46315,0
32,5,33,6,128.505 8.18726 0.726048 -0.853149,-312.994 -12.4175 0.414413 -0.497288,0
32,5,33,7,128.505 8.21034 -1.48251 0.584032,-312.994 -12.4525 -0.92394 0.376013,0
32,5,33,8,128.505 8.2631 -3.8779 2.17837,-312.994 -12.5325 -2.17938 1.21143,0
32,6,33,5,127.715 8.14198 5.25208 -3.7961,-313.426 -12.6354 3.72924 -2.66208,0
32,6,33,6,127.715 8.10614 3.21318 -2.46965,-313.426 -12.5797 2.11581 -1.60433,0
32,6,33,7,127.715 8.09953 1.09001 -1.08817,-313.426 -12.5695 0.639506 -0.638322,0
32,6,33,8,127.715 8.12223 -1.21995 0.450788,-313.426 -12.6047 -0.753176 0.289539,0
32,6,33,9,127.715 8.17399 -4.25872 2.6895,-313.426 -12.685 -2.37177 1.48842,0
32,7,33,6,126.926 8.18457 5.35589 -3.9013,-313.858 -12.7015 3.78281 -2.71754,0
32,7,33,7,126.926 8.14903 3.31664 -2.5748,-313.858 -12.6463 2.17006 -1.65998,0
32,7,33,8,126.926 8.14257 1.09026 -1.09026,-313.858 -12.6363 0.639334 -0.639334,1
32,7,33,9,126.926 8.16526 -1.86451 1.09351,-313.858 -12.6715 -1.11649 0.651661,0
32,7,33,10,126.926 8.21687 -4.89157 3.32067,-313.858 -12.7516 -2.77145 1.88665,0
32,8,33,7,126.136 8.54117 4.8332 -3.694,-314.29 -12.5597 3.42041 -2.56489,0
32,8,33,8,126.136 8.50458 2.69201 -2.26451,-314.29 -12.5059 1.75519 -1.45353,0
32,8,33,9,126.136 8.49803 -0.180751 -0.133501,-314.29 -12.4962 -0.138536 -0.0694868,0
32,8,33,10,126.136 8.52158 -3.12373 2.03762,-314.29 -12.5309 -1.92983 1.2564,0
32,9,33,8,125.347 8.89575 4.21076 -3.38493,-314.722 -12.408 2.98254 -2.3467,0
32,9,33,9,125.347 8.85815 1.42101 -1.30588,-314.722 -12.3556 0.954333 -0.870976,0
32,9,33,10,125.347 8.85152 -1.43589 0.809351,-314.722 -12.3463 -0.971482 0.545538,0
32,10,33,8,124.557 9.31805 5.64325 -4.45022,-315.154 -12.3391 4.31311 -3.31406,0
32,10,33,9,124.557 9.24803 2.93647 -2.42171,-315.154 -12.2464 2.15525 -1.74897,0
32,10,33,10,124.557 9.20947 0.166586 -0.361573,-315.154 -12.1954 0.098262 -0.24309,0
33,0,34,0,141.055 5.40142 2.68226 -2.40337,-322.494 -8.95261 1.40294 -1.22863,0
33,0,34,1,141.055 5.33628 0.430689 -0.918728,-322.494 -8.84464 0.0649818 -0.341641,0
33,0,34,2,141.055 5.31119 -1.92784 0.632816,-322.494 -8.80306 -1.06806 0.406822,0
33,0,34,3,141.055 5.32672 -4.3932 2.25057,-322.494 -8.8288 -1.99271 1.01421,0
33,1,34,0,140.307 5.34444 5.03248 -3.9483,-322.994 -9.01629 3.05435 -2.31631,0
33,1,34,1,140.307 5.24105 2.88312 -2.52763,-322.994 -8.84187 1.51125 -1.29064,0
33,1,34,2,140.307 5.17642 0.628809 -1.04077,-322.994 -8.73285 0.169302 -0.400711,0
33,1,34,3,140.307 5.15202 -1.73272 0.513082,-322.994 -8.69168 -0.963297 0.347723,0
33,1,34,4,140.307 5.16842 -4.20131 2.13321,-322.994 -8.71934 -1.883 0.952076,0
33,2,34,1,139.558 5.18576 5.22947 -4.0704,-323.494 -8.90611 3.1657 -2.38079,0
33,2,34,2,139.558 5.08275 3.07756 -2.64755,-323.494 -8.7292 1.61434 -1.34934,0
33,2,34,3,139.558 5.01864 0.82049 -1.15845,-323.494 -8.61911 0.268361 -0.456465,0
33,2,34,4,139.558 4.99494 -1.54405 0.397729,-323.494 -8.57839 -0.863685 0.291863,0
33,2,34,5,139.558 5.0122 -4.0159 2.02023,-323.494 -8.60804 -1.77818 0.89301,0
33,3,34,2,138.81 5.02917 5.42001 -4.18812,-323.994 -8.7941 3.27208 -2.44215,0
33,3,34,3,138.81 4.92655 3.26552 -2.76308,-323.994 -8.61464 1.71228 -1.4048,0
33,3,34,4,138.81 4.86296 1.00568 -1.27172,-323.994 -8.50345 0.362234 -0.508953,0
33,3,34,5,138.81 4.83995 -1.3619 0.286789,-323.994 -8.46321 -0.769145 0.23919,0
33,3,34,6,138.81 4.85809 -3.83701 1.91167,-323.994 -8.49494 -1.67817 0.836946,0
33,4,34,3,138.062 4.8747 5.60403 -4.30145,-324.494 -8.68027 3.37359 -2.50043,0
33,4,34,4,138.062 4.77245 3.44695 -2.87419,-324.494 -8.4982 1.80516 -1.45707,0
33,4,34,5,138.062 4.70938 1.18432 -1.38057,-324.494 -8.38589 0.451 -0.558227,0
33,4,34,6,138.062 4.68708 -1.18631 0.180295,-324.494 -8.34617 -0.679597 0.189646,0
33,4,34,7,138.062 4.70611 -3.6647 1.80758,-324.494 -8.38007 -1.58288 0.783823,0
33,5,34,4,137.313 4.72237 5.78148 -4.41034,-324.994 -8.56468 3.4703 -2.55569,0
33,5,34,5,137.313 4.62049 3.62179 -2.98085,-324.994 -8.37991 1.89305 -1.50621,0
33,5,34,6,137.313 4.55794 1.35636 -1.48494,-324.994 -8.26647 0.534737 -0.604341,0
33,5,34,7,137.313 4.53634 -1.01734 0.0782801,-324.994 -8.2273 -0.594956 0.143178,0
33,5,34,8,137.313 4.55628 -3.49904 1.70797,-324.994 -8.26345 -1.4922 0.733576,0
33,6,34,5,136.565 4.57218 5.95232 -4.51476,-325.494 -8.44734 3.56233 -2.60801,0
33,6,34,6,136.565 4.47068 3.79 -3.08302,-325.494 -8.25981 1.97605 -1.55227,0
33,6,34,7,136.565 4.40865 1.52175 -1.58482,-325.494 -8.14521 0.613523 -0.647345,0
33,6,34,8,136.565 4.38777 -0.855034 -0.0192234,-325.494 -8.10662 -0.515141 0.0997284,0
33,6,34,9,136.565 4.40861 -3.40539 1.67821,-325.494 -8.14513 -1.42515 0.705246,0
33,7,34,6,135.817 4.42417 6.11648 -4.61469,-325.994 -8.32828 3.64976 -2.65745,0
33,7,34,7,135.817 4.32305 3.95152 -3.18069,-325.994 -8.13792 2.05424 -1.5953,0
33,7,34,8,135.817 4.26154 1.68045 -1.68017,-325.994 -8.02213 0.687438 -0.687293,0
33,7,34,9,135.817 4.24137 -0.763224 -0.0484103,-325.994 -7.98416 -0.458716 0.0778932,0
33,8,34,7,135.068 4.34219 6.14624 -4.64625,-326.494 -8.17396 3.6655 -2.67048,0
33,8,34,8,135.068 4.23993 3.98164 -3.21147,-326.494 -7.98146 2.06209 -1.60257,0
33,8,34,9,135.068 4.17803 1.64672 -1.64672,-326.494 -7.86494 0.673542 -0.673542,1
33,9,34,7,134.32 4.80331 7.43181 -5.64464,-326.994 -8.06041 5.06038 -3.67886,0
33,9,34,8,134.32 4.64872 5.39664 -4.28695,-326.994 -7.801 3.24287 -2.46376,0
33,9,34,9,134.32 4.53586 3.18881 -2.79834,-326.994 -7.6116 1.62367 -1.37697,0
33,10,34,7,133.572 5.30959 8.60286 -6.57366,-327.494 -7.99025 6.62154 -4.81013,0
33,10,34,8,133.572 5.09875 6.70411 -5.29615,-327.494 -7.67297 4.61302 -3.4619,0
33,10,34,9,133.572 4.9294 4.63355 -3.88832,-327.494 -7.41812 2.78096 -2.22769,0
34,0,35,0,146.735 2.65628 3.24689 -2.84727,-331.272 -7.34515 0.91304 -0.755971,0
34,0,35,1,146.735 2.60503 0.717168 -1.15229,-331.272 -7.20342 0.00599418 -0.148792,0
34,0,35,2,146.735 2.58918 -1.89165 0.586381,-331.272 -7.15959 -0.60146 0.256708,0
34,0,35,3,146.735 2.60938 -4.58042 2.36894,-331.272 -7.21546 -0.903817 0.456809,0
34,1,35,0,145.903 2.62271 5.80546 -4.5402,-331.615 -7.42246 2.15797 -1.58059,0
34,1,35,1,145.903 2.53853 3.34947 -2.88601,-331.615 -7.1842 0.956213 -0.775222,0
34,1,35,2,145.903 2.48785 0.818058 -1.18993,-331.615 -7.04079 0.0443812 -0.164928,0
34,1,35,3,145.903 2.47276 -1.79279 0.550021,-331.615 -6.99807 -0.559644 0.238244,0
34,1,35,4,145.903 2.49388 -4.48392 2.33403,-331.615 -7.05786 -0.850227 0.430486,0
34,2,35,1,145.071 2.507 5.90377 -4.57671,-331.958 -7.26452 2.21112 -1.6068,0
34,2,35,2,145.071 2.4233 3.44628 -2.92152,-331.958 -7.02199 0.996864 -0.793209,0
34,2,35,3,145.071 2.37321 0.913176 -1.22433,-331.958 -6.87685 0.0800441 -0.179663,0
34,2,35,4,145.071 2.35888 -1.69972 0.516904,-331.958 -6.8353 -0.520336 0.221037,0
34,2,35,5,145.071 2.38093 -4.39323 2.30236,-331.958 -6.89921 -0.798513 0.405,0
34,3,35,2,144.239 2.39384 5.99626 -4.60997,-332.301 -7.10555 2.26238 -1.63216,0
34,3,35,3,144.239 2.31063 3.53728 -2.95378,-332.301 -6.85856 1.03507 -0.809972,0
34,3,35,4,144.239 2.26112 1.00249 -1.25548,-332.301 -6.71161 0.113041 -0.193028,0
34,3,35,5,144.239 2.24755 -1.61246 0.487046,-332.301 -6.67131 -0.48346 0.205046,0
34,3,35,6,144.239 2.27055 -4.30838 2.27397,-332.301 -6.73958 -0.748551 0.380278,0
34,4,35,3,143.407 2.28325 6.08292 -4.63996,-332.644 -6.9456 2.31189 -1.65676,0
34,4,35,4,143.407 2.20052 3.62246 -2.98277,-332.644 -6.69394 1.0709 -0.825554,0
34,4,35,5,143.407 2.15159 1.08599 -1.28337,-332.644 -6.5451 0.143432 -0.205053,0
34,4,35,6,143.407 2.13879 -1.53103 0.460456,-332.644 -6.50614 -0.448937 0.190228,0
34,4,35,7,143.407 2.16274 -4.22938 2.24885,-332.644 -6.57901 -0.700209 0.356241,0
34,5,35,4,142.575 2.17524 6.16371 -4.66666,-332.987 -6.78471 2.35977 -1.68065,0
34,5,35,5,142.575 2.09299 3.70178 -3.00848,-332.987 -6.52816 1.10445 -0.84,0
34,5,35,6,142.575 2.04464 1.16363 -1.30798,-332.987 -6.37735 0.171277 -0.215768,0
34,5,35,7,142.575 2.0326 -1.45547 0.43715,-332.987 -6.33982 -0.416689 0.176538,0
34,5,35,8,142.575 2.05753 -4.15627 2.22703,-332.987 -6.41756 -0.653348 0.332805,0
34,6,35,5,141.743 2.06982 6.23862 -4.69007,-333.33 -6.62293 2.40615 -1.70393,0
34,6,35,6,141.743 1.98804 3.77521 -3.03089,-333.33 -6.36128 1.13579 -0.853357,0
34,6,35,7,141.743 1.94027 1.2354 -1.3293,-333.33 -6.2084 0.196634 -0.225205,0
34,6,35,8,141.743 1.92901 -1.38579 0.417142,-333.33 -6.1724 -0.386633 0.163931,0
34,6,35,9,141.743 1.95492 -4.08908 2.20853,-333.33 -6.25529 -0.607821 0.30988,0
34,7,35,6,140.911 1.967 6.30761 -4.71017,-333.673 -6.46034 2.45119 -1.72669,0
34,7,35,7,140.911 1.8857 3.84275 -3.05001,-333.673 -6.19331 1.16501 -0.865672,0
34,7,35,8,140.911 1.83849 1.30127 -1.34732,-333.673 -6.03827 0.219564 -0.233395,0
34,7,35,9,140.911 1.82803 -1.32203 0.40044,-333.673 -6.0039 -0.358681 0.152358,0
34,7,35,10,140.911 1.85493 -4.0395 2.20501,-333.673 -6.09226 -0.564174 0.288077,0
34,8,35,7,140.079 1.8668 6.37066 -4.72695,-334.016 -6.29698 2.49502 -1.74901,0
34,8,35,8,140.079 1.78596 3.90435 -3.0658,-334.016 -6.0243 1.1922 -0.876995,0
34,8,35,9,140.079 1.73933 1.36122 -1.36203,-334.016 -5.86698 0.240128 -0.240368,0
34,8,35,10,140.079 1.72966 -1.27536 0.398215,-334.016 -5.83438 -0.333421 0.142444,0
34,9,35,8,139.246 1.81426 6.33769 -4.69536,-334.359 -6.11976 2.51148 -1.75782,0
34,9,35,9,139.246 1.73184 3.87404 -3.03529,-334.359 -5.84172 1.19231 -0.874809,0
34,9,35,10,139.246 1.68459 1.32074 -1.32074,-334.359 -5.68235 0.233269 -0.233269,1
35,0,36,0,149.791 0.627101 1.60083 -1.73768,-338.46 -8.0281 -0.123973 0.114455,0
35,0,36,1,149.791 0.622711 -1.07922 0.0482542,-338.46 -7.97189 -0.139193 0.125337,0
35,0,36,2,149.791 0.626184 -3.75746 1.82452,-338.46 -8.01636 0.146331 -0.0638548,0
35,1,36,0,148.905 0.608269 4.28725 -3.51927,-338.618 -7.97561 0.192463 -0.0963381,0
35,1,36,1,148.905 0.596361 1.60469 -1.72331,-338.618 -7.81948 -0.121282 0.113139,0
35,1,36,2,148.905 0.592174 -1.07608 0.06315,-338.618 -7.76458 -0.132527 0.121354,0
35,1,36,3,148.905 0.595871 -3.7544 1.83926,-338.618 -7.81305 0.164992 -0.0758245,0
35,2,36,0,148.019 0.597124 6.97564 -5.31052,-338.776 -8.02375 0.809593 -0.507199,0
35,2,36,1,148.019 0.578114 4.29007 -3.50444,-338.776 -7.76831 0.199183 -0.100361,0
35,2,36,2,148.019 0.56639 1.60615 -1.7073,-338.776 -7.61077 -0.118643 0.11179,0
35,2,36,3,148.019 0.562407 -1.07533 0.0796631,-338.776 -7.55725 -0.125694 0.117191,0
35,2,36,4,148.019 0.566329 -3.75367 1.85557,-338.776 -7.60996 0.184469 -0.0884042,0
35,3,36,1,147.133 0.567558 6.9781 -5.29591,-338.934 -7.82047 0.828355 -0.519244,0
35,3,36,2,147.133 0.548728 4.29051 -3.488,-338.934 -7.56101 0.206082 -0.104571,0
35,3,36,3,147.133 0.537187 1.60521 -1.68966,-338.934 -7.40198 -0.116048 0.110403,0
35,3,36,4,147.133 0.533409 -1.07697 0.0977928,-338.934 -7.34993 -0.118667 0.112831,0
35,3,36,5,147.133 0.537558 -3.75527 1.87344,-338.934 -7.40709 0.204841 -0.101646,0
35,4,36,2,146.247 0.538762 6.97822 -5.27974,-339.093 -7.61741 0.847956 -0.531912,0
35,4,36,3,146.247 0.520111 4.28857 -3.46994,-339.093 -7.3537 0.213189 -0.108986,0
35,4,36,4,146.247 0.508753 1.60186 -1.67038,-339.093 -7.19311 -0.11349 0.108972,0
35,4,36,5,146.247 0.505181 -1.08099 0.117536,-339.093 -7.1426 -0.111419 0.108256,0
35,4,36,6,146.247 0.509557 -3.75919 1.89286,-339.093 -7.20449 0.226192 -0.115607,0
35,5,36,3,145.361 0.510737 6.97601 -5.26201,-339.251 -7.41459 0.868476 -0.545257,0
35,5,36,4,145.361 0.492264 4.28424 -3.45027,-339.251 -7.14641 0.220531 -0.113624,0
35,5,36,5,145.361 0.481088 1.5961 -1.64946,-339.251 -6.98417 -0.110964 0.107493,0
35,5,36,6,145.361 0.477722 -1.08739 0.13889,-339.251 -6.9353 -0.10392 0.103445,0
35,5,36,7,145.361 0.482328 -3.76542 1.91382,-339.251 -7.00217 0.248619 -0.130351,0
35,6,36,4,144.475 0.483481 6.97149 -5.24273,-339.409 -7.21204 0.890002 -0.559336,0
35,6,36,5,144.475 0.465186 4.27753 -3.42899,-339.409 -6.93914 0.228139 -0.118508,0
35,6,36,6,144.475 0.454192 1.58795 -1.62691,-339.409 -6.77514 -0.10846 0.105961,0
35,6,36,7,144.475 0.451032 -1.09617 0.161856,-339.409 -6.72802 -0.096137 0.0983765,0
35,6,36,8,144.475 0.455871 -3.77397 1.93631,-339.409 -6.80019 0.272228 -0.145948,0
35,7,36,5,143.589 0.456995 6.96465 -5.22192,-339.567 -7.0098 0.912633 -0.574215,0
35,7,36,6,143.589 0.438878 4.26844 -3.4061,-339.567 -6.7319 0.236049 -0.123659,0
35,7,36,7,143.589 0.428065 1.57739 -1.60273,-339.567 -6.56604 -0.105974 0.104371,0
35,7,36,8,143.589 0.425114 -1.10733 0.186427,-339.567 -6.52077 -0.0880343 0.0930265,0
35,7,36,9,143.589 0.430186 -3.7848 1.96033,-339.567 -6.59857 0.297134 -0.162475,0
35,8,36,6,142.703 0.43128 6.95551 -5.19957,-339.725 -6.80789 0.936477 -0.589966,0
35,8,36,7,142.703 0.41334 4.25698 -3.3816,-339.725 -6.52471 0.244297 -0.129103,0
35,8,36,8,142.703 0.402708 1.56442 -1.57691,-339.725 -6.35687 -0.103497 0.102718,0
35,8,36,9,142.703 0.399965 -1.12086 0.212601,-339.725 -6.31358 -0.0795718 0.0873682,0
35,8,36,10,142.703 0.405273 -3.81101 1.99894,-339.725 -6.39737 0.326022 -0.182572,0
35,9,36,7,141.817 0.406336 6.94408 -5.1757,-339.883 -6.60637 0.961651 -0.606668,0
35,9,36,8,141.817 0.388573 4.24314 -3.3555,-339.883 -6.31758 0.252924 -0.134867,0
35,9,36,9,141.817 0.37812 1.54905 -1.54946,-339.883 -6.14763 -0.101024 0.100998,0
35,9,36,10,141.817 0.375588 -1.14925 0.252865,-339.883 -6.10646 -0.0682709 0.0789379,0
35,10,36,8,140.931 0.393923 6.90685 -5.13856,-340.041 -6.40456 0.986868 -0.623698,0
35,10,36,9,140.931 0.375796 4.2045 -3.31658,-340.041 -6.10984 0.260619 -0.140303,0
35,10,36,10,140.931 0.365205 1.49733 -1.49733,-340.041 -5.93766 -0.0975001 0.0975001,1
36,0,37,0,150.281 -1.43013 1.76933 -1.92166,-346.498 -8.19547 -0.638631 0.666678,0
36,0,37,1,150.281 -1.4179 -0.846243 -0.171322,-346.498 -8.12533 0.0187549 0.226223,0
36,0,37,2,150.281 -1.42248 -3.38517 1.5192,-346.498 -8.15159 0.956833 -0.398527,0
36,1,37,0,149.383 -1.43471 4.44252 -3.69178,-346.446 -8.12195 -1.00559 0.908256,0
36,1,37,1,149.383 -1.4055 1.75049 -1.88195,-346.446 -7.95656 -0.625621 0.649965,0
36,1,37,2,149.383 -1.39337 -0.864194 -0.132385,-346.446 -7.88788 0.0359684 0.206764,0
36,1,37,3,149.383 -1.39876 -3.39956 1.55538,-346.446 -7.91843 0.986519 -0.426175,0
36,2,37,0,148.484 -1.45622 7.19258 -5.52182,-346.394 -8.14478 -1.09196 0.965591,0
36,2,37,1,148.484 -1.40969 4.42355 -3.65231,-346.394 -7.88454 -0.9883 0.888757,0
36,2,37,2,148.484 -1.37988 1.72973 -1.8413,-346.394 -7.7178 -0.612357 0.633138,0
36,2,37,3,148.484 -1.36787 -0.883989 -0.0925701,-346.394 -7.65066 0.0536906 0.187022,0
36,2,37,4,148.484 -1.37415 -3.41555 1.59227,-346.394 -7.68574 1.01746 -0.454598,0
36,3,37,1,147.586 -1.43153 7.17618 -5.4846,-346.342 -7.91169 -1.06212 0.937865,0
36,3,37,2,147.586 -1.3837 4.40273 -3.61197,-346.342 -7.64736 -0.970496 0.868975,0
36,3,37,3,147.586 -1.35327 1.70705 -1.79971,-346.342 -7.47917 -0.598832 0.616192,0
36,3,37,4,147.586 -1.34142 -0.905619 -0.0518822,-346.342 -7.41368 0.0719521 0.166979,0
36,3,37,5,147.586 -1.34864 -3.43311 1.62984,-346.342 -7.45358 1.04976 -0.48386,0
36,4,37,2,146.687 -1.40594 7.15818 -5.44668,-346.29 -7.67909 -1.03102 0.909362,0
36,4,37,3,146.687 -1.35675 4.38008 -3.57076,-346.29 -7.41042 -0.952152 0.848891,0
36,4,37,4,146.687 -1.32567 1.68244 -1.75718,-346.29 -7.2407 -0.585041 0.599125,0
36,4,37,5,146.687 -1.314 -0.929074 -0.0103298,-346.29 -7.17694 0.0907858 0.146613,0
36,4,37,6,146.687 -1.32224 -3.4522 1.66805,-346.29 -7.22197 1.08352 -0.514033,0
36,5,37,3,145.789 -1.37945 7.13862 -5.40808,-346.238 -7.447 -0.998563 0.88002,0
36,5,37,4,145.789 -1.32883 4.3556 -3.52868,-346.238 -7.17373 -0.933234 0.828483,0
36,5,37,5,145.789 -1.29709 1.6559 -1.71371,-346.238 -7.00237 -0.570978 0.581934,0
36,5,37,6,145.789 -1.28563 -0.954342 0.032079,-346.238 -6.94047 0.110228 0.125901,0
36,5,37,7,145.789 -1.29498 -3.47279 1.70689,-346.238 -6.99096 1.11888 -0.545197,0
36,6,37,4,144.89 -1.35209 7.11752 -5.36884,-346.186 -7.21548 -0.964635 0.849766,0
36,6,37,5,144.89 -1.29996 4.32931 -3.48574,-346.186 -6.9373 -0.913706 0.80773,0
36,6,37,6,144.89 -1.26753 1.62745 -1.66931,-346.186 -6.76419 -0.556636 0.564615,0
36,6,37,7,144.89 -1.2563 -0.981414 0.0753378,-346.186 -6.70428 0.130322 0.104816,0
36,6,37,8,144.89 -1.26685 -3.49484 1.74632,-346.186 -6.76059 1.15596 -0.577444,0
36,7,37,5,143.992 -1.32386 7.09493 -5.32897,-346.135 -6.98455 -0.929116 0.818522,0
36,7,37,6,143.992 -1.27014 4.30122 -3.44196,-346.135 -6.70116 -0.893527 0.786604,0
36,7,37,7,143.992 -1.23697 1.59707 -1.62397,-346.135 -6.52617 -0.54201 0.547165,0
36,7,37,8,143.992 -1.22602 -1.01027 0.119434,-346.135 -6.46839 0.151113 0.0833304,0
36,7,37,9,143.992 -1.23788 -3.51828 1.7863,-346.135 -6.53093 1.19493 -0.610875,0
36,8,37,6,143.093 -1.29476 7.0709 -5.28851,-346.083 -6.75427 -0.891867 0.786195,0
36,8,37,7,143.093 -1.23937 4.27134 -3.39734,-346.083 -6.4653 -0.87265 0.765078,0
36,8,37,8,143.093 -1.20544 1.56477 -1.57769,-346.083 -6.2883 -0.527092 0.529582,0
36,8,37,9,143.093 -1.1948 -1.0409 0.164356,-346.083 -6.2328 0.172652 0.0614096,0
36,8,37,10,143.093 -1.20807 -3.54242 1.82615,-346.083 -6.30203 1.23564 -0.645292,0
36,9,37,7,142.195 -1.26483 7.04547 -5.2475,-346.031 -6.5247 -0.852731 0.752684,0
36,9,37,8,142.195 -1.20765 4.23969 -3.35188,-346.031 -6.22977 -0.851024 0.743116,0
36,9,37,9,142.195 -1.17292 1.53056 -1.53048,-346.031 -6.05059 -0.511877 0.511862,0
36,9,37,10,142.195 -1.16264 -1.07267 0.209478,-346.031 -5.99755 0.1947 0.0393152,0
36,10,37,8,141.296 -1.22097 6.99251 -5.19289,-345.979 -6.29844 -0.806424 0.715321,0
36,10,37,9,141.296 -1.16253 4.18135 -3.29316,-345.979 -5.997 -0.823729 0.718252,0
36,10,37,10,141.296 -1.12733 1.47084 -1.47084,-345.979 -5.81541 -0.491937 0.491937,1
37,0,38,0,148.699 -3.66169 2.03319 -2.03309,-354.665 -7.48337 -1.40236 1.40231,0
37,0,38,1,148.699 -3.62953 -0.340533 -0.439164,-354.665 -7.41763 -0.0687152 0.503979,0
37,0,38,2,148.699 -3.64032 -2.5617 1.04516,-354.665 -7.43968 1.51187 -0.553513,0
37,1,38,0,147.846 -3.63066 4.48314 -3.66108,-354.378 -7.42206 -2.43633 2.08791,0
37,1,38,1,147.846 -3.55605 1.9588 -1.95899,-354.378 -7.26953 -1.34711 1.3472,0
37,1,38,2,147.846 -3.5245 -0.412194 -0.36718,-354.378 -7.20503 -0.0106332 0.447264,0
37,1,38,3,147.846 -3.53715 -2.62635 1.112,-354.378 -7.2309 1.58029 -0.616746,0
37,2,38,0,146.993 -3.64256 7.08573 -5.39878,-354.091 -7.44851 -3.22347 2.61443,0
37,2,38,1,146.993 -3.52571 4.41129 -3.58883,-354.091 -7.20956 -2.37744 2.03049,0
37,2,38,2,146.993 -3.45045 1.88542 -1.88584,-354.091 -7.05567 -1.29284 1.29305,0
37,2,38,3,146.993 -3.41955 -0.482719 -0.296247,-354.091 -6.99247 0.0466899 0.39136,0
37,2,38,4,146.993 -3.43418 -2.68949 1.17753,-354.091 -7.0224 1.64863 -0.679605,0
37,3,38,1,146.14 -3.53956 7.0207 -5.3314,-353.804 -7.23993 -3.15347 2.54983,0
37,3,38,2,146.14 -3.42085 4.34058 -3.51763,-353.804 -6.99711 -2.3193 1.97388,0
37,3,38,3,146.14 -3.34491 1.81305 -1.81366,-353.804 -6.84179 -1.23955 1.23985,0
37,3,38,4,146.14 -3.31469 -0.552095 -0.226376,-353.804 -6.77997 0.103279 0.336249,0
37,3,38,5,146.14 -3.33142 -2.75106 1.2417,-353.804 -6.81421 1.71696 -0.742148,0
37,4,38,2,145.287 -3.43675 6.95721 -5.26535,-353.517 -7.03165 -3.08353 2.48558,0
37,4,38,3,145.287 -3.31607 4.27104 -3.4475,-353.517 -6.78474 -2.26187 1.91805,0
37,4,38,4,145.287 -3.23941 1.74169 -1.74245,-353.517 -6.62788 -1.18723 1.1876,0
37,4,38,5,145.287 -3.20992 -0.620301 -0.157581,-353.517 -6.56754 0.15916 0.281912,0
37,4,38,6,145.287 -3.22889 -2.81101 1.30447,-353.517 -6.60636 1.78537 -0.804436,0
37,5,38,3,144.434 -3.33417 6.8953 -5.20068,-353.23 -6.8237 -3.01355 2.42163,0
37,5,38,4,144.434 -3.2114 4.20268 -3.37846,-353.23 -6.57244 -2.20512 1.86298,0
37,5,38,5,144.434 -3.13396 1.67135 -1.6722,-353.23 -6.41395 -1.13588 1.13629,0
37,5,38,6,144.434 -3.10524 -0.687321 -0.0898775,-353.23 -6.35518 0.214363 0.22833,0
37,5,38,7,144.434 -3.1266 -2.86928 1.3658,-353.23 -6.39889 1.85398 -0.866543,0
37,6,38,4,143.581 -3.23181 6.83504 -5.13741,-352.943 -6.6161 -2.94345 2.35791,0
37,6,38,5,143.581 -3.10682 4.13551 -3.31051,-352.943 -6.36022 -2.14902 1.80864,0
37,6,38,6,143.581 -3.02855 1.60204 -1.60294,-352.943 -6.2 -1.08549 1.08592,0
37,6,38,7,143.581 -3.00067 -0.753135 -0.023278,-352.943 -6.14291 0.268924 0.175476,0
37,6,38,8,143.581 -3.02457 -2.9258 1.42565,-352.943 -6.19183 1.92291 -0.928547,0
37,7,38,5,142.728 -3.12971 6.77648 -5.0756,-352.656 -6.4089 -2.87311 2.29435,0
37,7,38,6,142.728 -3.00235 4.06957 -3.24368,-352.656 -6.1481 -2.09355 1.75503,0
37,7,38,7,142.728 -2.9232 1.53375 -1.53465,-352.656 -5.98602 -1.03606 1.03649,0
37,7,38,8,142.728 -2.89621 -0.817718 0.0421974,-352.656 -5.93074 0.322879 0.123328,0
37,7,38,9,142.728 -2.92282 -2.98048 1.48394,-352.656 -5.98524 1.99228 -0.990538,0
37,8,38,6,141.875 -3.02787 6.71971 -5.01531,-352.368 -6.20213 -2.80241 2.23085,0
37,8,38,7,141.875 -2.898 4.00488 -3.17799,-352.368 -5.9361 -2.03865 1.70209,0
37,8,38,8,141.875 -2.81789 1.4665 -1.46734,-352.368 -5.77202 -0.98758 0.987993,0
37,8,38,9,141.875 -2.79186 -0.881044 0.106529,-352.368 -5.71869 0.376269 0.0718539,0
37,8,38,10,141.875 -2.82138 -3.02011 1.52749,-352.368 -5.77916 2.0506 -1.04095,0
37,9,38,7,141.022 -2.92634 6.6648 -4.95658,-352.081 -5.99585 -2.73121 2.16734,0
37,9,38,8,141.022 -2.79376 3.94146 -3.11345,-352.081 -5.72421 -1.98427 1.64981,0
37,9,38,9,141.022 -2.71263 1.40027 -1.40102,-352.081 -5.55799 -0.940058 0.940422,0
37,9,38,10,141.022 -2.68763 -0.93058 0.157193,-352.081 -5.50675 0.418032 0.0321366,0
37,10,38,8,140.169 -2.82577 6.61315 -4.90014,-351.794 -5.78979 -2.65997 2.10402,0
37,10,38,9,140.169 -2.69027 3.88059 -3.05071,-351.794 -5.51217 -1.93098 1.59845,0
37,10,38,10,140.169 -2.60802 1.34843 -1.34843,-351.794 -5.34365 -0.904855 0.904855,1
38,0,39,0,145.037 -5.70415 1.8087 -1.65227,-362.148 -6.09136 -2.04425 1.90145,0
38,0,39,1,145.037 -5.65564 -0.116857 -0.362393,-362.148 -6.03956 -0.128486 0.615958,0
38,0,39,2,145.037 -5.67381 -1.82679 0.77854,-362.148 -6.05896 1.98206 -0.79311,0
38,1,39,0,144.29 -5.63671 3.85383 -3.0172,-361.647 -6.05238 -3.6653 2.98247,0
38,1,39,1,144.29 -5.52262 1.71588 -1.58051,-361.647 -5.92989 -1.94287 1.81963,0
38,1,39,2,144.29 -5.47529 -0.205826 -0.293319,-361.647 -5.87906 -0.0247883 0.532789,0
38,1,39,3,144.29 -5.49641 -1.90595 0.840765,-361.647 -5.90174 2.09442 -0.881653,0
38,2,39,0,143.542 -5.63583 6.11442 -4.53104,-361.146 -6.08467 -5.0915 3.93992,0
38,2,39,1,143.542 -5.45673 3.76533 -2.94823,-361.146 -5.8913 -3.56248 2.89961,0
38,2,39,2,143.542 -5.34203 1.6253 -1.51007,-361.146 -5.76747 -1.84404 1.73941,0
38,2,39,3,143.542 -5.29591 -0.292352 -0.225705,-361.146 -5.71768 0.0765583 0.451102,0
38,2,39,4,143.542 -5.32017 -1.98212 0.901147,-361.146 -5.74387 2.20501 -0.969087,0
38,3,39,1,142.794 -5.45916 6.03619 -4.46901,-360.645 -5.92632 -4.98087 3.85197,0
38,3,39,2,142.794 -5.27773 3.67927 -2.8807,-360.645 -5.72935 -3.46202 2.81823,0
38,3,39,3,142.794 -5.16236 1.53699 -1.44097,-360.645 -5.60411 -1.74776 1.66081,0
38,3,39,4,142.794 -5.11753 -0.376408 -0.15957,-360.645 -5.55545 0.175582 0.370877,0
38,3,39,5,142.794 -5.14509 -2.05522 0.959632,-360.645 -5.58537 2.31392 -1.05546,0
38,4,39,2,142.047 -5.28365 5.96093 -4.40881,-360.144 -5.76731 -4.87202 3.76514,0
38,4,39,3,142.047 -5.09972 3.59566 -2.81465,-360.144 -5.56654 -3.3639 2.73832,0
38,4,39,4,142.047 -4.98362 1.45095 -1.3732,-360.144 -5.43982 -1.65402 1.5838,0
38,4,39,5,142.047 -4.94015 -0.457963 -0.0949318,-360.144 -5.39237 0.272314 0.292098,0
38,4,39,6,142.047 -4.97122 -2.12517 1.01616,-360.144 -5.42627 2.42123 -1.14084,0
38,5,39,3,141.299 -5.1093 5.88872 -4.35049,-359.643 -5.60767 -4.76487 3.67938,0
38,5,39,4,141.299 -4.92271 3.51455 -2.75008,-359.643 -5.40287 -3.26808 2.65987,0
38,5,39,5,141.299 -4.80582 1.36718 -1.30677,-359.643 -5.27459 -1.5628 1.50839,0
38,5,39,6,141.299 -4.76379 -0.536985 -0.0318141,-359.643 -5.22845 0.366785 0.214744,0
38,5,39,7,141.299 -4.79857 -2.19186 1.07067,-359.643 -5.26663 2.52705 -1.22528,0
38,6,39,4,140.551 -4.93615 5.81964 -4.2941,-359.142 -5.44743 -4.65933 3.59464,0
38,6,39,5,140.551 -4.74671 3.43595 -2.68702,-359.142 -5.23837 -3.17453 2.58285,0
38,6,39,6,140.551 -4.62897 1.2857 -1.24169,-359.142 -5.10843 -1.47411 1.43457,0
38,6,39,7,140.551 -4.58845 -0.61344 0.0297616,-359.142 -5.06372 0.459035 0.13879,0
38,6,39,8,140.551 -4.62719 -2.25519 1.12307,-359.142 -5.10647 2.6315 -1.30885,0
38,7,39,5,139.804 -4.76421 5.75378 -4.23972,-358.641 -5.28663 -4.55532 3.51085,0
38,7,39,6,139.804 -4.57173 3.3599 -2.6255,-358.641 -5.07304 -3.08322 2.50724,0
38,7,39,7,139.804 -4.45305 1.20652 -1.17796,-358.641 -4.94135 -1.38792 1.36234,0
38,7,39,8,139.804 -4.41415 -0.687287 0.0897667,-358.641 -4.89818 0.549104 0.0642128,0
38,7,39,9,139.804 -4.4571 -2.31504 1.1733,-358.641 -4.94584 2.73469 -1.39164,0
38,8,39,6,139.056 -4.59354 5.69126 -4.18741,-358.14 -5.12531 -4.4527 3.42795,0
38,8,39,7,139.056 -4.39778 3.28645 -2.56553,-358.14 -4.9069 -2.99411 2.43302,0
38,8,39,8,139.056 -4.27809 1.12965 -1.11559,-358.14 -4.77335 -1.30424 1.29168,0
38,8,39,9,139.056 -4.2409 -0.758481 0.148172,-358.14 -4.73185 0.637037 -0.00901551,0
38,8,39,10,139.056 -4.28836 -2.36562 1.2156,-358.14 -4.7848 2.82817 -1.46512,0
38,9,39,7,138.309 -4.42415 5.63218 -4.13726,-357.639 -4.96352 -4.35136 3.34586,0
38,9,39,8,138.309 -4.22489 3.21562 -2.50714,-357.639 -4.73996 -2.90715 2.36017,0
38,9,39,9,138.309 -4.10408 1.05509 -1.05458,-357.639 -4.60442 -1.22305 1.22261,0
38,9,39,10,138.309 -4.06872 -0.82159 0.199559,-357.639 -4.56475 0.714691 -0.0727321,0
38,10,39,8,137.561 -4.26919 5.60287 -4.10245,-357.138 -4.78967 -4.27444 3.27612,0
38,10,39,9,137.561 -4.06552 3.17242 -2.46284,-357.138 -4.56117 -2.84448 2.29973,0
38,10,39,10,137.561 -3.94312 1.01226 -1.01226,-357.138 -4.42384 -1.1738 1.1738,1
39,0,40,0,139.49 -7.07098 1.03818 -0.984243,-368.383 -4.49294 -2.09383 2.01004,0
39,0,40,1,139.49 -7.00179 -0.320782 -0.0721742,-368.383 -4.44898 0.271968 0.417197,0
39,0,40,2,139.49 -7.01467 -1.42354 0.665751,-368.383 -4.45717 2.77287 -1.25862,0
39,1,40,0,138.902 -7.00377 2.59779 -2.02389,-367.701 -4.46602 -4.2164 3.42362,0
39,1,40,1,138.902 -6.85373 0.986251 -0.940101,-367.701 -4.37035 -1.98499 1.91344,0
39,1,40,2,138.902 -6.78573 -0.368816 -0.030746,-367.701 -4.32699 0.381242 0.320758,0
39,1,40,3,138.902 -6.80223 -1.46008 0.699303,-367.701 -4.33751 2.88739 -1.35796,0
39,2,40,0,138.315 -7.01851 4.41347 -3.23765,-367.018 -4.49128 -6.20389 4.75429,0
39,2,40,1,138.315 -6.78817 2.5508 -1.98304,-367.018 -4.34388 -4.10639 3.32629,0
39,2,40,2,138.315 -6.63689 0.935628 -0.896854,-367.018 -4.24707 -1.87929 1.81929,0
39,2,40,3,138.315 -6.57014 -0.415322 0.00963524,-367.018 -4.20436 0.48751 0.226689,0
39,2,40,4,138.315 -6.59049 -1.49439 0.731337,-367.018 -4.21738 2.99934 -1.45522,0
39,3,40,1,137.728 -6.80698 4.37899 -3.20524,-366.336 -4.37133 -6.08792 4.6532,0
39,3,40,2,137.728 -6.57307 2.50539 -1.94327,-366.336 -4.22111 -3.99935 3.23131,0
39,3,40,3,137.728 -6.42047 0.886325 -0.854512,-366.336 -4.12311 -1.77672 1.7276,0
39,3,40,4,137.728 -6.35505 -0.460266 0.0489443,-366.336 -4.0811 0.590793 0.134975,0
39,3,40,5,137.728 -6.37948 -1.52638 0.761782,-366.336 -4.09679 3.10879 -1.55042,0
39,4,40,2,137.141 -6.59619 4.34682 -3.1744,-365.654 -4.25092 -5.97446 4.55416,0
39,4,40,3,137.141 -6.35848 2.4616 -1.90461,-365.654 -4.09773 -3.89526 3.13867,0
39,4,40,4,137.141 -6.20446 0.838355 -0.813088,-365.654 -3.99847 -1.67729 1.63835,0
39,4,40,5,137.141 -6.14045 -0.503612 0.0871532,-365.654 -3.95722 0.691109 0.0456038,0
39,4,40,6,137.141 -6.16924 -1.55594 0.790561,-365.654 -3.97577 3.21579 -1.64362,0
39,5,40,3,136.554 -6.38616 4.31706 -3.14521,-364.972 -4.13008 -5.86344 4.45713,0
39,5,40,4,136.554 -6.14441 2.41947 -1.86709,-364.972 -3.97373 -3.7941 3.04834,0
39,5,40,5,136.554 -5.98888 0.791731 -0.772592,-364.972 -3.87315 -1.58098 1.55155,0
39,5,40,6,136.554 -5.92636 -0.545318 0.124232,-364.972 -3.83272 0.78848 -0.0414384,0
39,5,40,7,136.554 -5.9598 -1.58295 0.817588,-364.972 -3.85434 3.32043 -1.73486,0
39,6,40,4,135.966 -6.17694 4.28985 -3.11776,-364.29 -4.00884 -5.75478 4.36206,0
39,6,40,5,135.966 -5.93087 2.37904 -1.83073,-364.29 -3.84914 -3.69583 2.96031,0
39,6,40,6,135.966 -5.77371 0.746466 -0.733036,-364.29 -3.74714 -1.4878 1.46719,0
39,6,40,7,135.966 -5.7128 -0.585343 0.16015,-364.29 -3.70761 0.882934 -0.126171,0
39,6,40,8,135.966 -5.7512 -1.60727 0.842767,-364.29 -3.73253 3.42278 -1.82419,0
39,7,40,5,135.379 -5.96856 4.2653 -3.09213,-363.608 -3.88722 -5.64841 4.26891,0
39,7,40,6,135.379 -5.71788 2.34037 -1.79559,-363.608 -3.72396 -3.60044 2.87457,0
39,7,40,7,135.379 -5.55896 0.702572 -0.694432,-363.608 -3.62046 -1.39773 1.38526,0
39,7,40,8,135.379 -5.49976 -0.623636 0.19487,-363.608 -3.5819 0.974494 -0.20861,0
39,7,40,9,135.379 -5.54349 -1.62874 0.865987,-363.608 -3.61038 3.52296 -1.91169,0
39,8,40,6,134.792 -5.76107 4.24359 -3.06844,-362.926 -3.76527 -5.54424 4.1776,0
39,8,40,7,134.792 -5.50545 2.30351 -1.7617,-362.926 -3.5982 -3.50789 2.79108,0
39,8,40,8,134.792 -5.34463 0.660064 -0.65679,-362.926 -3.49309 -1.31077 1.30577,0
39,8,40,9,134.792 -5.28728 -0.660143 0.228352,-362.926 -3.45561 1.06319 -0.288776,0
39,8,40,10,134.792 -5.33673 -1.63899 0.878936,-362.926 -3.48793 3.59908 -1.97544,0
39,9,40,7,134.205 -5.55453 4.22487 -3.04681,-362.244 -3.643 -5.44215 4.08808,0
39,9,40,8,134.205 -5.2936 2.26852 -1.72911,-362.244 -3.47187 -3.41813 2.70983,0
39,9,40,9,134.205 -5.13073 0.618954 -0.620123,-362.244 -3.36505 -1.22692 1.2287,0
39,9,40,10,134.205 -5.07536 -0.687007 0.252757,-362.244 -3.32874 1.12815 -0.345778,0
39,10,40,8,133.618 -5.35463 4.22062 -3.033,-361.562 -3.5119 -5.3592 4.00885,0
39,10,40,9,133.618 -5.08771 2.24621 -1.70322,-361.562 -3.33684 -3.34745 2.63895,0
39,10,40,10,133.618 -4.92244 0.59719 -0.59719,-361.562 -3.22844 -1.18224 1.18224,1
40,0,41,0,132.472 -7.4744 -0.169492 -0.0203144,-372.959 -2.49273 -0.222999 0.888079,0
40,0,41,1,132.472 -7.5079 -0.651528 0.302062,-372.959 -2.5039 2.55269 -0.997406,0
40,0,41,2,132.472 -7.6373 -0.842608 0.429379,-372.959 -2.54706 5.39974 -2.92228,0
40,1,41,0,132.095 -7.34434 0.576034 -0.518197,-372.142 -2.47941 -2.7048 2.53965,0
40,1,41,1,132.095 -7.28146 -0.200215 0.00202005,-372.142 -2.45818 -0.000785557 0.693441,0
40,1,41,2,132.095 -7.31808 -0.674201 0.319471,-372.142 -2.47055 2.77511 -1.19106,0
40,2,41,0,131.717 -7.31232 1.62101 -1.21748,-371.326 -2.4986 -5.11797 4.15511,0
40,2,41,1,131.717 -7.15095 0.543739 -0.494734,-371.326 -2.44346 -2.48728 2.34831,0
40,2,41,2,131.717 -7.08892 -0.231445 0.0252598,-371.326 -2.42227 0.212973 0.505885,0
40,2,41,3,131.717 -7.12882 -0.696836 0.337393,-371.326 -2.4359 2.98933 -1.37781,0
40,3,41,0,131.339 -7.3789 2.96749 -2.11966,-370.509 -2.5517 -7.45969 5.73303,0
40,3,41,1,131.339 -7.12088 1.59453 -1.19787,-370.509 -2.46248 -4.90106 3.9642,0
40,3,41,2,131.339 -6.95793 0.510867 -0.470326,-370.509 -2.40613 -2.27827 2.16408,0
40,3,41,3,131.339 -6.89678 -0.263034 0.0492669,-370.509 -2.38498 0.418271 0.325424,0
40,3,41,4,131.339 -6.94012 -0.719252 0.35567,-370.509 -2.39997 3.19536 -1.55765,0
40,4,41,1,130.962 -7.19177 2.95407 -2.10882,-369.692 -2.51664 -7.23926 5.53966,0
40,4,41,2,130.962 -6.92991 1.56775 -1.17752,-369.692 -2.42501 -4.69251 3.7803,0
40,4,41,3,130.962 -6.76529 0.47756 -0.445104,-369.692 -2.3674 -2.07778 1.987,0
40,4,41,4,130.962 -6.70506 -0.294832 0.0739024,-369.692 -2.34633 0.615104 0.152064,0
40,4,41,5,130.962 -6.75202 -0.741261 0.374136,-369.692 -2.36276 3.39322 -1.73059,0
40,5,41,2,130.584 -7.00531 2.941 -2.09765,-368.875 -2.48035 -7.02682 5.35305,0
40,5,41,3,130.584 -6.73942 1.54086 -1.15656,-368.875 -2.38621 -4.4923 3.60342,0
40,5,41,4,130.584 -6.57303 0.443957 -0.419203,-368.875 -2.3273 -1.88582 1.81706,0
40,5,41,5,130.584 -6.51377 -0.326688 0.0990266,-368.875 -2.30632 0.803472 -0.0141903,0
40,5,41,6,130.584 -6.56455 -0.762671 0.392626,-368.875 -2.3243 3.58293 -1.89664,0
40,6,41,3,130.206 -6.81955 2.92847 -2.08632,-368.058 -2.44285 -6.82233 5.17318,0
40,6,41,4,130.206 -6.54942 1.514 -1.13515,-368.058 -2.34609 -4.30044 3.43356,0
40,6,41,5,130.206 -6.38117 0.410199 -0.392755,-368.058 -2.28582 -1.7024 1.65427,0
40,6,41,6,130.206 -6.32293 -0.35845 0.124499,-368.058 -2.26495 0.983377 -0.173336,0
40,6,41,7,130.206 -6.37772 -0.783284 0.410969,-368.058 -2.28458 3.76453 -2.05583,0
40,7,41,4,129.828 -6.63454 2.9167 -2.07502,-367.241 -2.40415 -6.62577 5.00004,0
40,7,41,5,129.828 -6.35994 1.48736 -1.11343,-367.241 -2.30464 -4.11692 3.27072,0
40,7,41,6,129.828 -6.1897 0.376429 -0.365893,-367.241 -2.24295 -1.52752 1.49865,0
40,7,41,7,129.828 -6.13254 -0.389963 0.150178,-367.241 -2.22224 1.15482 -0.325375,0
40,7,41,8,129.828 -6.19158 -0.802895 0.428989,-367.241 -2.24363 3.93806 -2.20819,0
40,8,41,5,129.451 -6.4503 2.90592 -2.06392,-366.424 -2.36426 -6.43709 4.8336,0
40,8,41,6,129.451 -6.17098 1.46109 -1.09157,-366.424 -2.26188 -3.94173 3.11489,0
40,8,41,7,129.451 -5.99865 0.342787 -0.338751,-366.424 -2.19872 -1.36117 1.35019,0
40,8,41,8,129.451 -5.94262 -0.421072 0.17592,-366.424 -2.17818 1.31782 -0.470312,0
40,8,41,9,129.451 -6.00614 -0.806604 0.431821,-366.424 -2.20146 4.01167 -2.26184,0
40,9,41,6,129.073 -6.26687 2.89635 -2.05323,-365.607 -2.32321 -6.25624 4.67382,0
40,9,41,7,129.073 -5.98257 1.43537 -1.0697,-365.607 -2.21782 -3.77484 2.96606,0
40,9,41,8,129.073 -5.80801 0.309413 -0.311462,-365.607 -2.15311 -1.20337 1.2089,0
40,9,41,9,129.073 -5.75318 -0.437533 0.187495,-365.607 -2.13278 1.38425 -0.520016,0
40,9,41,10,129.073 -5.82146 -0.737596 0.362683,-365.607 -2.15809 3.14965 -1.38107,0
40,10,41,7,128.695 -6.09264 2.90493 -2.05148,-364.79 -2.25862 -6.12795 4.54307,0
40,10,41,8,128.695 -5.80268 1.42628 -1.05595,-364.79 -2.15113 -3.65889 2.84554,0
40,10,41,9,128.695 -5.6255 0.305644 -0.305644,-364.79 -2.08545 -1.18164 1.18164,1
40,10,41,10,128.695 -5.57187 -0.369836 0.123043,-364.79 -2.06556 0.513789 0.345356,0
41,0,42,0,124.808 -7.34954 -0.125967 0.124061,-374.787 -0.256199 -1.41814 1.48036,0
41,0,42,1,124.808 -7.43047 -0.00346676 0.0324185,-374.787 -0.259021 1.44821 -0.484557,0
41,0,42,2,124.808 -7.61749 0.432592 -0.266699,-374.787 -0.26554 4.31226 -2.44348,0
41,1,42,0,124.615 -7.22943 0.099513 -0.0283673,-373.908 -0.357367 -3.83166 3.11602,0
41,1,42,1,124.615 -7.20168 -0.10323 0.0965464,-373.908 -0.355995 -0.959182 1.14078,0
41,1,42,2,124.615 -7.28558 0.0236092 0.00353426,-373.908 -0.360143 1.90859 -0.824242,0
41,2,42,0,124.422 -7.21871 0.652865 -0.39928,-373.029 -0.462187 -6.25823 4.76838,0
41,2,42,1,124.422 -7.07936 0.11648 -0.0523241,-373.029 -0.453265 -3.38316 2.783,0
41,2,42,2,124.422 -7.05253 -0.0884295 0.0756849,-373.029 -0.451547 -0.514982 0.81171,0
41,2,42,3,124.422 -7.1395 0.0431888 -0.0190382,-373.029 -0.457116 2.35442 -1.15352,0
41,3,42,0,124.229 -7.31733 1.53419 -0.988835,-372.15 -0.57549 -8.68822 6.43266,0
41,3,42,1,124.229 -7.06864 0.671159 -0.424568,-372.15 -0.555931 -5.81437 4.43785,0
41,3,42,2,124.229 -6.92806 0.125645 -0.0697077,-372.15 -0.544874 -2.94955 2.46058,0
41,3,42,3,124.229 -6.9022 -0.0811315 0.0611389,-372.15 -0.542841 -0.085707 0.493306,0
41,3,42,4,124.229 -6.99234 0.0557196 -0.0356472,-372.15 -0.54993 2.78556 -1.47226,0
41,4,42,1,124.036 -7.16932 1.56059 -1.02016,-371.271 -0.668913 -8.243 6.10044,0
41,4,42,2,124.036 -6.91745 0.681954 -0.44347,-371.271 -0.645413 -5.3853 4.11783,0
41,4,42,3,124.036 -6.77562 0.127437 -0.0808539,-371.271 -0.63218 -2.53101 2.14892,0
41,4,42,4,124.036 -6.75078 -0.0808999 0.0525664,-371.271 -0.629862 0.328486 0.185713,0
41,4,42,5,124.036 -6.8442 0.061654 -0.0466456,-371.271 -0.638578 3.20185 -1.78033,0
41,5,42,2,123.842 -7.02037 1.57993 -1.04536,-370.392 -0.758177 -7.81219 5.77847,0
41,5,42,3,123.842 -6.76524 0.685685 -0.456323,-370.392 -0.730624 -4.97116 3.80848,0
41,5,42,4,123.842 -6.62214 0.122288 -0.0861021,-370.392 -0.71517 -2.12769 1.84817,0
41,5,42,5,123.842 -6.59836 -0.087294 0.0496218,-370.392 -0.712601 0.72745 -0.110934,0
41,5,42,6,123.842 -6.69516 0.0614497 -0.0523901,-370.392 -0.723056 3.6032 -2.07762,0
41,6,42,3,123.649 -6.87058 1.59266 -1.0648,-369.513 -0.843277 -7.39593 5.46688,0
41,6,42,4,123.649 -6.61211 0.682791 -0.463473,-369.513 -0.811555 -4.5721 3.50993,0
41,6,42,5,123.649 -6.46771 0.110634 -0.0857954,-369.513 -0.793831 -1.73974 1.55846,0
41,6,42,6,123.649 -6.44503 -0.0998692 0.0519558,-369.513 -0.791047 1.11105 -0.396513,0
41,6,42,7,123.649 -6.54535 0.0555695 -0.0532423,-369.513 -0.80336 3.98949 -2.36404,0
41,7,42,4,123.456 -6.72004 1.59923 -1.07883,-368.634 -0.924215 -6.99434 5.1658,0
41,7,42,5,123.456 -6.45816 0.673717 -0.465268,-368.634 -0.888198 -4.18826 3.22231,0
41,7,42,6,123.456 -6.31242 0.0929156 -0.0802806,-368.634 -0.868154 -1.3673 1.27992,0
41,7,42,7,123.456 -6.2909 -0.118177 0.0592158,-368.634 -0.865194 1.47917 -0.670908,0
41,7,42,8,123.456 -6.39485 0.0444172 -0.049504,-368.634 -0.879491 4.20225 -2.48109,0
41,8,42,5,123.263 -6.56887 1.60012 -1.0878,-367.755 -1.00099 -6.60751 4.87534,0
41,8,42,6,123.263 -6.30348 0.658913 -0.46206,-367.755 -0.960549 -3.81975 2.94574,0
41,8,42,7,123.263 -6.15637 0.0695755 -0.0699064,-367.755 -0.938132 -1.01048 1.01266,0
41,8,42,8,123.263 -6.13606 -0.141828 0.0711065,-367.755 -0.935037 1.67941 -0.781721,0
41,8,42,9,123.263 -6.24377 -0.0276893 0.01461,-367.755 -0.951451 3.61436 -1.80166,0
41,9,42,6,123.07 -6.43211 1.62566 -1.10702,-366.876 -0.98015 -6.42247 4.68903,0
41,9,42,7,123.07 -6.16249 0.667453 -0.468515,-366.876 -0.939064 -3.64578 2.76986,0
41,9,42,8,123.07 -6.01362 0.0689321 -0.0689321,-366.876 -0.916379 -0.993423 0.993423,1
41,9,42,9,123.07 -5.99452 -0.196433 0.127259,-366.876 -0.913469 0.936137 -0.0404423,0
41,9,42,10,123.07 -6.10641 -0.166328 0.158963,-366.876 -0.930518 2.88905 -1.0777,0
41,10,42,7,122.877 -6.36829 1.79319 -1.19529,-365.997 -0.00205615 -8.15859 5.46663,0
41,10,42,8,122.877 -6.09108 0.811367 -0.540749,-365.997 -0.00196665 -5.45944 3.66599,0
41,10,42,9,122.877 -5.93864 0.147399 -0.0792948,-365.997 -0.00191743 -3.50678 2.61189,0
41,10,42,10,122.877 -5.92061 -0.205816 0.205816,-365.997 -0.00191161 -1.53826 1.54198,0
42,0,43,0,117.457 -6.80879 -0.47943 0.431859,-374.981 1.27017 -2.06279 1.77408,0
42,0,43,1,117.457 -6.92669 0.132885 0.00279858,-374.981 1.29216 0.730718 -0.143797,0
42,0,43,2,117.457 -7.1529 1.06374 -0.636488,-374.981 1.33436 3.45873 -2.01638,0
42,1,43,0,117.407 -6.71997 -0.618477 0.532158,-374.082 1.08371 -4.34315 3.34229,0
42,1,43,1,117.407 -6.72498 -0.341547 0.325592,-374.082 1.08452 -1.47259 1.36855,0
42,1,43,2,117.407 -6.84628 0.275194 -0.104488,-374.082 1.10408 1.32686 -0.552843,0
42,2,43,0,117.357 -6.74304 -0.423523 0.410349,-373.184 0.918306 -6.70762 4.97356,0
42,2,43,1,117.357 -6.63016 -0.494736 0.434036,-373.184 0.902933 -3.76552 2.94446,0
42,2,43,2,117.357 -6.63626 -0.220728 0.231482,-373.184 0.903764 -0.89651 0.972239,0
42,2,43,3,117.357 -6.76102 0.400705 -0.199838,-373.184 0.920754 1.90913 -0.95277,0
42,3,43,0,117.307 -6.87935 0.108187 0.0650184,-372.285 0.765475 -9.13927 6.65944,0
42,3,43,1,117.307 -6.64978 -0.305779 0.314775,-372.285 0.739931 -6.13516 4.57849,0
42,3,43,2,117.307 -6.53559 -0.38772 0.347883,-372.285 0.727225 -3.20244 2.55611,0
42,3,43,3,117.307 -6.54282 -0.116376 0.149124,-372.285 0.728029 -0.335024 0.585505,0
42,3,43,4,117.307 -6.67108 0.510021 -0.283662,-372.285 0.7423 2.47707 -1.34324,0
42,4,43,1,117.257 -6.78495 0.227554 -0.0333198,-371.387 0.586849 -8.56418 6.26199,0
42,4,43,2,117.257 -6.55193 -0.204379 0.230954,-371.387 0.566695 -5.57734 4.19293,0
42,4,43,3,117.257 -6.43646 -0.296825 0.273289,-371.387 0.556708 -2.65438 2.17757,0
42,4,43,4,117.257 -6.44487 -0.0278765 0.0780988,-371.387 0.557435 0.211407 0.208687,0
42,4,43,5,117.257 -6.57666 0.603761 -0.356384,-371.387 0.568834 3.03025 -1.72393,0
42,5,43,2,117.206 -6.68612 0.330967 -0.120129,-370.488 0.413331 -8.00351 5.87386,0
42,5,43,3,117.206 -6.44969 -0.118712 0.158472,-370.488 0.398715 -5.03462 3.81721,0
42,5,43,4,117.206 -6.33297 -0.221432 0.209834,-370.488 0.391499 -2.12178 1.80921,0
42,5,43,5,117.206 -6.34259 0.0453949 0.0179801,-370.488 0.392094 0.742343 -0.15789,0
42,5,43,6,117.206 -6.47798 0.682555 -0.418437,-370.488 0.400463 3.56824 -2.09453,0
42,6,43,3,117.156 -6.58307 0.419044 -0.195825,-369.589 0.245024 -7.45769 5.49536,0
42,6,43,4,117.156 -6.34325 -0.0481532 0.0969069,-369.589 0.236098 -4.50744 3.45166,0
42,6,43,5,117.156 -6.22532 -0.16091 0.157087,-369.589 0.231709 -1.60509 1.45132,0
42,6,43,6,117.156 -6.23619 0.104077 -0.0316696,-369.589 0.232113 1.25737 -0.513916,0
42,6,43,7,117.156 -6.37521 0.714691 -0.437905,-369.589 0.237288 3.91303 -2.27712,0
42,7,43,4,117.106 -6.476 0.492415 -0.260835,-368.691 0.0820276 -6.92712 5.1268,0
42,7,43,5,117.106 -6.23282 0.00793638 0.0458232,-368.691 0.0789475 -3.9962 3.09659,0
42,7,43,6,117.106 -6.1137 -0.114614 0.114608,-368.691 0.0774386 -1.10471 1.10423,0
42,7,43,7,117.106 -6.12588 0.117747 -0.0402237,-368.691 0.0775928 1.5855 -0.688515,0
42,7,43,8,117.106 -6.26858 0.629267 -0.343683,-368.691 0.0794004 3.78254 -1.98973,0
42,8,43,5,117.056 -6.36505 0.551596 -0.315532,-367.792 0.0806224 -6.72457 4.92467,0
42,8,43,6,117.056 -6.11856 0.0500864 0.00483786,-367.792 0.0775001 -3.80159 2.90244,0
42,8,43,7,117.056 -5.99828 -0.112432 0.112432,-367.792 0.0759766 -1.08244 1.08244,1
42,8,43,8,117.056 -6.01179 0.0184492 0.0604225,-367.792 0.0761478 1.16185 -0.264399,0
42,8,43,9,117.056 -6.15822 0.506015 -0.215356,-367.792 0.0780026 3.36494 -1.57172,0
42,9,43,6,117.006 -6.19483 0.486019 -0.30475,-366.893 0.863866 -8.09634 5.51223,0
42,9,43,7,117.006 -5.94727 -0.0582773 0.0573448,-366.893 0.829344 -5.28616 3.63419,0
42,9,43,8,117.006 -5.82694 -0.325291 0.269386,-366.893 0.812564 -2.97234 2.23477,0
42,9,43,9,117.006 -5.84171 -0.221772 0.245991,-366.893 0.814623 -0.715603 0.873598,0
42,9,43,10,117.006 -5.99058 0.240456 -0.00201542,-366.893 0.835383 1.45766 -0.422803,0
42,10,43,7,116.956 -5.93056 0.19524 -0.162805,-365.995 1.60593 -9.56205 6.23489,0
42,10,43,8,116.956 -5.68586 -0.450187 0.303275,-365.995 1.53966 -7.12431 4.76103,0
42,10,43,9,116.956 -5.56738 -0.742788 0.542756,-365.995 1.50758 -4.75305 3.31948,0
42,10,43,10,116.956 -5.58318 -0.665128 0.546244,-365.995 1.51186 -2.48264 1.94242,0
43,0,44,0,110.6 -15.2086 0.769439 -0.453946,-373.999 5.79673 1.86002 -1.09177,0
43,0,44,1,110.6 -15.3375 2.11371 -1.41319,-373.999 5.84587 4.77771 -3.1958,0
43,0,44,2,110.6 -15.511 3.58014 -2.45001,-373.999 5.912 7.65981 -5.28125,0
43,1,44,0,110.666 -15.1024 0.102588 0.0413537,-373.102 5.2718 0.324288 0.0712629,0
43,1,44,1,110.666 -15.1885 1.31439 -0.828189,-373.102 5.30188 3.28846 -2.06019,0
43,1,44,2,110.666 -15.3214 2.65352 -1.77835,-373.102 5.34826 6.21499 -4.17031,0
43,2,44,0,110.731 -15.0232 -0.467345 0.466726,-372.204 4.77168 -1.27887 1.27692,0
43,2,44,1,110.731 -15.0638 0.605185 -0.309084,-372.204 4.78458 1.73005 -0.882104,0
43,2,44,2,110.731 -15.1529 1.80921 -1.16787,-372.204 4.81289 4.69968 -3.01726,0
43,3,44,0,110.797 -14.9746 -0.931081 0.816568,-371.307 4.2937 -2.94496 2.52336,0
43,3,44,1,110.797 -14.9673 -0.00353593 0.137809,-371.307 4.29161 0.106337 0.336955,0
43,3,44,2,110.797 -15.01 1.05843 -0.625425,-371.307 4.30383 3.11715 -1.82329,0
43,4,44,0,110.862 -14.96 -1.28061 1.08607,-370.409 3.83484 -4.66856 3.80821,0
43,4,44,1,110.862 -14.9028 -0.502408 0.5068,-370.409 3.82018 -1.57787 1.59497,0
43,4,44,2,110.862 -14.8965 0.411674 -0.157461,-370.409 3.81857 1.4716 -0.590108,0
43,5,44,0,110.927 -14.9818 -1.50945 1.27138,-369.511 3.39167 -6.44337 5.12856,0
43,5,44,1,110.927 -14.8734 -0.883383 0.793025,-369.511 3.36713 -3.31687 2.88939,0
43,5,44,2,110.927 -14.8163 -0.121596 0.230249,-369.511 3.35421 -0.231867 0.680105,0
43,5,44,3,110.927 -14.8111 0.631275 -0.271717,-369.511 3.35303 2.36059 -1.04839,0
43,6,44,0,110.993 -15.0421 -1.61291 1.36976,-368.614 2.96049 -8.26226 6.48101,0
43,6,44,1,110.993 -14.8817 -1.14003 0.992634,-368.614 2.92893 -5.10409 4.21719,0
43,6,44,2,110.993 -14.7725 -0.533305 0.532791,-368.614 2.90743 -1.98725 1.98464,0
43,6,44,3,110.993 -14.7156 0.0662129 0.13243,-368.614 2.89623 0.642379 0.229012,0
43,6,44,4,110.993 -14.7115 0.750926 -0.300247,-368.614 2.89543 3.03001 -1.29503,0
43,7,44,1,111.058 -14.8529 -1.42133 1.17972,-367.716 2.92325 -7.77518 5.99634,0
43,7,44,2,111.058 -14.6917 -0.968955 0.822255,-367.716 2.89152 -4.62157 3.73724,0
43,7,44,3,111.058 -14.5823 -0.524917 0.524917,-367.716 2.86999 -1.95394 1.95394,1
43,7,44,4,111.058 -14.5258 0.00544393 0.194212,-367.716 2.85888 0.474215 0.399688,0
43,7,44,5,111.058 -14.523 0.691736 -0.238851,-367.716 2.85832 2.86467 -1.12741,0
43,8,44,2,111.123 -14.4015 -1.77242 1.27016,-366.819 3.99373 -9.50959 6.62544,0
43,8,44,3,111.123 -14.2423 -1.47861 1.07331,-366.819 3.9496 -6.77934 4.80211,0
43,8,44,4,111.123 -14.1347 -1.1012 0.844371,-366.819 3.91975 -4.29428 3.20969,0
43,8,44,5,111.123 -14.0798 -0.568972 0.513314,-366.819 3.90452 -1.85363 1.64707,0
43,8,44,6,111.123 -14.0782 0.119129 0.0796964,-366.819 3.90407 0.539853 0.116826,0
43,9,44,3,111.189 -13.8744 -2.43667 1.59809,-365.921 5.01277 -11.5896 7.65156,0
43,9,44,4,111.189 -13.7182 -2.20735 1.46871,-365.921 4.95635 -9.03262 6.01381,0
43,9,44,5,111.189 -13.613 -1.82668 1.23891,-365.921 4.91833 -6.52599 4.40799,0
43,9,44,6,111.189 -13.5599 -1.29186 0.907086,-365.921 4.89915 -4.07318 2.83717,0
43,9,44,7,111.189 -13.5595 -0.601863 0.472814,-365.921 4.89901 -1.6771 1.30401,0
43,10,44,4,111.254 -13.2769 -3.31135 2.06596,-365.023 5.97514 -13.754 8.81881,0
43,10,44,5,111.254 -13.1246 -3.07616 1.93462,-365.023 5.90662 -11.1667 7.16276,0
43,10,44,6,111.254 -13.0224 -2.69091 1.70325,-365.023 5.86062 -8.63884 5.54372,0
43,10,44,7,111.254 -12.9714 -2.1528 1.37025,-365.023 5.83768 -6.17428 3.9649,0
43,10,44,8,111.254 -12.9722 -1.46086 0.935245,-365.023 5.83805 -3.77603 2.42906,0
44,0,45,0,95.7074 -14.1198 1.10402 -0.761186,-367.435 5.86287 2.48221 -1.71657,0
44,0,45,1,95.7074 -14.2209 2.34805 -1.59072,-367.435 5.90486 4.88861 -3.32128,0
44,0,45,2,95.7074 -14.3695 3.69997 -2.48069,-367.435 5.96655 7.15049 -4.80117,0
44,1,45,0,95.9635 -14.1877 0.3628 -0.208093,-366.572 5.37378 0.915553 -0.523619,0
44,1,45,1,95.9635 -14.2414 1.46345 -0.941735,-366.572 5.39409 3.38466 -2.16936,0
44,1,45,2,95.9635 -14.3443 2.67734 -1.73934,-366.572 5.43307 5.71206 -3.69206,0
44,2,45,0,96.2196 -14.289 -0.262891 0.262725,-365.709 4.9034 -0.708142 0.707658,0
44,2,45,1,96.2196 -14.2929 0.689113 -0.37192,-365.709 4.90477 1.8186 -0.976771,0
44,2,45,2,96.2196 -14.3475 1.75813 -1.07299,-365.709 4.9235 4.20686 -2.54009,0
44,3,45,0,96.4757 -14.2786 -1.06215 0.795498,-364.846 4.89984 -3.28532 2.42561,0
44,3,45,1,96.4757 -14.2318 -0.261344 0.261344,-364.846 4.8838 -0.703865 0.703865,1
44,3,45,2,96.4757 -14.236 0.657471 -0.339981,-364.846 4.88522 1.7395 -0.897234,0
44,3,45,3,96.4757 -14.2909 1.72699 -1.04121,-364.846 4.90406 4.12762 -2.46052,0
44,4,45,0,96.7318 -14.2466 -1.85473 1.30005,-363.983 5.11933 -6.32851 4.38651,0
44,4,45,1,96.7318 -14.1498 -1.20387 0.865715,-363.983 5.08453 -3.68964 2.62613,0
44,4,45,2,96.7318 -14.1032 -0.436243 0.364903,-363.983 5.0678 -1.18964 0.986537,0
44,4,45,3,96.7318 -14.1075 0.482552 -0.236292,-363.983 5.06932 1.25397 -0.614913,0
44,4,45,4,96.7318 -14.1624 1.55202 -0.937414,-363.983 5.08907 3.64035 -2.17737,0
44,5,45,1,96.9879 -14.1153 -2.00135 1.37258,-363.121 5.30282 -6.73055 4.58594,0
44,5,45,2,96.9879 -14.0187 -1.38369 0.971687,-363.121 5.26653 -4.17141 2.90678,0
44,5,45,3,96.9879 -13.9723 -0.616036 0.47102,-363.121 5.2491 -1.66918 1.26565,0
44,5,45,4,96.9879 -13.9766 0.302742 -0.130049,-363.121 5.25073 0.774672 -0.336142,0
44,5,45,5,96.9879 -14.0316 1.37213 -0.831055,-363.121 5.2714 3.1593 -1.89776,0
44,6,45,2,97.244 -13.9816 -2.1861 1.48094,-362.258 5.4836 -7.21022 4.86572,0
44,6,45,3,97.244 -13.8853 -1.56832 1.08018,-362.258 5.44581 -4.64687 3.18384,0
44,6,45,4,97.244 -13.839 -0.800614 0.579638,-362.258 5.42769 -2.14241 1.54119,0
44,6,45,5,97.244 -13.8435 0.11815 -0.0213097,-362.258 5.42943 0.301667 -0.0609522,0
44,6,45,6,97.244 -13.8985 1.18745 -0.722191,-362.258 5.45102 2.68453 -1.62172,0
44,7,45,3,97.5001 -13.8457 -2.37561 1.59177,-361.395 5.66163 -7.68353 5.14189,0
44,7,45,4,97.5001 -13.7496 -1.75765 1.19112,-361.395 5.62235 -5.11598 3.4573,0
44,7,45,5,97.5001 -13.7036 -0.98987 0.690698,-361.395 5.60354 -2.60929 1.81311,0
44,7,45,6,97.5001 -13.7081 -0.0711174 0.0898682,-361.395 5.6054 -0.164993 0.210632,0
44,7,45,7,97.5001 -13.7632 0.998068 -0.610881,-361.395 5.62791 2.21608 -1.34928,0
44,8,45,4,97.7562 -13.7075 -2.56975 1.70504,-360.532 5.8369 -8.15044 5.41442,0
44,8,45,5,97.7562 -13.6117 -1.95158 1.30447,-360.532 5.79612 -5.57867 3.72711,0
44,8,45,6,97.7562 -13.5659 -1.18369 0.804142,-360.532 5.77661 -3.06976 2.08139,0
44,8,45,7,97.7562 -13.5706 -0.264948 0.203425,-360.532 5.77859 -0.625249 0.478579,0
44,8,45,8,97.7562 -13.6257 0.804102 -0.497183,-360.532 5.80204 1.75403 -1.08047,0
44,9,45,5,98.0123 -13.5672 -2.76844 1.82068,-359.669 6.00936 -8.61088 5.68329,0
44,9,45,6,98.0123 -13.4717 -2.14999 1.42016,-359.669 5.96708 -6.03489 3.99326,0
44,9,45,7,98.0123 -13.4261 -1.38197 0.91991,-359.669 5.94689 -3.52376 2.346,0
44,9,45,8,98.0123 -13.4309 -0.463232 0.319303,-359.669 5.949 -1.07905 0.742863,0
44,9,45,9,98.0123 -13.486 0.605661 -0.381155,-359.669 5.97339 1.29841 -0.815306,0
44,10,45,6,98.2684 -13.4248 -2.97154 1.93862,-358.807 6.179 -9.06482 5.94847,0
44,10,45,7,98.2684 -13.3297 -2.35278 1.53813,-358.807 6.13523 -6.48461 4.25571,0
44,10,45,8,98.2684 -13.2843 -1.58459 1.03795,-358.807 6.11434 -3.97125 2.60692,0
44,10,45,9,98.2684 -13.2891 -0.665861 0.437445,-358.807 6.11658 -1.52635 1.00346,0
44,10,45,10,98.2684 -13.3442 0.402855 -0.262856,-358.807 6.14191 0.849289 -0.553824,0
45,0,46,0,81.9305 -14.027 0.695598 -0.336579,-360.806 5.61025 1.60341 -0.777981,0
45,0,46,1,81.9305 -14.0805 1.93727 -1.16955,-360.806 5.63165 4.05269 -2.42172,0
45,0,46,2,81.9305 -14.1831 3.3251 -2.09958,-360.806 5.67268 6.44056 -4.02369,0
45,1,46,0,82.2438 -13.9813 -0.380217 0.380217,-359.962 5.59199 -0.870026 0.870026,1
45,1,46,1,82.2438 -13.9852 0.713867 -0.354777,-359.962 5.59355 1.64163 -0.81624,0
45,1,46,2,82.2438 -14.0389 1.95611 -1.18811,-359.962 5.61503 4.09071 -2.45987,0
45,2,46,0,82.5572 -13.9519 -1.37499 1.03224,-359.119 5.67698 -3.573 2.64433,0
45,2,46,1,82.5572 -13.906 -0.429213 0.395715,-359.119 5.65829 -0.99788 0.914846,0
45,2,46,2,82.5572 -13.9099 0.664934 -0.339277,-359.119 5.65989 1.51358 -0.77128,0
45,2,46,3,82.5572 -13.9637 1.9075 -1.17284,-359.119 5.68179 3.96181 -2.41447,0
45,3,46,0,82.8706 -13.9716 -2.22316 1.58672,-358.275 5.78234 -6.33974 4.46203,0
45,3,46,1,82.8706 -13.8763 -1.42457 1.04798,-358.275 5.74288 -3.70009 2.68878,0
45,3,46,2,82.8706 -13.8304 -0.478987 0.411699,-358.275 5.72388 -1.1245 0.959136,0
45,3,46,3,82.8706 -13.8344 0.615224 -0.323292,-358.275 5.72554 1.38676 -0.726848,0
45,3,46,4,82.8706 -13.8883 1.85812 -1.15708,-358.275 5.74784 3.83414 -2.3696,0
45,4,46,1,83.1839 -13.8956 -2.27306 1.60249,-357.431 5.8482 -6.46671 4.5064,0
45,4,46,2,83.1839 -13.8003 -1.47491 1.06421,-357.431 5.80808 -3.82595 2.7327,0
45,4,46,3,83.1839 -13.7544 -0.529528 0.428164,-357.431 5.78877 -1.2499 1.0029,0
45,4,46,4,83.1839 -13.7585 0.564748 -0.306828,-357.431 5.79049 1.26116 -0.682944,0
45,4,46,5,83.1839 -13.8125 1.80796 -1.14085,-357.431 5.81321 3.70769 -2.32525,0
45,5,46,2,83.4973 -13.8194 -2.32372 1.61873,-356.588 5.91336 -6.59246 4.55025,0
45,5,46,3,83.4973 -13.7241 -1.52601 1.08092,-356.588 5.87257 -3.95057 2.77609,0
45,5,46,4,83.4973 -13.6783 -0.580822 0.445102,-356.588 5.85296 -1.37407 1.04613,0
45,5,46,5,83.4973 -13.6824 0.513519 -0.28989,-356.588 5.85473 1.1368 -0.639569,0
45,5,46,6,83.4973 -13.7365 1.75705 -1.12415,-356.588 5.87787 3.58246 -2.28143,0
45,6,46,3,83.8107 -13.7429 -2.37513 1.63545,-355.744 5.97782 -6.71698 4.59356,0
45,6,46,4,83.8107 -13.6476 -1.57786 1.09809,-355.744 5.93637 -4.07397 2.81894,0
45,6,46,5,83.8107 -13.6018 -0.632859 0.462507,-355.744 5.91645 -1.497 1.08883,0
45,6,46,6,83.8107 -13.606 0.461548 -0.272487,-355.744 5.91828 1.01366 -0.596723,0
45,6,46,7,83.8107 -13.6602 1.7054 -1.10697,-355.744 5.94184 3.45847 -2.23814,0
45,7,46,4,84.124 -13.6661 -2.42729 1.65263,-354.9 6.04158 -6.84026 4.63635,0
45,7,46,5,84.124 -13.5708 -1.63044 1.11573,-354.9 5.99946 -4.19613 2.86127,0
45,7,46,6,84.124 -13.5251 -0.685627 0.480374,-354.9 5.97924 -1.61869 1.131,0
45,7,46,7,84.124 -13.5293 0.408848 -0.254623,-354.9 5.98113 0.891762 -0.554406,0
45,7,46,8,84.124 -13.5836 1.65302 -1.08934,-354.9 6.00511 3.33569 -2.19538,0
45,8,46,5,84.4374 -13.589 -2.48016 1.67027,-354.057 6.10463 -6.96231 4.6786,0
45,8,46,6,84.4374 -13.4938 -1.68375 1.13383,-354.057 6.06185 -4.31706 2.90307,0
45,8,46,7,84.4374 -13.4481 -0.739113 0.498695,-354.057 6.04132 -1.73916 1.17264,0
45,8,46,8,84.4374 -13.4524 0.355431 -0.236306,-354.057 6.04327 0.771092 -0.51262,0
45,8,46,9,84.4374 -13.5067 1.59992 -1.07126,-354.057 6.06767 3.21415 -2.15314,0
45,9,46,6,84.7508 -13.5117 -2.53376 1.68837,-353.213 6.16699 -7.08313 4.72032,0
45,9,46,7,84.7508 -13.4165 -1.73776 1.15237,-353.213 6.12353 -4.43674 2.94433,0
45,9,46,8,84.7508 -13.3708 -0.793304 0.517463,-353.213 6.1027 -1.85838 1.21374,0
45,9,46,9,84.7508 -13.3752 0.301309 -0.217542,-353.213 6.1047 0.651656 -0.471363,0
45,10,46,7,85.0642 -13.4341 -2.58806 1.70691,-352.369 6.22864 -7.20272 4.76151,0
45,10,46,8,85.0642 -13.3389 -1.79247 1.17136,-352.369 6.18451 -4.5552 2.98506,0
45,10,46,9,85.0642 -13.2933 -0.84819 0.536675,-352.369 6.16337 -1.97637 1.25432,0
46,0,47,0,68.2625 -13.5945 -1.70062 1.33898,-354.37 6.45887 -3.63354 2.8097,0
46,0,47,1,68.2625 -13.5385 -0.613163 0.613163,-354.37 6.43226 -1.15724 1.15724,1
46,0,47,2,68.2625 -13.5312 0.713687 -0.303353,-354.37 6.42879 1.41055 -0.609852,0
46,0,47,3,68.2625 -13.5726 2.18311 -1.31367,-354.37 6.4485 3.90688 -2.32865,0
46,1,47,0,68.6177 -13.6535 -2.60795 1.95016,-353.543 6.44305 -6.10631 4.47136,0
46,1,47,1,68.6177 -13.549 -1.66385 1.31913,-353.543 6.39371 -3.5574 2.76901,0
46,1,47,2,68.6177 -13.4928 -0.481739 0.498482,-353.543 6.3672 -0.916828 0.952188,0
46,1,47,3,68.6177 -13.4856 0.842831 -0.415652,-353.543 6.3638 1.65111 -0.815123,0
46,1,47,4,68.6177 -13.5274 2.3111 -1.42442,-353.543 6.38355 4.14809 -2.53462,0
46,2,47,1,68.9729 -13.6082 -2.57042 1.92977,-352.716 6.37805 -6.03069 4.43102,0
46,2,47,2,68.9729 -13.5032 -1.53248 1.20445,-352.716 6.32883 -3.3175 2.56429,0
46,2,47,3,68.9729 -13.4468 -0.353782 0.38702,-352.716 6.30241 -0.677312 0.747748,0
46,2,47,4,68.9729 -13.4397 0.968518 -0.524741,-352.716 6.29909 1.89074 -1.01974,0
46,2,47,5,68.9729 -13.482 2.43563 -1.53197,-352.716 6.31889 4.38833 -2.7399,0
46,3,47,2,69.3281 -13.5627 -2.43798 1.81423,-351.89 6.31335 -5.7908 4.22614,0
46,3,47,3,69.3281 -13.4572 -1.40458 1.09298,-351.89 6.26424 -3.07851 2.36018,0
46,3,47,4,69.3281 -13.4007 -0.229277 0.278763,-351.89 6.23792 -0.43874 0.543967,0
46,3,47,5,69.3281 -13.3937 1.09077 -0.630635,-351.89 6.23466 2.12938 -1.22367,0
46,3,47,6,69.3281 -13.4363 2.55675 -1.63634,-351.89 6.25451 4.62756 -2.94446,0
46,4,47,3,69.6833 -13.5169 -2.30899 1.70191,-351.063 6.24892 -5.5518 4.02185,0
46,4,47,4,69.6833 -13.411 -1.28011 0.984706,-351.063 6.19994 -2.84046 2.15673,0
46,4,47,5,69.6833 -13.3542 -0.108206 0.173696,-351.063 6.17371 -0.201159 0.34089,0
46,4,47,6,69.6833 -13.3473 1.20959 -0.73335,-351.063 6.17052 2.367 -1.42685,0
46,4,47,7,69.6833 -13.3904 2.67445 -1.73753,-351.063 6.19042 4.86574 -3.14826,0
46,5,47,4,70.0385 -13.4709 -2.18344 1.59277,-350.236 6.18478 -5.31374 3.81822,0
46,5,47,5,70.0385 -13.3645 -1.15908 0.879618,-350.236 6.13592 -2.6034 1.95398,0
46,5,47,6,70.0385 -13.3076 0.00944749 0.0718005,-350.236 6.10978 0.0353862 0.138562,0
46,5,47,7,70.0385 -13.3008 1.32501 -0.832904,-350.236 6.10667 2.60354 -1.62925,0
46,5,47,8,70.0385 -13.3442 2.78876 -1.83558,-350.236 6.12662 5.10282 -3.35125,0
46,6,47,5,70.3937 -13.4247 -2.0613 1.48682,-349.409 6.12093 -5.07665 3.61527,0
46,6,47,6,70.3937 -13.3178 -1.04145 0.777695,-349.409 6.07219 -2.36737 1.75198,0
46,6,47,7,70.3937 -13.2606 0.123704 -0.0269408,-349.409 6.04615 0.270856 -0.0629785,0
46,6,47,8,70.3937 -13.254 1.43705 -0.929316,-349.409 6.0431 2.83898 -1.83083,0
46,6,47,9,70.3937 -13.2978 2.89971 -1.93049,-349.409 6.0631 5.33877 -3.55338,0
46,7,47,6,70.7489 -13.3782 -1.94256 1.38403,-348.582 6.05737 -4.84059 3.41307,0
46,7,47,7,70.7489 -13.2708 -0.927216 0.678922,-348.582 6.00874 -2.13242 1.55076,0
46,7,47,8,70.7489 -13.2135 0.234582 -0.122545,-348.582 5.9828 0.505203 -0.263685,0
46,7,47,9,70.7489 -13.2069 1.54572 -1.0226,-348.582 5.97983 3.07326 -2.03154,0
46,8,47,7,71.1042 -13.3315 -1.8272 1.28438,-347.755 5.9941 -4.60559 3.21164,0
46,8,47,8,71.1042 -13.2236 -0.81635 0.58328,-347.755 5.94559 -1.89859 1.35038,0
46,8,47,9,71.1042 -13.1661 0.342099 -0.21503,-347.755 5.91974 0.738384 -0.463514,0
46,9,47,7,71.4594 -13.4423 -2.5774 1.79025,-346.928 6.00158 -7.14714 4.91877,0
46,9,47,8,71.4594 -13.2845 -1.7152 1.18785,-346.928 5.93111 -4.3717 3.01102,0
46,9,47,9,71.4594 -13.1761 -0.708836 0.490751,-346.928 5.88273 -1.66593 1.15087,0
47,0,48,0,54.3064 -13.022 -1.44803 1.01626,-348.735 7.64627 -2.61873 1.83061,0
47,0,48,1,54.3064 -12.9556 -0.997739 0.997916,-348.735 7.60729 -1.48799 1.4883,0
47,0,48,2,54.3064 -12.9355 0.438554 0.0398719,-348.735 7.5955 0.798022 -0.0364837,0
47,0,48,3,54.3064 -12.9619 2.26473 -1.26154,-348.735 7.61102 3.34055 -1.84509,0
47,1,48,0,54.724 -13.0537 -2.60614 1.78846,-347.938 7.6649 -5.06693 3.46295,0
47,1,48,1,54.724 -12.9413 -2.29251 1.86073,-347.938 7.59888 -3.85282 3.0643,0
47,1,48,2,54.724 -12.8747 -0.992039 0.992039,-347.938 7.55981 -1.47961 1.47961,1
47,1,48,3,54.724 -12.8548 0.696433 -0.218057,-347.938 7.54809 1.14713 -0.38597,0
47,1,48,4,54.724 -12.8816 2.51297 -1.50941,-347.938 7.56386 3.69449 -2.19965,0
47,2,48,1,55.1417 -13.0694 -3.25952 2.53821,-347.141 7.452 -5.97335 4.53447,0
47,2,48,2,55.1417 -12.9557 -2.09615 1.75944,-347.141 7.38716 -3.51608 2.89149,0
47,2,48,3,55.1417 -12.8884 -0.546534 0.640953,-347.141 7.34884 -0.804918 0.968093,0
47,2,48,4,55.1417 -12.8685 1.13032 -0.557541,-347.141 7.33745 1.82538 -0.901373,0
47,2,48,5,55.1417 -12.896 2.93757 -1.83897,-347.141 7.35313 4.37792 -2.72014,0
47,3,48,2,55.5593 -13.0817 -3.06675 2.43851,-346.344 7.23996 -5.63628 4.36166,0
47,3,48,3,55.5593 -12.9668 -1.656 1.4111,-346.344 7.17632 -2.84211 2.38058,0
47,3,48,4,55.5593 -12.8989 -0.120427 0.305995,-346.344 7.13876 -0.129342 0.454809,0
47,3,48,5,55.5593 -12.8789 1.54477 -0.880857,-346.344 7.1277 2.50415 -1.41818,0
47,3,48,6,55.5593 -12.907 3.34268 -2.15231,-346.344 7.14326 5.06156 -3.24171,0
47,4,48,3,55.977 -13.0909 -2.6295 2.09107,-345.546 7.02882 -4.96117 3.8499,0
47,4,48,4,55.977 -12.9746 -1.2352 1.07884,-345.546 6.96639 -2.16734 1.86794,0
47,4,48,5,55.977 -12.9061 0.286322 -0.0128536,-345.546 6.92961 0.546614 -0.0597873,0
47,4,48,6,55.977 -12.8861 1.93985 -1.18803,-345.546 6.91888 3.18292 -1.93592,0
47,4,48,7,55.977 -12.9149 3.72837 -2.44947,-345.546 6.93432 5.7449 -3.7639,0
47,5,48,4,56.3946 -13.0968 -2.21156 1.75971,-344.749 6.81863 -4.28527 3.33641,0
47,5,48,5,56.3946 -12.9792 -0.833702 0.762662,-344.749 6.75744 -1.49227 1.35403,0
47,5,48,6,56.3946 -12.9101 0.673771 -0.315622,-344.749 6.72144 1.22245 -0.575239,0
47,5,48,7,56.3946 -12.8901 2.31561 -1.47911,-344.749 6.71104 3.86121 -2.45415,0
47,5,48,8,56.3946 -12.9195 4.09473 -2.7305,-344.749 6.72635 6.42744 -4.28626,0
47,6,48,5,56.8122 -13.0994 -1.81288 1.4444,-343.952 6.60944 -3.60909 2.82163,0
47,6,48,6,56.8122 -12.9806 -0.451443 0.46252,-343.952 6.54951 -0.817393 0.839301,0
47,6,48,7,56.8122 -12.9109 1.04199 -0.602357,-343.952 6.5143 1.89765 -1.0911,0
47,6,48,8,56.8122 -12.8909 2.67214 -1.75415,-343.952 6.50423 4.5385 -2.97243,0
47,6,48,9,56.8122 -12.921 4.44185 -2.99546,-343.952 6.5194 7.10868 -4.80833,0
47,7,48,6,57.2299 -13.0989 -1.4334 1.14512,-343.155 6.4013 -2.93313 2.30602,0
47,7,48,7,57.2299 -12.9789 -0.088354 0.178373,-343.155 6.34264 -0.143218 0.324202,0
47,7,48,8,57.2299 -12.9085 1.39107 -0.873114,-343.155 6.30824 2.57174 -1.60691,0
47,7,48,9,57.2299 -12.8885 3.00954 -2.01321,-343.155 6.29849 5.21431 -3.49029,0
47,8,48,7,57.6475 -13.0953 -1.07306 0.861821,-342.357 6.19426 -2.25789 1.79002,0
47,8,48,8,57.6475 -12.974 0.25565 -0.0898367,-342.357 6.13689 0.529762 -0.190816,0
47,8,48,9,57.6475 -12.903 1.72109 -1.12796,-342.357 6.1033 3.24421 -2.12222,0
47,9,48,7,58.0651 -13.2605 -1.91161 1.44792,-341.56 6.06704 -4.44191 3.30404,0
47,9,48,8,58.0651 -13.0885 -0.731774 0.594442,-341.56 5.98835 -1.58385 1.2741,0
47,9,48,9,58.0651 -12.966 0.58067 -0.34218,-341.56 5.9323 1.20105 -0.705307,0
48,0,49,2,40.8527 -13.1782 -3.19273 3.0604,-341.877 8.09032 -4.02812 3.80852,0
48,0,49,3,40.8527 -13.0574 -1.96285 2.30383,-341.877 8.01615 -1.93834 2.46894,0
48,0,49,4,40.8527 -12.9809 -0.610582 1.46913,-341.877 7.96917 0.0649084 1.18872,0
48,0,49,5,40.8527 -12.9494 0.864142 0.557038,-341.877 7.94984 1.97803 -0.0290282,0
48,0,49,6,40.8527 -12.9633 2.68453 -0.655336,-341.877 7.95837 3.9764 -1.35989,0
48,1,49,3,41.351 -12.2118 -5.13464 4.13167,-341.128 9.28978 -6.75048 5.25801,0
48,1,49,4,41.351 -12.0985 -3.89008 3.3679,-341.128 9.20357 -4.62878 3.89856,0
48,1,49,5,41.351 -12.0268 -2.52865 2.52891,-341.128 9.14905 -2.60361 2.60395,0
48,1,49,6,41.351 -11.9976 -0.827924 1.39304,-341.128 9.1268 -0.502388 1.20103,0
48,1,49,7,41.351 -12.011 1.4198 -0.247096,-341.128 9.13705 1.85105 -0.486617,0
48,2,49,4,41.8493 -12.1165 -5.33454 4.33202,-340.378 9.21726 -6.9218 5.42845,0
48,2,49,5,41.8493 -12.0026 -4.09112 3.56886,-340.378 9.13065 -4.7915 4.0608,0
48,2,49,6,41.8493 -11.9308 -2.50923 2.50923,-340.378 9.07599 -2.58383 2.58383,1
48,2,49,7,41.8493 -11.9017 -0.384169 0.949179,-340.378 9.05386 -0.127293 0.825472,0
48,2,49,8,41.8493 -11.9156 1.84857 -0.67548,-340.378 9.06448 2.23793 -0.874335,0
48,3,49,5,42.3477 -12.2763 -5.02417 4.27724,-339.629 8.79927 -6.39518 5.24641,0
48,3,49,6,42.3477 -12.1595 -3.56575 3.29613,-339.629 8.71556 -4.08784 3.69884,0
48,3,49,7,42.3477 -12.0859 -1.56593 1.81685,-339.629 8.66282 -1.53013 1.86991,0
48,3,49,8,42.3477 -12.0563 0.540549 0.274919,-339.629 8.64163 0.935945 0.101057,0
48,3,49,9,42.3477 -12.0711 2.75861 -1.33426,-339.629 8.65222 3.31306 -1.61061,0
48,4,49,6,42.846 -12.4222 -4.52023 4.01501,-338.879 8.37972 -5.68312 4.88051,0
48,4,49,7,42.846 -12.3025 -2.64733 2.61653,-338.879 8.29898 -3.02824 2.98241,0
48,4,49,8,42.846 -12.2273 -0.670268 1.15834,-338.879 8.24822 -0.464093 1.14506,0
48,4,49,9,42.846 -12.1973 1.4174 -0.365206,-338.879 8.22799 2.01072 -0.633484,0
48,4,49,10,42.846 -12.2129 3.62054 -1.95863,-338.879 8.23852 4.39909 -2.35633,0
48,5,49,7,43.3443 -12.5543 -3.62259 3.34524,-338.13 7.95904 -4.61526 4.15993,0
48,5,49,8,43.3443 -12.4318 -1.77652 1.97077,-338.13 7.88138 -1.95711 2.25548,0
48,5,49,9,43.3443 -12.3549 0.177613 0.533881,-338.13 7.83264 0.612526 0.41062,0
48,5,49,10,43.3443 -12.3245 2.24628 -0.971053,-338.13 7.81338 3.09528 -1.37683,0
48,6,49,8,43.8427 -12.6726 -2.77255 2.70929,-337.38 7.53769 -3.53653 3.42915,0
48,6,49,9,43.8427 -12.5474 -0.953419 1.35901,-337.38 7.46318 -0.876208 1.51937,0
48,6,49,10,43.8427 -12.4689 0.977652 -0.0563925,-337.38 7.41652 1.69797 -0.332105,0
48,7,49,8,44.341 -12.9517 -3.6546 3.3721,-336.631 7.21328 -5.1944 4.66198,0
48,7,49,9,44.341 -12.7772 -1.9702 2.10732,-336.631 7.1161 -2.44868 2.68948,0
48,7,49,10,44.341 -12.6493 -0.178079 0.781368,-336.631 7.04484 0.212715 0.775384,0
48,8,49,8,44.8393 -13.2703 -4.42086 3.9586,-335.882 6.9039 -6.92157 5.94908,0
48,8,49,9,44.8393 -13.0464 -2.86918 2.77713,-335.882 6.78741 -4.09673 3.91678,0
48,8,49,10,44.8393 -12.8682 -1.21556 1.53943,-335.882 6.69471 -1.35345 1.94224,0
48,9,49,8,45.3376 -13.6288 -5.07141 4.46933,-335.132 6.60504 -8.70798 7.28491,0
48,9,49,9,45.3376 -13.3559 -3.64885 3.36801,-335.132 6.4728 -5.81107 5.19628,0
48,9,49,10,45.3376 -13.1274 -2.13148 2.21624,-335.132 6.36205 -2.99217 3.16417,0
49,0,50,0,26.3539 -11.9872 -4.19108 4.08025,-335.359 12.2688 -3.1634 3.05413,0
49,0,50,1,26.3539 -11.8298 -2.42636 2.94603,-335.359 12.1076 -1.43208 1.91888,0
49,0,50,2,26.3539 -11.7041 -0.574006 1.75589,-335.359 11.979 0.198414 0.851989,0
49,0,50,3,26.3539 -11.6111 1.36733 0.50953,-335.359 11.8839 1.72385 -0.143374,0
49,0,50,4,26.3539 -11.5517 3.39827 -0.79289,-335.359 11.8231 3.14082 -1.06459,0
49,1,50,1,26.948 -11.5432 -4.81989 4.45892,-334.682 12.2683 -3.70866 3.35872,0
49,1,50,2,26.948 -11.388 -3.0469 3.3186,-334.682 12.1033 -1.9634 2.21341,0
49,1,50,3,26.948 -11.2644 -1.18639 2.12244,-334.682 11.972 -0.32239 1.13869,0
49,1,50,4,26.948 -11.1736 0.762978 0.870136,-334.682 11.8754 1.20996 0.137857,0
49,1,50,5,26.948 -11.1162 2.80184 -0.438131,-334.682 11.8145 2.63009 -0.786397,0
49,2,50,2,27.5421 -11.1037 -5.43452 4.8278,-334.006 12.2557 -4.224 3.64565,0
49,2,50,3,27.5421 -10.9507 -3.65306 3.68125,-334.006 12.0868 -2.46482 2.4903,0
49,2,50,4,27.5421 -10.8293 -1.78424 2.47894,-334.006 11.9528 -0.81341 1.40784,0
49,2,50,5,27.5421 -10.7405 0.173297 1.22059,-334.006 11.8548 0.725627 0.401693,0
49,2,50,6,27.5421 -10.6853 2.22016 -0.0935993,-334.006 11.7939 2.14861 -0.525362,0
49,3,50,3,28.1362 -10.6688 -6.03429 5.18651,-333.33 12.2309 -4.70989 3.91518,0
49,3,50,4,28.1362 -10.5181 -4.24416 4.03358,-333.33 12.0581 -2.93679 2.74982,0
49,3,50,5,28.1362 -10.3989 -2.36686 2.82501,-333.33 11.9215 -1.27509 1.65971,0
49,3,50,6,28.1362 -10.3123 -0.401027 1.56051,-333.33 11.8222 0.27042 0.648412,0
49,3,50,7,28.1362 -10.2592 1.65394 0.240324,-333.33 11.7613 1.69591 -0.281205,0
49,4,50,4,28.7303 -10.2389 -6.61852 5.53466,-332.654 12.1943 -5.16678 4.16761,0
49,4,50,5,28.7303 -10.0906 -4.81951 4.37521,-332.654 12.0176 -3.37977 2.99225,0
49,4,50,6,28.7303 -9.97363 -2.93358 3.16026,-332.654 11.8783 -1.70788 1.89458,0
49,4,50,7,28.7303 -9.88923 -0.959321 1.88952,-332.654 11.7778 -0.156128 0.878299,0
49,4,50,8,28.7303 -9.83821 1.27072 0.396382,-332.654 11.717 1.34301 -0.125119,0
49,5,50,5,29.3245 -9.81433 -7.18654 5.87189,-331.978 12.1459 -5.59514 4.40323,0
49,5,50,6,29.3245 -9.66838 -5.37846 4.70578,-331.978 11.9653 -3.79423 3.21789,0
49,5,50,7,29.3245 -9.55375 -3.48372 3.48432,-331.978 11.8235 -2.11226 2.11275,0
49,5,50,8,29.3245 -9.47156 -1.33654 2.04288,-331.978 11.7217 -0.484078 1.02123,0
49,5,50,9,29.3245 -9.42267 1.56022 -0.114859,-331.978 11.6612 1.32065 -0.288035,0
49,6,50,6,29.9186 -9.62125 -7.28579 5.97187,-331.302 11.907 -5.63732 4.44326,0
49,6,50,7,29.9186 -9.47433 -5.47533 4.80241,-331.302 11.7252 -3.82795 3.25069,0
49,6,50,8,29.9186 -9.35933 -3.41461 3.41461,-331.302 11.5829 -2.07071 2.07071,1
49,6,50,9,29.9186 -9.27746 -0.614956 1.321,-331.302 11.4815 -0.140972 0.677248,0
49,6,50,10,29.9186 -9.22959 2.25215 -0.806051,-331.302 11.4223 1.68307 -0.652598,0
49,7,50,7,30.5127 -9.85349 -6.52862 5.64075,-330.626 11.3113 -4.9611 4.12166,0
49,7,50,8,30.5127 -9.69887 -4.56808 4.3135,-330.626 11.1338 -3.08542 2.85843,0
49,7,50,9,30.5127 -9.5783 -1.875 2.28777,-330.626 10.9954 -1.03632 1.38269,0
49,7,50,10,30.5127 -9.49307 0.883616 0.231853,-330.626 10.8976 0.907657 -0.0285022,0
49,8,50,8,31.1068 -10.0552 -5.66642 5.17403,-329.95 10.7151 -4.21048 3.72614,0
49,8,50,9,31.1068 -9.89292 -3.08358 3.21686,-329.95 10.5422 -2.04591 2.16942,0
49,8,50,10,31.1068 -9.76688 -0.438452 1.23362,-329.95 10.4079 0.0157379 0.677025,0
49,9,50,8,31.7009 -10.4329 -6.70001 5.9912,-329.274 10.324 -5.4411 4.67183,0
49,9,50,9,31.7009 -10.2266 -4.22959 4.1024,-329.274 10.1198 -3.1667 3.03654,0
49,9,50,10,31.7009 -10.0568 -1.70156 2.19251,-329.274 9.95184 -0.991467 1.46426,0
49,10,50,8,32.295 -10.836 -7.66071 6.76093,-328.598 9.95693 -6.77034 5.6921,0
49,10,50,9,32.295 -10.5839 -5.30335 4.93938,-328.598 9.72527 -4.39338 3.98175,0
49,10,50,10,32.295 -10.3681 -2.8944 3.10252,-328.598 9.52695 -2.11042 2.33206,0
50,0,51,0,14.2559 -3.54083 -2.36092 2.12014,-323.199 6.57947 -1.0522 0.916823,0
50,0,51,1,14.2559 -3.4747 0.0027788 0.545969,-323.199 6.45659 0.156245 0.110252,0
50,0,51,2,14.2559 -3.46027 2.49789 -1.10791,-323.199 6.42976 1.06735 -0.495032,0
50,0,51,3,14.2559 -3.49816 5.12442 -2.84089,-323.199 6.50018 1.67703 -0.896123,0
50,1,51,0,15.0438 -3.4984 -4.78982 3.71868,-322.764 6.68966 -2.65235 1.97182,0
50,1,51,1,15.0438 -3.3843 -2.54908 2.21951,-322.764 6.47147 -1.15009 0.96675,0
50,1,51,2,15.0438 -3.31905 -0.182488 0.643325,-322.764 6.34669 0.0639542 0.156484,0
50,1,51,3,15.0438 -3.30553 2.3157 -1.01272,-322.764 6.32085 0.972256 -0.446976,0
50,1,51,4,15.0438 -3.34439 4.94545 -2.74795,-322.764 6.39515 1.57069 -0.840707,0
50,2,51,1,15.8317 -3.34404 -4.97309 3.81533,-322.329 6.58356 -2.75774 2.02735,0
50,2,51,2,15.8317 -3.23087 -2.72943 2.31417,-322.329 6.36077 -1.24201 1.01342,0
50,2,51,3,15.8317 -3.1665 -0.359933 0.735967,-322.329 6.23403 -0.0222189 0.199363,0
50,2,51,4,15.8317 -3.15391 2.14136 -0.922249,-322.329 6.20925 0.883054 -0.402126,0
50,2,51,5,15.8317 -3.19372 4.77431 -2.65974,-322.329 6.28762 1.46967 -0.788111,0
50,3,51,2,16.6196 -3.19279 -5.1485 3.90724,-321.894 6.47497 -2.85777 2.08003,0
50,3,51,3,16.6196 -3.08058 -2.90188 2.40408,-321.894 6.24741 -1.3281 1.05692,0
50,3,51,4,16.6196 -3.0171 -0.529463 0.823846,-321.894 6.11867 -0.102402 0.238957,0
50,3,51,5,16.6196 -3.00544 1.97493 -0.836549,-321.894 6.09502 0.799604 -0.360403,0
50,3,51,6,16.6196 -3.0462 4.6111 -2.5763,-321.894 6.17767 1.37378 -0.738227,0
50,4,51,3,17.4076 -3.04472 -5.31596 3.99438,-321.459 6.36396 -2.95263 2.12994,0
50,4,51,4,17.4076 -2.93348 -3.06635 2.48919,-321.459 6.13146 -1.40852 1.09733,0
50,4,51,5,17.4076 -2.8709 -0.690992 0.906918,-321.459 6.00066 -0.176728 0.275338,0
50,4,51,6,17.4076 -2.86017 1.81652 -0.755664,-321.459 5.97823 0.721761 -0.321724,0
50,4,51,7,17.4076 -2.90187 4.45589 -2.49767,-321.459 6.06538 1.28283 -0.690946,0
50,5,51,4,18.1955 -2.89985 -5.4754 4.07669,-321.024 6.25061 -3.0425 2.17721,0
50,5,51,5,18.1955 -2.78961 -3.22275 2.56946,-321.024 6.01299 -1.4834 1.13472,0
50,5,51,6,18.1955 -2.72794 -0.844432 0.985138,-321.024 5.88006 -0.245327 0.30858,0
50,5,51,7,18.1955 -2.71814 1.66621 -0.679642,-321.024 5.85894 0.649376 -0.286006,0
50,5,51,8,18.1955 -2.76077 4.30877 -2.42391,-321.024 5.95083 1.19663 -0.646154,0
50,6,51,5,18.9834 -2.75822 -5.62672 4.15413,-320.589 6.135 -3.12758 2.22194,0
50,6,51,6,18.9834 -2.649 -3.37099 2.64484,-320.589 5.89207 -1.55289 1.16919,0
50,6,51,7,18.9834 -2.58825 -0.989696 1.05846,-320.589 5.75694 -0.30833 0.338753,0
50,6,51,8,18.9834 -2.57939 1.52409 -0.608525,-320.589 5.73723 0.582297 -0.253165,0
50,6,51,9,18.9834 -2.62294 4.2011 -2.38632,-320.589 5.83411 1.1218 -0.610556,0
50,7,51,6,19.7713 -2.61988 -5.76984 4.22666,-320.154 6.01721 -3.20806 2.26425,0
50,7,51,7,19.7713 -2.5117 -3.51099 2.71529,-320.154 5.76876 -1.61716 1.20081,0
50,7,51,8,19.7713 -2.45187 -1.1267 1.12684,-320.154 5.63135 -0.365874 0.365932,0
50,7,51,9,19.7713 -2.44395 1.42016 -0.572284,-320.154 5.61315 0.5269 -0.229645,0
50,7,51,10,19.7713 -2.48843 4.80115 -3.05314,-320.154 5.7153 1.24926 -0.775155,0
50,8,51,7,20.5592 -2.55466 -5.76509 4.22443,-319.719 5.86743 -3.22433 2.27436,0
50,8,51,8,20.5592 -2.44454 -3.50908 2.71397,-319.719 5.61451 -1.61913 1.20107,0
50,8,51,9,20.5592 -2.384 -1.0959 1.0959,-319.719 5.47545 -0.355914 0.355914,1
50,8,51,10,20.5592 -2.37682 2.12243 -1.27395,-319.719 5.45896 0.721182 -0.425692,0
50,9,51,8,21.3471 -2.7649 -5.20779 3.94511,-319.284 5.59004 -2.98524 2.1567,0
50,9,51,9,21.3471 -2.64033 -2.95054 2.41895,-319.284 5.33819 -1.37019 1.07249,0
50,9,51,10,21.3471 -2.57225 0.0996396 0.156355,-319.284 5.20054 0.0767875 0.0421691,0
50,10,51,8,22.1351 -3.14904 -6.75211 5.08565,-318.85 5.65611 -4.65384 3.32428,0
50,10,51,9,22.1351 -2.95455 -4.66033 3.65505,-318.85 5.30678 -2.72779 2.02655,0
50,10,51,10,22.1351 -2.81525 -1.78285 1.49393,-318.85 5.05658 -0.926508 0.75447,0
51,0,52,0,10.4743 -1.92541 -0.368642 0.663079,-316.755 7.31343 -0.00543235 0.0766748,0
51,0,52,1,10.4743 -1.91659 2.22352 -1.0443,-316.755 7.27993 0.411673 -0.199809,0
51,0,52,2,10.4743 -1.93506 4.87843 -2.78714,-316.755 7.35008 0.51527 -0.266422,0
51,1,52,0,11.3299 -1.88019 -3.02913 2.42269,-316.476 7.28964 -0.760556 0.576592,0
51,1,52,1,11.3299 -1.84483 -0.4983 0.7501,-316.476 7.15254 -0.0296143 0.0898741,0
51,1,52,2,11.3299 -1.8365 2.09678 -0.959707,-316.476 7.12024 0.384593 -0.184904,0
51,1,52,3,11.3299 -1.85556 4.754 -2.70426,-316.476 7.19415 0.477556 -0.244647,0
51,2,52,0,12.1856 -1.86151 -5.62701 4.14622,-316.197 7.36948 -1.82969 1.28688,0
51,2,52,1,12.1856 -1.8009 -3.1558 2.50801,-316.197 7.12955 -0.787589 0.591843,0
51,2,52,2,12.1856 -1.76591 -0.621511 0.832333,-316.197 6.99103 -0.0516994 0.101595,0
51,2,52,3,12.1856 -1.75807 1.97648 -0.879896,-316.197 6.95999 0.359384 -0.171318,0
51,2,52,4,12.1856 -1.77774 4.63597 -2.62612,-316.197 7.03784 0.441145 -0.223803,0
51,3,52,1,13.0413 -1.78358 -5.75131 4.23053,-315.918 7.21277 -1.86732 1.30935,0
51,3,52,2,13.0413 -1.72328 -3.27603 2.58855,-315.918 6.96891 -0.812739 0.605756,0
51,3,52,3,13.0413 -1.68866 -0.738257 0.909764,-315.918 6.82892 -0.0717557 0.111894,0
51,3,52,4,13.0413 -1.68131 1.86264 -0.804876,-315.918 6.7992 0.335967 -0.158985,0
51,3,52,5,13.0413 -1.70159 4.52435 -2.55271,-315.918 6.8812 0.405917 -0.203799,0
51,4,52,2,13.8969 -1.70732 -5.86921 4.31012,-315.639 7.0557 -1.90362 1.33085,0
51,4,52,3,13.8969 -1.64733 -3.3898 2.66431,-315.639 6.80775 -0.836088 0.618396,0
51,4,52,4,13.8969 -1.61308 -0.848523 0.982383,-315.639 6.66621 -0.0898513 0.120826,0
51,4,52,5,13.8969 -1.60623 1.75527 -0.734657,-315.639 6.6379 0.314258 -0.14784,0
51,4,52,6,13.8969 -1.62712 4.41916 -2.48405,-315.639 6.72424 0.371747 -0.184543,0
51,5,52,3,14.7526 -1.63275 -5.9807 4.38497,-315.36 6.89831 -1.93873 1.35148,0
51,5,52,4,14.7526 -1.57305 -3.49711 2.73527,-315.36 6.64608 -0.857718 0.629829,0
51,5,52,5,14.7526 -1.53916 -0.952292 1.05018,-315.36 6.50292 -0.106054 0.128447,0
51,5,52,6,14.7526 -1.53281 1.65438 -0.669249,-315.36 6.47609 0.29417 -0.137817,0
51,5,52,7,14.7526 -1.55433 4.3204 -2.42014,-315.36 6.56701 0.338505 -0.165938,0
51,6,52,4,15.6082 -1.55985 -6.08577 4.45508,-315.081 6.74063 -1.97275 1.37131,0
51,6,52,5,15.6082 -1.50044 -3.59792 2.80142,-315.081 6.48391 -0.877714 0.640121,0
51,6,52,6,15.6082 -1.46692 -1.04955 1.11313,-315.081 6.33907 -0.120433 0.134812,0
51,6,52,7,15.6082 -1.46108 1.56 -0.608662,-315.081 6.3138 0.275619 -0.128847,0
51,6,52,8,15.6082 -1.48323 4.22808 -2.36099,-315.081 6.40953 0.306054 -0.147883,0
51,7,52,5,16.4639 -1.48864 -6.18441 4.52044,-314.802 6.58269 -2.00583 1.39046,0
51,7,52,6,16.4639 -1.42952 -3.69224 2.86276,-314.802 6.32127 -0.896165 0.64934,0
51,7,52,7,16.4639 -1.39637 -1.14028 1.17125,-314.802 6.17466 -0.133056 0.139977,0
51,7,52,8,16.4639 -1.39103 1.47213 -0.552903,-314.802 6.15105 0.258514 -0.120861,0
51,7,52,9,16.4639 -1.41382 4.20025 -2.36463,-314.802 6.25185 0.274958 -0.13098,0
51,8,52,6,17.3196 -1.41912 -6.2766 4.58106,-314.523 6.42452 -2.03809 1.40902,0
51,8,52,7,17.3196 -1.36029 -3.78005 2.91927,-314.523 6.15818 -0.913158 0.657556,0
51,8,52,8,17.3196 -1.32749 -1.22448 1.2245,-314.523 6.0097 -0.143992 0.143997,0
51,8,52,9,17.3196 -1.32266 1.4463 -0.557502,-314.523 5.98786 0.243441 -0.114465,0
51,8,52,10,17.3196 -1.34611 4.67903 -2.87317,-314.523 6.09402 0.27258 -0.142635,0
51,9,52,7,18.1752 -1.38263 -6.29968 4.60558,-314.244 6.25933 -2.05601 1.42026,0
51,9,52,8,18.1752 -1.32272 -3.80137 2.94097,-314.244 5.98811 -0.915699 0.658296,0
51,9,52,9,18.1752 -1.28953 -1.18953 1.18953,-314.244 5.83783 -0.13989 0.13989,1
51,9,52,10,18.1752 -1.28512 1.96252 -1.07332,-314.244 5.81789 0.269285 -0.142209,0
51,10,52,8,19.0309 -2.04813 -4.91572 3.92506,-313.965 5.89581 -1.67704 1.23294,0
51,10,52,9,19.0309 -1.95526 -2.4254 2.23547,-313.965 5.62845 -0.537959 0.468343,0
51,10,52,10,19.0309 -1.90412 0.618375 0.0341542,-313.965 5.48124 0.260428 -0.0757015,0
52,0,53,0,8.8433 -0.693626 -3.43846 3.11032,-309.37 7.75822 0.0615099 -0.0978721,0
52,0,53,1,8.8433 -0.680612 -0.71346 1.26876,-309.37 7.61266 0.248818 -0.219481,0
52,0,53,2,8.8433 -0.676901 2.00625 -0.558214,-309.37 7.57115 0.126436 -0.135453,0
52,0,53,3,8.8433 -0.682645 4.72178 -2.37155,-309.37 7.6354 -0.310961 0.157841,0
52,1,53,0,9.7369 -0.628369 -6.26397 4.97697,-309.263 7.82674 -0.458056 0.246043,0
52,1,53,1,9.7369 -0.608484 -3.52973 3.11929,-309.263 7.57906 0.0332132 -0.0774069,0
52,1,53,2,9.7369 -0.596685 -0.803232 1.27745,-309.263 7.4321 0.224983 -0.202075,0
52,1,53,3,9.7369 -0.593454 1.91632 -0.548887,-309.263 7.39186 0.0990832 -0.1158,0
52,1,53,4,9.7369 -0.598931 4.63006 -2.36069,-309.263 7.46008 -0.349904 0.185108,0
52,2,53,1,10.6305 -0.544555 -6.35318 4.98522,-309.156 7.65066 -0.496252 0.273338,0
52,2,53,2,10.6305 -0.526648 -3.61576 3.12634,-309.156 7.39908 0.0069316 -0.0581312,0
52,2,53,3,10.6305 -0.516084 -0.88773 1.28419,-309.156 7.25066 0.203331 -0.185972,0
52,2,53,4,10.6305 -0.513316 1.83163 -0.541483,-309.156 7.21177 0.0736944 -0.0973036,0
52,2,53,5,10.6305 -0.518468 4.54344 -2.35169,-309.156 7.28416 -0.387481 0.211621,0
52,3,53,2,11.5241 -0.463998 -6.43728 4.99161,-309.049 7.47396 -0.533051 0.299845,0
52,3,53,3,11.5241 -0.448128 -3.69655 3.13145,-309.049 7.21832 -0.0174483 -0.0399817,0
52,3,53,4,11.5241 -0.438819 -0.966937 1.28898,-309.049 7.06838 0.183763 -0.171118,0
52,3,53,5,11.5241 -0.436493 1.75218 -0.536007,-309.049 7.03091 0.0501551 -0.0798993,0
52,3,53,6,11.5241 -0.441259 4.46193 -2.34454,-309.049 7.10769 -0.423849 0.237471,0
52,4,53,3,12.4177 -0.386702 -6.51625 4.99613,-308.942 7.29671 -0.568605 0.325656,0
52,4,53,4,12.4177 -0.372929 -3.77208 3.13463,-308.942 7.03684 -0.0400418 -0.0228941,0
52,4,53,5,12.4177 -0.364899 -1.04084 1.29182,-308.942 6.88532 0.16618 -0.157459,0
52,4,53,6,12.4177 -0.362993 1.67798 -0.532461,-308.942 6.84935 0.0283494 -0.0635221,0
52,4,53,7,12.4177 -0.367306 4.38552 -2.33924,-308.942 6.93073 -0.459174 0.262757,0
52,5,53,4,13.3113 -0.312667 -6.59011 4.9988,-308.835 7.11899 -0.603073 0.350862,0
52,5,53,5,13.3113 -0.301058 -3.84234 3.13588,-308.835 6.85468 -0.0609659 -0.00680255,0
52,5,53,6,13.3113 -0.294331 -1.10943 1.29268,-308.835 6.70151 0.150483 -0.144942,0
52,5,53,7,13.3113 -0.292821 1.60905 -0.530851,-308.835 6.66714 0.00815832 -0.0481053,0
52,5,53,8,13.3113 -0.296609 4.31422 -2.33579,-308.835 6.75337 -0.493626 0.28758,0
52,6,53,5,14.2049 -0.241893 -6.65884 4.9996,-308.728 6.94084 -0.63662 0.375563,0
52,6,53,6,14.2049 -0.232521 -3.90734 3.13518,-308.728 6.6719 -0.0803401 0.00835983,0
52,6,53,7,14.2049 -0.227122 -1.17268 1.29157,-308.728 6.517 0.136571 -0.133513,0
52,6,53,8,14.2049 -0.225983 1.54539 -0.53118,-308.728 6.48432 -0.0105389 -0.0335809,0
52,6,53,9,14.2049 -0.229167 4.24802 -2.33418,-308.728 6.57568 -0.527385 0.312048,0
52,7,53,6,15.0985 -0.174381 -6.72246 4.99856,-308.62 6.76236 -0.669421 0.399861,0
52,7,53,7,15.0985 -0.167321 -3.96705 3.13254,-308.62 6.48856 -0.0982859 0.0226617,0
52,7,53,8,15.0985 -0.16328 -1.23059 1.28849,-308.62 6.33184 0.124346 -0.123118,0
52,7,53,9,15.0985 -0.162483 1.487 -0.533447,-308.62 6.30096 -0.0278651 -0.0198794,0
52,7,53,10,15.0985 -0.164978 4.16274 -2.31024,-308.62 6.39771 -0.555956 0.33159,0
52,8,53,7,15.9921 -0.110128 -6.78097 4.99567,-308.513 6.5836 -0.701653 0.423865,0
52,8,53,8,15.9921 -0.105463 -4.02147 3.12795,-308.513 6.3047 -0.114928 0.0361737,0
52,8,53,9,15.9921 -0.102809 -1.28315 1.28343,-308.513 6.14608 0.113708 -0.113703,0
52,8,53,10,15.9921 -0.102325 1.4108 -0.514553,-308.513 6.1171 -0.0394701 -0.0114059,0
52,9,53,8,16.8857 -0.107123 -6.7184 4.93294,-308.406 6.40393 -0.732093 0.44698,0
52,9,53,9,16.8857 -0.102368 -3.95977 3.06601,-308.406 6.1197 -0.129041 0.048292,0
52,9,53,10,16.8857 -0.0996816 -1.24493 1.24493,-308.406 5.95909 0.110235 -0.110235,1
52,10,53,8,17.7793 -0.645066 -8.36665 6.22553,-308.299 6.59448 -1.65141 1.06862,0
52,10,53,9,17.7793 -0.606087 -5.65332 4.36967,-308.299 6.19599 -0.706051 0.441885,0
52,10,53,10,17.7793 -0.577864 -2.96471 2.54929,-308.299 5.90747 -0.0840889 0.0285857,0
53,0,54,0,7.82153 1.76945 -2.75512 2.49183,-301.648 7.62657 0.914616 -0.858283,0
53,0,54,1,7.82153 1.75956 -0.0688676 0.675337,-301.648 7.58396 0.205668 -0.372459,0
53,0,54,2,7.82153 1.77311 2.52242 -1.06962,-301.648 7.64235 -0.796322 0.305403,0
53,1,54,0,8.71798 1.73066 -5.34664 4.22568,-301.728 7.59191 1.26085 -1.09,0
53,1,54,1,8.71798 1.698 -2.56682 2.3384,-301.728 7.44862 0.844644 -0.796234,0
53,1,54,2,8.71798 1.68856 0.116313 0.524588,-301.728 7.40721 0.133845 -0.309762,0
53,1,54,3,8.71798 1.70273 2.70386 -1.21726,-301.728 7.46938 -0.877891 0.374074,0
53,2,54,0,9.61443 1.71482 -8.03349 6.03193,-301.808 7.65823 1.31402 -1.12962,0
53,2,54,1,9.61443 1.66034 -5.16156 4.07435,-301.808 7.41492 1.188 -1.02603,0
53,2,54,2,9.61443 1.62794 -2.38419 2.18926,-301.808 7.27024 0.777873 -0.736952,0
53,2,54,3,9.61443 1.61895 0.295771 0.378159,-301.808 7.2301 0.0649909 -0.249664,0
53,2,54,4,9.61443 1.63376 2.87952 -1.36052,-301.808 7.29622 -0.957099 0.440563,0
53,3,54,1,10.5109 1.64577 -7.85225 5.88316,-301.888 7.48477 1.23042 -1.05844,0
53,3,54,2,10.5109 1.59142 -4.98219 3.92733,-301.888 7.23757 1.11813 -0.96468,0
53,3,54,3,10.5109 1.55928 -2.20728 2.04443,-301.888 7.09143 0.714242 -0.680385,0
53,3,54,4,10.5109 1.55075 0.469474 0.236084,-301.888 7.05262 -0.000971265 -0.192104,0
53,3,54,5,10.5109 1.56621 3.04936 -1.49939,-301.888 7.12292 -1.03406 0.504958,0
53,4,54,2,11.4073 1.57814 -7.67676 5.73873,-301.968 7.31116 1.14921 -0.989485,0
53,4,54,3,11.4073 1.5239 -4.80855 3.78463,-301.968 7.05987 1.05116 -0.905889,0
53,4,54,4,11.4073 1.49202 -2.03612 1.90396,-301.968 6.9122 0.653691 -0.62648,0
53,4,54,5,11.4073 1.48395 0.637385 0.0983947,-301.968 6.87481 -0.0641175 -0.137019,0
53,4,54,6,11.4073 1.50008 3.21334 -1.63381,-301.968 6.94949 -1.10891 0.567356,0
53,5,54,3,12.3038 1.51193 -7.50705 5.59866,-302.048 7.13741 1.07026 -0.922661,0
53,5,54,4,12.3038 1.45779 -4.64069 3.64631,-302.048 6.88184 0.98702 -0.849592,0
53,5,54,5,12.3038 1.42617 -1.87074 1.76786,-302.048 6.73256 0.596161 -0.575186,0
53,5,54,6,12.3038 1.41857 0.799468 -0.0348754,-302.048 6.69667 -0.124527 -0.0843439,0
53,5,54,7,12.3038 1.43537 3.37143 -1.76376,-302.048 6.77598 -1.18177 0.627856,0
53,6,54,4,13.2002 1.44714 -7.34317 5.46299,-302.128 6.96355 0.99346 -0.857876,0
53,6,54,5,13.2002 1.39309 -4.47864 3.51238,-302.128 6.70349 0.925629 -0.795724,0
53,6,54,6,13.2002 1.36172 -1.71118 1.63617,-302.128 6.55252 0.541591 -0.52645,0
53,6,54,7,13.2002 1.35459 0.955693 -0.163698,-302.128 6.51822 -0.182283 -0.0340106,0
53,6,54,8,13.2002 1.37208 3.52358 -1.88921,-302.128 6.60241 -1.25278 0.686563,0
53,7,54,5,14.0967 1.38377 -7.18515 5.33177,-302.207 6.78962 0.918672 -0.795029,0
53,7,54,6,14.0967 1.3298 -4.32243 3.38288,-302.207 6.52484 0.866904 -0.744218,0
53,7,54,7,14.0967 1.29867 -1.55747 1.50893,-302.207 6.37209 0.489919 -0.480218,0
53,7,54,8,14.0967 1.29203 1.10602 -0.28804,-302.207 6.33947 -0.237468 0.0140485,0
53,7,54,9,14.0967 1.31024 3.66977 -2.01012,-302.207 6.42882 -1.32209 0.743588,0
53,8,54,6,14.9931 1.32183 -7.03303 5.20501,-302.287 6.61564 0.845758 -0.734014,0
53,8,54,7,14.9931 1.26793 -4.1721 3.25785,-302.287 6.34589 0.810761 -0.695005,0
53,8,54,8,14.9931 1.23704 -1.40963 1.38615,-302.287 6.19127 0.441083 -0.436438,0
53,8,54,9,14.9931 1.23088 1.25043 -0.40787,-302.287 6.16045 -0.290171 0.0599041,0
53,8,54,10,14.9931 1.24982 3.75357 -2.07008,-302.287 6.25525 -1.36563 0.774821,0
53,9,54,7,15.8896 1.26132 -6.88685 5.08276,-302.367 6.44167 0.77457 -0.674722,0
53,9,54,8,15.8896 1.20748 -4.02767 3.13731,-302.367 6.16668 0.757111 -0.648014,0
53,9,54,9,15.8896 1.17681 -1.26771 1.26788,-302.367 6.01008 0.395022 -0.395056,0
53,9,54,10,15.8896 1.17115 1.33501 -0.469296,-302.367 5.98116 -0.317335 0.0804826,0
53,10,54,8,16.786 1.22635 -6.79484 4.98915,-302.447 6.26305 0.714289 -0.621705,0
53,10,54,9,16.786 1.17146 -3.93524 3.04431,-302.447 5.98275 0.714787 -0.607634,0
53,10,54,10,16.786 1.14041 -1.229 1.229,-302.447 5.82417 0.382902 -0.382902,1
54,0,55,0,9.32769 3.74152 -1.19334 1.38365,-293.966 6.89352 0.987056 -1.0938,0
54,0,55,1,9.32769 3.76713 1.18278 -0.238216,-293.966 6.94071 -0.614135 0.010983,0
54,0,55,2,9.32769 3.84087 3.39945 -1.74875,-293.966 7.07656 -2.46637 1.27815,0
54,1,55,0,10.1876 3.60432 -3.39262 2.86025,-294.231 6.79586 2.08708 -1.83042,0
54,1,55,1,10.1876 3.58187 -0.853064 1.12302,-294.231 6.75354 0.741142 -0.891384,0
54,1,55,2,10.1876 3.6089 1.51783 -0.495024,-294.231 6.8045 -0.865597 0.215179,0
54,2,55,0,11.0474 3.51704 -5.76451 4.45955,-294.497 6.78826 2.93314 -2.40315,0
54,2,55,1,11.0474 3.4467 -3.05788 2.60313,-294.497 6.65249 1.85121 -1.63467,0
54,2,55,2,11.0474 3.4253 -0.522827 0.869348,-294.497 6.6112 0.508608 -0.699994,0
54,2,55,3,11.0474 3.45377 1.8426 -0.744671,-294.497 6.66615 -1.10445 0.408908,0
54,3,55,0,11.9073 3.47791 -8.30682 6.18111,-294.763 6.87382 3.51768 -2.80752,0
54,3,55,1,11.9073 3.36185 -5.43636 4.20659,-294.763 6.64444 2.69786 -2.20754,0
54,3,55,2,11.9073 3.29218 -2.73326 2.35304,-294.763 6.50674 1.62883 -1.45002,0
54,3,55,3,11.9073 3.27185 -0.20295 0.622926,-294.763 6.46656 0.289183 -0.519412,0
54,3,55,4,11.9073 3.30179 2.15679 -0.986875,-294.763 6.52573 -1.33103 0.592428,0
54,4,55,1,12.7672 3.32547 -7.98614 5.93287,-295.028 6.73254 3.27337 -2.60541,0
54,4,55,2,12.7672 3.2098 -5.11843 3.96071,-295.028 6.49835 2.47573 -2.02279,0
54,4,55,3,12.7672 3.14079 -2.41909 2.11026,-295.028 6.35864 1.41969 -1.27626,0
54,4,55,4,12.7672 3.12154 0.106251 0.384033,-295.028 6.31968 0.0825892 -0.349411,0
54,4,55,5,12.7672 3.15297 2.46009 -1.22136,-295.028 6.38331 -1.54567 0.766006,0
54,5,55,2,13.6271 3.17622 -7.67577 5.69175,-295.294 6.58926 3.04139 -2.41363,0
54,5,55,3,13.6271 3.06091 -4.81103 3.7222,-295.294 6.35005 2.26645 -1.84869,0
54,5,55,4,13.6271 2.99256 -2.11568 1.87507,-295.294 6.20825 1.22351 -1.11317,0
54,5,55,5,13.6271 2.97441 0.404468 0.152949,-295.294 6.1706 -0.111464 -0.189756,0
54,5,55,6,13.6271 3.00737 2.75218 -1.44784,-295.294 6.23896 -1.74873 0.929924,0
54,6,55,3,14.4869 3.03018 -7.376 5.45803,-295.56 6.44404 2.82141 -2.23191,0
54,6,55,4,14.4869 2.91522 -4.51448 3.49133,-295.56 6.19958 2.06975 -1.685,0
54,6,55,5,14.4869 2.84753 -1.82332 1.64774,-295.56 6.05562 1.04004 -0.960543,0
54,6,55,6,14.4869 2.83049 0.6914 -0.0700575,-295.56 6.01938 -0.293277 -0.0402025,0
54,6,55,7,14.4869 2.865 3.03278 -1.66608,-295.56 6.09278 -1.94057 1.08448,0
54,7,55,4,15.3468 2.88738 -7.08717 5.23199,-295.826 6.29697 2.61309 -2.06,0
54,7,55,5,15.3468 2.77276 -4.22907 3.26839,-295.826 6.047 1.88533 -1.53149,0
54,7,55,6,15.3468 2.70572 -1.54232 1.42856,-295.826 5.90078 0.868985 -0.818136,0
54,7,55,7,15.3468 2.6898 0.966751 -0.28472,-295.826 5.86607 -0.463159 0.0995031,0
54,7,55,8,15.3468 2.72591 3.30159 -1.87579,-295.826 5.94482 -2.1216 1.22997,0
54,8,55,5,16.2067 2.74786 -6.80957 5.01392,-296.091 6.14811 2.41606 -1.89759,0
54,8,55,6,16.2067 2.63356 -3.95512 3.05364,-296.091 5.89238 1.71289 -1.3879,0
54,8,55,7,16.2067 2.56715 -1.27298 1.21778,-296.091 5.7438 0.710072 -0.685719,0
54,8,55,8,16.2067 2.55238 1.23023 -0.490782,-296.091 5.71074 -0.62143 0.229623,0
54,8,55,9,16.2067 2.59012 3.44202 -1.96043,-296.091 5.79519 -2.21423 1.28876,0
54,9,55,6,17.0666 2.61164 -6.5435 4.80406,-296.357 5.99756 2.22995 -1.7444,0
54,9,55,7,17.0666 2.49764 -3.6929 2.84734,-296.357 5.73576 1.5521 -1.25397,0
54,9,55,8,17.0666 2.43187 -1.01557 1.01566,-296.357 5.58471 0.563008 -0.563046,0
54,9,55,9,17.0666 2.41826 1.37058 -0.577005,-296.357 5.55345 -0.69401 0.276017,0
54,9,55,10,17.0666 2.45768 2.21636 -0.682332,-296.357 5.64397 -1.02869 0.0709605,0
54,10,55,7,17.9264 2.53488 -6.40147 4.6588,-296.623 5.82127 2.10257 -1.62422,0
54,10,55,8,17.9264 2.41858 -3.54979 2.70329,-296.623 5.5542 1.44866 -1.15246,0
54,10,55,9,17.9264 2.35196 -0.982449 0.982449,-296.623 5.40119 0.544618 -0.544618,1
54,10,55,10,17.9264 2.33924 0.106994 0.685594,-296.623 5.372 0.495549 -0.915572,0
55,0,56,0,13.2595 5.24611 -0.0545705 0.40693,-287.179 5.32277 0.278525 -0.650468,0
55,0,56,1,13.2595 5.36747 1.77292 -0.860693,-287.179 5.44591 -2.09132 1.00809,0
55,0,56,2,13.2595 5.55843 3.4007 -1.99819,-287.179 5.63966 -4.66582 2.8007,0
55,1,56,0,14.0394 4.96539 -1.63185 1.48505,-287.628 5.26538 1.86509 -1.73043,0
55,1,56,1,14.0394 5.01365 0.421402 0.0647769,-287.628 5.31656 -0.295042 -0.209618,0
55,1,56,2,14.0394 5.13623 2.25281 -1.20797,-287.628 5.44654 -2.67493 1.45214,0
55,2,56,0,14.8193 4.76144 -3.45363 2.7309,-288.077 5.27766 3.25612 -2.68452,0
55,2,56,1,14.8193 4.73462 -1.16172 1.14706,-288.077 5.24792 1.32426 -1.31107,0
55,2,56,2,14.8193 4.78422 0.893946 -0.276974,-288.077 5.3029 -0.835217 0.205285,0
55,3,56,0,15.5991 4.63309 -5.52251 4.14826,-288.526 5.36891 4.42992 -3.50037,0
55,3,56,1,15.5991 4.53256 -2.98934 2.39685,-288.526 5.25242 2.73597 -2.27807,0
55,3,56,2,15.5991 4.50712 -0.695911 0.810103,-288.526 5.22294 0.817062 -0.917823,0
55,3,56,3,15.5991 4.55804 1.36161 -0.617092,-288.526 5.28194 -1.34239 0.594491,0
55,4,56,0,16.379 4.57529 -7.8291 5.73277,-288.976 5.54466 5.37507 -4.17204,0
55,4,56,1,16.379 4.40617 -5.06393 3.81796,-288.976 5.33971 3.91735 -3.09751,0
55,4,56,2,16.379 4.30716 -2.52996 2.06424,-288.976 5.21972 2.24933 -1.89766,0
55,4,56,3,16.379 4.28313 -0.235864 0.475415,-288.976 5.19059 0.343115 -0.550454,0
55,4,56,4,16.379 4.33532 1.82297 -0.954368,-288.976 5.25384 -1.81704 0.95831,0
55,5,56,1,17.1589 4.35013 -7.37547 5.40566,-289.425 5.51525 4.85703 -3.76352,0
55,5,56,2,17.1589 4.18291 -4.6106 3.48926,-289.425 5.30323 3.43771 -2.72033,0
55,5,56,3,17.1589 4.08547 -2.07696 1.7343,-289.425 5.1797 1.79581 -1.54304,0
55,5,56,4,17.1589 4.06284 0.216984 0.144215,-289.425 5.15101 -0.0980349 -0.208654,0
55,5,56,5,17.1589 4.11627 2.27663 -1.28761,-289.425 5.21875 -2.25968 1.29711,0
55,6,56,2,17.9388 4.12873 -6.92712 5.08008,-289.874 5.4789 4.37093 -3.38,0
55,6,56,3,17.9388 3.9635 -4.16396 3.16339,-289.874 5.25964 2.99058 -2.36853,0
55,6,56,4,17.9388 3.86769 -1.63176 1.40825,-289.874 5.1325 1.37495 -1.21391,0
55,6,56,5,17.9388 3.84648 0.661225 -0.182298,-289.874 5.10436 -0.506904 0.10794,0
55,6,56,6,17.9388 3.9011 2.7212 -1.61566,-289.874 5.17684 -2.67091 1.61132,0
55,7,56,3,18.7186 3.91128 -6.48545 4.75722,-290.323 5.4358 3.91628 -3.02118,0
55,7,56,4,18.7186 3.74816 -3.72542 2.84156,-290.323 5.2091 2.57546 -2.04181,0
55,7,56,5,18.7186 3.65402 -1.19577 1.08727,-290.323 5.07828 0.986234 -0.909902,0
55,7,56,6,18.7186 3.63424 1.09547 -0.502947,-290.323 5.05079 -0.884069 0.399746,0
55,7,56,7,18.7186 3.69001 2.96142 -1.74342,-290.323 5.1283 -2.87229 1.72232,0
55,8,56,4,19.4985 3.69798 -6.05182 4.43827,-290.772 5.38612 3.49255 -2.6867,0
55,8,56,5,19.4985 3.53708 -3.29636 2.52493,-290.772 5.15177 2.19181 -1.73976,0
55,8,56,6,19.4985 3.44469 -0.77035 0.772559,-290.772 5.0172 0.629074 -0.630592,0
55,8,56,7,19.4985 3.42634 1.33256 -0.630759,-290.772 4.99047 -1.05855 0.495617,0
55,8,56,8,19.4985 3.4832 2.79806 -1.47188,-290.772 5.0733 -2.64354 1.40964,0
55,9,56,5,20.2784 3.60575 -5.86104 4.24107,-291.222 5.25178 3.25565 -2.45439,0
55,9,56,6,20.2784 3.44189 -3.10096 2.32609,-291.222 5.01313 1.98841 -1.53665,0
55,9,56,7,20.2784 3.34826 -0.755227 0.755227,-291.222 4.87675 0.615889 -0.615889,1
55,9,56,8,20.2784 3.33077 0.96737 -0.268645,-291.222 4.85128 -0.67617 0.113493,0
55,9,56,9,20.2784 3.39061 2.46656 -1.14643,-291.222 4.93844 -2.24347 1.00549,0
55,10,56,6,21.0583 4.88436 -8.41357 5.41636,-291.671 3.83159 5.6077 -3.52518,0
55,10,56,7,21.0583 4.65226 -5.70104 3.61716,-291.671 3.64952 4.41989 -2.74344,0
55,10,56,8,21.0583 4.52028 -3.64558 2.37492,-291.671 3.54599 3.37306 -2.18123,0
55,10,56,9,21.0583 4.49725 -1.86255 1.29616,-291.671 3.52792 2.08411 -1.46236,0
55,10,56,10,21.0583 4.5848 -0.378595 0.405891,-291.671 3.59661 0.575733 -0.610803,0
56,0,57,0,18.858 13.6321 3.7454 -3.47247,-282.228 8.42317 -4.87645 4.41783,0
56,0,57,1,18.858 13.8688 5.73217 -5.0454,-282.228 8.56943 -7.83107 6.60428,0
56,0,57,2,18.858 14.143 6.93369 -5.87062,-282.228 8.73888 -10.2873 8.26911,0
56,1,57,0,19.5392 13.0398 3.07053 -2.88658,-282.816 8.83062 -3.7216 3.44368,0
56,1,57,1,19.5392 13.2323 5.16256 -4.52058,-282.816 8.96099 -6.59878 5.56857,0
56,1,57,2,19.5392 13.4634 6.47754 -5.41607,-282.816 9.11746 -8.99523 7.18662,0
56,2,57,0,20.2205 12.4758 2.30757 -2.24083,-283.404 9.23173 -2.58932 2.49844,0
56,2,57,1,20.2205 12.624 4.50841 -3.93939,-283.404 9.34144 -5.37943 4.55691,0
56,2,57,2,20.2205 12.8115 5.93926 -4.90715,-283.404 9.48016 -7.7046 6.12143,0
56,3,57,0,20.9017 11.9398 1.4554 -1.53394,-283.992 9.63243 -1.49304 1.5896,0
56,3,57,1,20.9017 12.0444 3.76727 -3.29986,-283.992 9.71681 -4.18695 3.5772,0
56,3,57,2,20.9017 12.1884 5.31514 -4.3412,-283.992 9.83299 -6.42946 5.08161,0
56,4,57,0,21.5829 11.4309 0.514935 -0.765803,-284.581 10.0385 -0.445542 0.724206,0
56,4,57,1,21.5829 11.4931 2.93857 -2.60104,-284.581 10.093 -3.0349 2.63707,0
56,4,57,2,21.5829 11.5944 4.60322 -3.71647,-284.581 10.182 -5.18385 4.07511,0
56,5,57,0,22.2642 10.9471 -0.510757 0.062496,-285.169 10.4552 0.541439 -0.0913872,0
56,5,57,1,22.2642 10.9687 2.0238 -1.84312,-285.169 10.4759 -1.93609 1.74359,0
56,5,57,2,22.2642 11.0287 3.80343 -3.03224,-285.169 10.5332 -3.98133 3.10956,0
56,6,57,0,22.9454 10.4854 -1.61648 0.948615,-285.757 10.8876 1.45758 -0.851729,0
56,6,57,1,22.9454 10.4691 1.02651 -1.02746,-285.757 10.8706 -0.902191 0.90311,0
56,6,57,2,22.9454 10.4899 2.91769 -2.28894,-285.757 10.8922 -2.83467 2.19203,0
56,6,57,3,22.9454 10.5477 4.58985 -3.36836,-285.757 10.9522 -4.79508 3.47049,0
56,7,57,0,23.6267 10.5073 -3.72495 2.35399,-286.345 10.9103 3.15319 -1.98189,0
56,7,57,1,23.6267 10.4538 -0.972858 0.305949,-286.345 10.8547 0.911172 -0.306239,0
56,7,57,2,23.6267 10.4374 1.02626 -1.02626,-286.345 10.8377 -0.902213 0.902213,1
56,7,57,3,23.6267 10.4584 2.80634 -2.17674,-286.345 10.8595 -2.74537 2.1017,0
56,7,57,4,23.6267 10.5164 4.47843 -3.25632,-286.345 10.9197 -4.70522 3.37936,0
56,8,57,1,24.3079 11.4446 -5.01797 2.67903,-286.933 9.85309 4.65414 -2.45944,0
56,8,57,2,24.3079 11.386 -2.90085 1.27103,-286.933 9.80266 2.94952 -1.32632,0
56,8,57,3,24.3079 11.3681 -1.00893 0.0475252,-286.933 9.78727 1.22216 -0.205492,0
56,8,57,4,24.3079 11.3911 0.767891 -1.10175,-286.933 9.80708 -0.616287 0.991225,0
56,8,57,5,24.3079 11.4548 2.42914 -2.1761,-286.933 9.86187 -2.56418 2.2624,0
56,9,57,2,24.9891 12.2766 -6.74562 3.54398,-287.521 8.71645 6.86154 -3.56398,0
56,9,57,3,24.9891 12.2134 -4.7293 2.24136,-287.521 8.67161 5.23496 -2.51449,0
56,9,57,4,24.9891 12.1942 -2.8333 1.01514,-287.521 8.65795 3.50476 -1.39256,0
56,9,57,5,24.9891 12.2191 -1.05937 -0.133119,-287.521 8.67562 1.67141 -0.198793,0
56,9,57,6,24.9891 12.2878 0.592068 -1.20275,-287.521 8.72443 -0.263491 1.06538,0
56,10,57,3,25.6704 12.9967 -8.35972 4.40731,-288.109 7.51074 9.29636 -4.82688,0
56,10,57,4,25.6704 12.9295 -6.33344 3.09879,-288.109 7.47191 7.65821 -3.77182,0
56,10,57,5,25.6704 12.909 -4.4337 1.87002,-288.109 7.4601 5.92491 -2.64864,0
56,10,57,6,25.6704 12.9356 -2.66227 0.72257,-288.109 7.47545 4.09699 -1.45799,0
56,10,57,7,25.6704 13.0089 -1.01951 -0.342917,-288.109 7.5178 2.17603 -0.201292,0
57,0,58,0,32.763 5.74881 2.72524 -2.4198,-274.263 6.40304 -2.11111 1.82311,0
57,0,58,1,32.763 5.90843 4.58161 -3.67412,-274.263 6.58083 -4.11741 3.17219,0
57,0,58,2,32.763 6.12318 6.27453 -4.82012,-274.263 6.82002 -6.31191 4.64807,0
57,1,58,0,33.4135 5.40182 1.45327 -1.45138,-274.885 6.73848 -0.944012 0.942499,0
57,1,58,1,33.4135 5.49451 3.48503 -2.81417,-274.885 6.85412 -2.74534 2.14876,0
57,1,58,2,33.4135 5.64212 5.35161 -4.06669,-274.885 7.03825 -4.75387 3.49372,0
57,2,58,0,34.0641 5.47944 -0.710444 -0.01584,-275.507 6.83532 0.617761 -0.0941833,0
57,2,58,1,34.0641 5.51483 1.47789 -1.47789,-275.507 6.87946 -0.959126 0.959126,1
57,2,58,2,34.0641 5.60679 3.49657 -2.82687,-275.507 6.99418 -2.74981 2.15566,0
57,2,58,3,34.0641 5.75263 5.36731 -4.08177,-275.507 7.1761 -4.75103 3.49551,0
57,3,58,0,34.7146 5.67866 -3.1581 1.58204,-276.129 6.94821 2.0683 -1.03569,0
57,3,58,1,34.7146 5.65772 -0.816045 0.0226052,-276.129 6.92258 0.710668 -0.131869,0
57,3,58,2,34.7146 5.69395 1.35515 -1.42315,-276.129 6.96692 -0.859398 0.914427,0
57,3,58,3,34.7146 5.78629 3.37306 -2.77174,-276.129 7.0799 -2.6453 2.10791,0
57,3,58,4,34.7146 5.93212 5.24441 -4.02724,-276.129 7.25832 -4.63671 3.44146,0
57,4,58,1,35.3652 5.85777 -3.26426 1.62022,-276.751 7.03066 2.17298 -1.08034,0
57,4,58,2,35.3652 5.83814 -0.941294 0.0785515,-276.751 7.0071 0.816971 -0.180201,0
57,4,58,3,35.3652 5.87522 1.22754 -1.36568,-276.751 7.05159 -0.75376 0.866601,0
57,4,58,4,35.3652 5.96793 3.24467 -2.71386,-276.751 7.16287 -2.53498 2.05711,0
57,4,58,5,35.3652 6.11375 5.11656 -3.9699,-276.751 7.33789 -4.51688 3.38455,0
57,5,58,2,36.0157 6.03901 -3.39043 1.67627,-277.373 7.11041 2.29104 -1.13566,0
57,5,58,3,36.0157 6.02068 -1.07137 0.137211,-277.373 7.08883 0.929164 -0.231637,0
57,5,58,4,36.0157 6.05858 1.09514 -1.30552,-277.373 7.13345 -0.642144 0.815615,0
57,5,58,5,36.0157 6.15167 3.11146 -2.65327,-277.373 7.24306 -2.41879 2.00322,0
57,5,58,6,36.0157 6.29751 4.98385 -3.90981,-277.373 7.41477 -4.39143 3.32472,0
57,6,58,3,36.6663 6.22235 -3.52142 1.73505,-277.995 7.18745 2.41478 -1.19395,0
57,6,58,4,36.6663 6.20529 -1.20618 0.198542,-277.995 7.16774 1.04732 -0.286213,0
57,6,58,5,36.6663 6.244 0.95802 -1.2427,-277.995 7.21246 -0.524486 0.761434,0
57,6,58,6,36.6663 6.33747 2.97353 -2.59001,-277.995 7.32043 -2.29665 1.9462,0
57,6,58,7,36.6663 6.48333 4.84634 -3.84701,-277.995 7.48891 -4.2603 3.26193,0
57,7,58,4,37.3168 6.40774 -3.65716 1.79652,-278.617 7.26172 2.5443 -1.25526,0
57,7,58,5,37.3168 6.39193 -1.34567 0.262508,-278.617 7.2438 1.1715 -0.343967,0
57,7,58,6,37.3168 6.43145 0.816261 -1.17727,-278.617 7.28859 -0.400719 0.704025,0
57,7,58,7,37.3168 6.52531 2.83093 -2.52412,-278.617 7.39495 -2.1685 1.88602,0
57,7,58,8,37.3168 6.67119 4.70414 -3.78155,-278.617 7.56028 -4.12338 3.19613,0
57,8,58,5,37.9674 6.59515 -3.79756 1.86063,-279.239 7.33319 2.67967 -1.31961,0
57,8,58,6,37.9674 6.58057 -1.48975 0.32907,-279.239 7.31698 1.30177 -0.404933,0
57,8,58,7,37.9674 6.62089 0.66994 -1.10927,-279.239 7.36181 -0.270781 0.643356,0
57,8,58,8,37.9674 6.71513 2.68376 -2.45565,-279.239 7.46659 -2.03427 1.82263,0
57,8,58,9,37.9674 6.86105 4.55731 -3.71345,-279.239 7.62884 -3.98061 3.12728,0
57,9,58,6,38.6179 6.78454 -3.94254 1.92735,-279.861 7.40183 2.82098 -1.38706,0
57,9,58,7,38.6179 6.77117 -1.63834 0.398184,-279.861 7.38724 1.43821 -0.469145,0
57,9,58,8,38.6179 6.81228 0.519134 -1.03872,-279.861 7.43209 -0.134609 0.579395,0
57,9,58,9,38.6179 6.90689 2.53209 -2.38462,-279.861 7.53531 -1.89388 1.75601,0
57,10,58,7,39.2685 6.97587 -4.09202 1.99663,-280.483 7.46759 2.96829 -1.45765,0
57,10,58,8,39.2685 6.96369 -1.79136 0.469814,-280.483 7.45455 1.58088 -0.536638,0
57,10,58,9,39.2685 7.00557 0.363919 -0.965682,-280.483 7.49939 0.00786259 0.512107,0
58,0,59,0,38.8172 2.66126 1.06853 -1.06709,-268.148 5.16742 -0.423538 0.422799,0
58,0,59,1,38.8172 2.73543 3.39239 -2.62622,-268.148 5.31143 -1.84516 1.37446,0
58,0,59,2,38.8172 2.86748 5.5401 -4.06708,-268.148 5.56784 -3.60573 2.55268,0
58,1,59,0,39.5789 2.7277 -1.38924 0.562559,-268.628 5.29643 0.617221 -0.267535,0
58,1,59,1,39.5789 2.73993 1.09568 -1.09568,-268.628 5.32017 -0.433775 0.433775,1
58,1,59,2,39.5789 2.81312 3.39691 -2.6312,-268.628 5.46229 -1.84232 1.37425,0
58,1,59,3,39.5789 2.94274 5.54914 -4.07414,-268.628 5.71397 -3.58769 2.54199,0
58,2,59,0,40.3406 2.8632 -4.02027 2.29642,-269.107 5.53376 1.31831 -0.726525,0
58,2,59,1,40.3406 2.81592 -1.38072 0.543061,-269.107 5.44238 0.622172 -0.26495,0
58,2,59,2,40.3406 2.82895 1.07691 -1.0887,-269.107 5.46757 -0.426057 0.432141,0
58,2,59,3,40.3406 2.90149 3.37868 -2.62411,-269.107 5.60777 -1.82832 1.36826,0
58,2,59,4,40.3406 3.02926 5.53424 -4.06853,-269.107 5.85471 -3.55873 2.52577,0
58,3,59,1,41.1022 2.94986 -4.00729 2.27401,-269.587 5.67492 1.33762 -0.733505,0
58,3,59,2,41.1022 2.90473 -1.39924 0.549994,-269.587 5.5881 0.634939 -0.269947,0
58,3,59,3,41.1022 2.91854 1.05562 -1.07977,-269.587 5.61465 -0.417188 0.429673,0
58,3,59,4,41.1022 2.99046 3.35785 -2.61502,-269.587 5.75302 -1.81346 1.36163,0
58,3,59,5,41.1022 3.11649 5.51651 -4.0608,-269.587 5.99546 -3.5296 2.50938,0
58,4,59,2,41.8639 3.03723 -4.02269 2.27928,-270.066 5.81606 1.36437 -0.74791,0
58,4,59,3,41.8639 2.99415 -1.42034 0.558914,-270.066 5.73357 0.648628 -0.275622,0
58,4,59,4,41.8639 3.0087 1.03182 -1.06889,-270.066 5.76142 -0.407154 0.426361,0
58,4,59,5,41.8639 3.08005 3.33443 -2.60395,-270.066 5.89805 -1.7977 1.35433,0
58,4,59,6,41.8639 3.20441 5.49598 -4.05096,-270.066 6.13619 -3.50021 2.49275,0
58,5,59,3,42.6256 3.12529 -4.04089 2.28665,-270.545 5.95717 1.39139 -0.762552,0
58,5,59,4,42.6256 3.08417 -1.44402 0.569813,-270.545 5.87879 0.663268 -0.281998,0
58,5,59,5,42.6256 3.09942 1.00553 -1.05609,-270.545 5.90786 -0.395944 0.422194,0
58,5,59,6,42.6256 3.17023 3.30843 -2.59089,-270.545 6.04284 -1.78102 1.34635,0
58,5,59,7,42.6256 3.29301 5.47269 -4.03904,-270.545 6.27688 -3.47049 2.47583,0
58,6,59,4,43.3873 3.21402 -4.06185 2.29611,-271.025 6.09823 1.41875 -0.777487,0
58,6,59,5,43.3873 3.17477 -1.47027 0.582682,-271.025 6.02376 0.678888 -0.289096,0
58,6,59,6,43.3873 3.19071 0.976733 -1.04135,-271.025 6.05399 -0.383545 0.417162,0
58,6,59,7,43.3873 3.26101 3.27985 -2.57587,-271.025 6.18738 -1.76338 1.33765,0
58,6,59,8,43.3873 3.3823 5.44664 -4.02504,-271.025 6.41751 -3.44037 2.45857,0
58,7,59,5,44.1489 3.30343 -4.08556 2.30764,-271.504 6.23921 1.44654 -0.792763,0
58,7,59,6,44.1489 3.26597 -1.49907 0.597517,-271.504 6.16846 0.695516 -0.296937,0
58,7,59,7,44.1489 3.28256 0.945449 -1.02468,-271.504 6.19978 -0.369946 0.411254,0
58,7,59,8,44.1489 3.35238 3.24871 -2.55887,-271.504 6.33167 -1.74475 1.32822,0
58,7,59,9,44.1489 3.47225 5.41787 -4.00899,-271.504 6.55805 -3.40978 2.44092,0
58,8,59,6,44.9106 3.39351 -4.11199 2.32123,-271.984 6.3801 1.4748 -0.808428,0
58,8,59,7,44.9106 3.35776 -1.53042 0.614309,-271.984 6.31289 0.713176 -0.30554,0
58,8,59,8,44.9106 3.37497 0.911677 -1.00609,-271.984 6.34525 -0.355135 0.40446,0
58,8,59,9,44.9106 3.44435 3.21503 -2.53992,-271.984 6.4757 -1.7251 1.31803,0
58,9,59,7,45.6723 3.48424 -4.14112 2.33686,-272.463 6.52088 1.50361 -0.824524,0
58,9,59,8,45.6723 3.45013 -1.5643 0.633053,-272.463 6.45704 0.731891 -0.314924,0
58,9,59,9,45.6723 3.46795 0.875425 -0.985587,-272.463 6.49039 -0.339098 0.396769,0
59,0,60,0,41.4799 1.66738 3.74266 -2.89926,-262.982 5.83491 -1.14711 0.836905,0
59,0,60,1,41.4799 1.74338 6.21893 -4.56672,-262.982 6.10085 -2.44846 1.70762,0
59,0,60,2,41.4799 1.84956 8.62594 -6.19511,-262.982 6.47243 -4.07056 2.79346,0
59,1,60,0,42.3188 1.67188 1.21573 -1.21573,-263.308 5.85064 -0.217069 0.217069,1
59,1,60,1,42.3188 1.71295 3.77147 -2.92774,-263.308 5.99438 -1.14725 0.838835,0
59,1,60,2,42.3188 1.7876 6.25042 -4.59654,-263.308 6.25562 -2.43428 1.69994,0
59,2,60,0,43.1577 1.73799 -1.44427 0.539259,-263.634 5.98527 0.344254 -0.152938,0
59,2,60,1,43.1577 1.74356 1.19215 -1.21794,-263.634 6.00448 -0.207744 0.215172,0
59,2,60,2,43.1577 1.78477 3.74749 -2.92968,-263.634 6.14639 -1.13253 0.83337,0
59,2,60,3,43.1577 1.85924 6.2268 -4.59865,-263.634 6.40284 -2.40531 1.68501,0
59,3,60,0,43.9966 1.8399 -4.18505 2.33922,-263.959 6.23681 0.549749 -0.284022,0
59,3,60,1,43.9966 1.81046 -1.46942 0.537832,-263.959 6.13702 0.359432 -0.158601,0
59,3,60,2,43.9966 1.81659 1.16561 -1.21852,-263.959 6.15781 -0.197378 0.21274,0
59,3,60,3,43.9966 1.85794 3.72052 -2.92998,-263.959 6.29797 -1.11703 0.827543,0
59,3,60,4,43.9966 1.93225 6.20014 -4.59909,-263.959 6.54985 -2.37621 1.67016,0
59,4,60,1,44.8355 1.9128 -4.21092 2.3381,-264.285 6.3835 0.579666 -0.299364,0
59,4,60,2,44.8355 1.88428 -1.49755 0.538045,-264.285 6.28834 0.375413 -0.164636,0
59,4,60,3,44.8355 1.89096 1.13611 -1.21748,-264.285 6.31062 -0.185951 0.209766,0
59,4,60,4,44.8355 1.93246 3.69057 -2.92864,-264.285 6.44912 -1.1007 0.821333,0
59,4,60,5,44.8355 2.00663 6.17043 -4.59787,-264.285 6.69663 -2.3469 1.65533,0
59,5,60,2,45.6744 1.98707 -4.23984 2.33865,-264.611 6.52997 0.609749 -0.314651,0
59,5,60,3,45.6744 1.95945 -1.52866 0.539892,-264.611 6.43921 0.392233 -0.171064,0
59,5,60,4,45.6744 1.96666 1.10365 -1.21482,-264.611 6.46291 -0.173448 0.206239,0
59,5,60,5,45.6744 2.00832 3.65764 -2.92567,-264.611 6.59982 -1.08352 0.814718,0
59,5,60,6,45.6744 2.08237 6.13771 -4.59498,-264.611 6.84315 -2.3173 1.64048,0
59,6,60,3,46.5133 2.0627 -4.27178 2.34086,-264.937 6.67618 0.640078 -0.329933,0
59,6,60,4,46.5133 2.03596 -1.56274 0.543368,-264.937 6.58962 0.409927 -0.177906,0
59,6,60,5,46.5133 2.04369 1.06824 -1.21055,-264.937 6.61466 -0.15985 0.202151,0
59,6,60,6,46.5133 2.08552 3.62174 -2.92107,-264.937 6.75005 -1.06545 0.807679,0
59,6,60,7,46.5133 2.15947 6.10197 -4.59044,-264.937 6.98937 -2.28734 1.62556,0
59,7,60,4,47.3522 2.1397 -4.30675 2.34473,-265.263 6.82212 0.670729 -0.345258,0
59,7,60,5,47.3522 2.1138 -1.59979 0.548471,-265.263 6.73956 0.428527 -0.185182,0
59,7,60,6,47.3522 2.12205 1.02989 -1.20465,-265.263 6.76587 -0.145138 0.197493,0
59,7,60,7,47.3522 2.16406 3.58288 -2.91485,-265.263 6.8998 -1.04645 0.800198,0
59,7,60,8,47.3522 2.23792 6.06322 -4.58425,-265.263 7.13529 -2.25695 1.61052,0
59,8,60,5,48.1911 2.21805 -4.34472 2.35025,-265.589 6.96775 0.701769 -0.360669,0
59,8,60,6,48.1911 2.19298 -1.6398 0.555197,-265.589 6.88901 0.448065 -0.192909,0
59,8,60,7,48.1911 2.20174 0.988596 -1.19715,-265.589 6.91653 -0.129298 0.192256,0
59,8,60,8,48.1911 2.24393 3.54107 -2.90701,-265.589 7.04906 -1.02651 0.792256,0
59,8,60,9,48.1911 2.31772 6.02149 -4.57641,-265.589 7.28086 -2.22608 1.59534,0
59,9,60,6,49.0301 2.29775 -4.38569 2.35742,-265.915 7.11306 0.733266 -0.376208,0
59,9,60,7,49.0301 2.27349 -1.68275 0.56354,-265.915 7.03797 0.468572 -0.201104,0
59,9,60,8,49.0301 2.28275 0.944377 -1.18804,-265.915 7.06663 -0.11231 0.186431,0
59,9,60,9,49.0301 2.32513 3.49631 -2.89755,-265.915 7.19781 -1.00558 0.783838,0
59,9,60,10,49.0301 2.39886 5.97677 -4.56694,-265.915 7.42607 -2.19467 1.57998,0
60,0,61,0,43.9907 0.44994 1.12652 -1.12652,-257.457 5.9851 0.0213668 -0.0213668,1
60,0,61,1,43.9907 0.461017 3.82552 -2.93671,-257.457 6.13244 -0.375539 0.242877,0
60,0,61,2,43.9907 0.481385 6.52033 -4.75202,-257.457 6.40337 -1.14271 0.753801,0
60,1,61,0,44.8755 0.467432 -1.54449 0.642194,-257.622 6.14739 0.0287187 -0.0263291,0
60,1,61,1,44.8755 0.468709 1.15938 -1.16307,-257.622 6.16419 0.0230035 -0.0227238,0
60,1,61,2,44.8755 0.479787 3.85844 -2.97333,-257.622 6.30988 -0.368942 0.238208,0
60,1,61,3,44.8755 0.500016 6.55333 -4.78857,-257.622 6.57592 -1.12143 0.739337,0
60,2,61,0,45.7603 0.494602 -4.22103 2.40676,-257.786 6.4319 -0.330183 0.212746,0
60,2,61,1,45.7603 0.486334 -1.512 0.60588,-257.786 6.32438 0.036624 -0.0318587,0
60,2,61,2,45.7603 0.487784 1.19191 -1.1996,-257.786 6.34324 0.0247312 -0.0241444,0
60,2,61,3,45.7603 0.498868 3.89104 -3.00994,-257.786 6.48738 -0.362525 0.233654,0
60,2,61,4,45.7603 0.518969 6.586 -4.82512,-257.786 6.74878 -1.10107 0.725489,0
60,3,61,1,46.6451 0.513493 -4.18889 2.3708,-257.951 6.60365 -0.306564 0.19675,0
60,3,61,2,46.6451 0.505547 -1.47985 0.569584,-257.951 6.50146 0.0442799 -0.0372249,0
60,3,61,3,46.6451 0.507166 1.22411 -1.23611,-257.951 6.52228 0.0265511 -0.0256291,0
60,3,61,4,46.6451 0.51826 3.92331 -3.04652,-257.951 6.66494 -0.356264 0.229203,0
60,3,61,5,46.6451 0.538243 6.61834 -4.86165,-257.951 6.92193 -1.08157 0.712206,0
60,4,61,2,47.5299 0.532709 -4.15708 2.33486,-258.116 6.77574 -0.283987 0.181445,0
60,4,61,3,47.5299 0.525073 -1.44802 0.533309,-258.116 6.67861 0.0517149 -0.0424466,0
60,4,61,4,47.5299 0.526855 1.25598 -1.27259,-258.116 6.70128 0.0284643 -0.027179,0
60,4,61,5,47.5299 0.537961 3.95525 -3.08309,-258.116 6.84255 -0.350139 0.224839,0
60,4,61,6,47.5299 0.557836 6.65034 -4.89817,-258.116 7.09534 -1.06285 0.69944,0
60,5,61,3,48.4147 0.552248 -4.12561 2.29892,-258.28 6.94816 -0.262367 0.166776,0
60,5,61,4,48.4147 0.54491 -1.41652 0.497051,-258.28 6.85583 0.0589545 -0.0475409,0
60,5,61,5,48.4147 0.546851 1.28752 -1.30906,-258.28 6.88025 0.0304722 -0.0287946,0
60,5,61,6,48.4147 0.557973 3.98685 -3.11963,-258.28 7.02019 -0.344131 0.22055,0
60,5,61,7,48.4147 0.577748 6.68202 -4.93469,-258.28 7.26899 -1.04484 0.687149,0
60,6,61,4,49.2995 0.572108 -4.09447 2.26299,-258.445 7.12087 -0.241625 0.152689,0
60,6,61,5,49.2995 0.565057 -1.38536 0.460813,-258.445 7.03311 0.066022 -0.0525232,0
60,6,61,6,49.2995 0.567153 1.31873 -1.34549,-258.445 7.0592 0.0325758 -0.0304769,0
60,6,61,7,49.2995 0.578295 4.01813 -3.15615,-258.445 7.19788 -0.338224 0.216326,0
60,6,61,8,49.2995 0.597978 6.71336 -4.97119,-258.445 7.44286 -1.0275 0.675294,0
60,7,61,5,50.1843 0.592288 -4.06365 2.22708,-258.61 7.29385 -0.221692 0.139138,0
60,7,61,6,50.1843 0.585516 -1.35452 0.424596,-258.61 7.21045 0.072938 -0.0574072,0
60,7,61,7,50.1843 0.587762 1.34962 -1.38191,-258.61 7.23811 0.0347763 -0.0322265,0
60,7,61,8,50.1843 0.598926 4.04908 -3.19266,-258.61 7.37559 -0.332402 0.212155,0
60,7,61,9,50.1843 0.618524 6.74438 -5.00767,-258.61 7.61694 -1.01076 0.66384,0
60,8,61,6,51.0691 0.612788 -4.03318 2.19117,-258.774 7.46709 -0.202503 0.126081,0
60,8,61,7,51.0691 0.606284 -1.32402 0.388398,-258.774 7.38783 0.079722 -0.0622059,0
60,8,61,8,51.0691 0.608678 1.38017 -1.4183,-258.774 7.417 0.0370751 -0.0340443,0
60,8,61,9,51.0691 0.619866 4.0797 -3.22914,-258.774 7.55333 -0.32665 0.208028,0
60,8,61,10,51.0691 0.639388 6.77506 -5.04415,-258.774 7.79121 -0.994574 0.652755,0
60,9,61,7,51.9539 0.633607 -4.00303 2.15528,-258.939 7.64055 -0.184 0.113478,0
60,9,61,8,51.9539 0.627362 -1.29384 0.35222,-258.939 7.56525 0.0863913 -0.0669309,0
60,9,61,9,51.9539 0.6299 1.41039 -1.45467,-258.939 7.59585 0.0394731 -0.035931,0
60,9,61,10,51.9539 0.641115 4.10999 -3.2656,-258.939 7.7311 -0.320957 0.203937,0
60,10,61,8,52.8388 0.654743 -3.97321 2.1194,-259.104 7.81423 -0.166129 0.101294,0
60,10,61,9,52.8388 0.64875 -1.264 0.316064,-259.104 7.74271 0.0929614 -0.0715924,0
60,10,61,10,52.8388 0.651429 1.44029 -1.49102,-259.104 7.77468 0.0419717 -0.0378874,0
61,0,62,0,44.4406 -0.659865 -1.65345 0.771424,-251.472 5.81644 -0.307447 0.138039,0
61,0,62,1,44.4406 -0.662231 0.996185 -0.996185,-251.472 5.83729 0.201497 -0.201497,1
61,0,62,2,44.4406 -0.679898 3.73769 -2.84036,-251.472 5.99302 0.317244 -0.28272,0
61,0,62,3,44.4406 -0.71173 6.54512 -4.7363,-251.472 6.27361 0.0634877 -0.11929,0
61,1,62,0,45.3405 -0.696852 -4.19863 2.45371,-251.457 6.09918 -1.19049 0.723658,0
61,1,62,1,45.3405 -0.684326 -1.61586 0.73807,-251.457 5.98954 -0.294583 0.127645,0
61,1,62,2,45.3405 -0.686932 1.05784 -1.05336,-251.457 6.01235 0.21537 -0.21486,0
61,1,62,3,45.3405 -0.704502 3.79983 -2.89812,-251.457 6.16614 0.337345 -0.300364,0
61,1,62,4,45.3405 -0.735967 6.6067 -4.79386,-251.457 6.44153 0.0995693 -0.147719,0
61,2,62,1,46.2404 -0.721055 -4.16308 2.42215,-251.442 6.26685 -1.16156 0.702634,0
61,2,62,2,46.2404 -0.709074 -1.55405 0.680796,-251.442 6.16272 -0.274982 0.110439,0
61,2,62,3,46.2404 -0.711912 1.12137 -1.11213,-251.442 6.18738 0.229806 -0.22875,0
61,2,62,4,46.2404 -0.729394 3.86387 -2.95749,-251.442 6.33933 0.357698 -0.318329,0
61,2,62,5,46.2404 -0.760513 6.67027 -4.85311,-251.442 6.60979 0.135118 -0.175951,0
61,3,62,2,47.1403 -0.745571 -4.10215 2.36551,-251.428 6.43489 -1.12643 0.675042,0
61,3,62,3,47.1403 -0.734111 -1.49034 0.621903,-251.428 6.33597 -0.255121 0.0929075,0
61,3,62,4,47.1403 -0.73717 1.18677 -1.17249,-251.428 6.36238 0.244816 -0.243177,0
61,3,62,5,47.1403 -0.754573 3.92982 -3.01848,-251.428 6.51258 0.378335 -0.336641,0
61,3,62,6,47.1403 -0.785367 6.73581 -4.91402,-251.428 6.77835 0.170227 -0.20405,0
61,4,62,3,48.0402 -0.770397 -4.03923 2.3072,-251.413 6.60325 -1.09181 0.647643,0
61,4,62,4,48.0402 -0.759434 -1.42473 0.561396,-251.413 6.50928 -0.234969 0.0750253,0
61,4,62,5,48.0402 -0.762707 1.25404 -1.23444,-251.413 6.53733 0.260406 -0.258149,0
61,4,62,6,48.0402 -0.780038 3.99766 -3.08107,-251.413 6.68588 0.399289 -0.355325,0
61,4,62,7,48.0402 -0.810526 6.80332 -4.97659,-251.413 6.9472 0.204977 -0.232072,0
61,5,62,4,48.94 -0.79553 -3.97434 2.24722,-251.398 6.7719 -1.05763 0.620375,0
61,5,62,5,48.94 -0.785043 -1.35723 0.499279,-251.398 6.68263 -0.214492 0.0567697,0
61,5,62,6,48.94 -0.788523 1.32317 -1.29798,-251.398 6.71226 0.276585 -0.273674,0
61,5,62,7,48.94 -0.80579 4.06739 -3.14527,-251.398 6.85924 0.420589 -0.3744,0
61,5,62,8,48.94 -0.835989 6.87278 -5.04081,-251.398 7.11631 0.239447 -0.260072,0
61,6,62,5,49.8399 -0.820969 -3.90748 2.18558,-251.384 6.94084 -1.02379 0.593181,0
61,6,62,6,49.8399 -0.810937 -1.28783 0.435557,-251.384 6.85603 -0.193665 0.0381194,0
61,6,62,7,49.8399 -0.814617 1.39417 -1.3631,-251.384 6.88714 0.293363 -0.289759,0
61,6,62,8,49.8399 -0.831826 4.139 -3.21107,-251.384 7.03263 0.442261 -0.393889,0
61,6,62,9,49.8399 -0.861753 6.94419 -5.10667,-251.384 7.28565 0.273706 -0.288098,0
61,7,62,6,50.7398 -0.846711 -3.83867 2.12229,-251.369 7.11003 -0.990232 0.566008,0
61,7,62,7,50.7398 -0.837117 -1.21655 0.370233,-251.369 7.02947 -0.172459 0.0190544,0
61,7,62,8,50.7398 -0.84099 1.46703 -1.42981,-251.369 7.06199 0.310747 -0.306414,0
61,7,62,9,50.7398 -0.858147 4.2125 -3.27846,-251.369 7.20606 0.464331 -0.413811,0
61,7,62,10,50.7398 -0.887818 7.01754 -5.17417,-251.369 7.45521 0.307819 -0.316197,0
61,8,62,7,51.6397 -0.872754 -3.76791 2.05735,-251.354 7.27944 -0.956873 0.538807,0
61,8,62,8,51.6397 -0.863581 -1.14338 0.303313,-251.354 7.20293 -0.150852 -0.000444194,0
61,8,62,9,51.6397 -0.867641 1.54174 -1.49809,-251.354 7.23679 0.328746 -0.323646,0
61,8,62,10,51.6397 -0.884752 4.28787 -3.34745,-251.354 7.37951 0.486823 -0.434183,0
61,9,62,8,52.5396 -0.899097 -3.69521 1.99077,-251.34 7.44908 -0.923655 0.511533,0
61,9,62,9,52.5396 -0.890329 -1.06834 0.234801,-251.34 7.37642 -0.128819 -0.0203942,0
61,9,62,10,52.5396 -0.89457 1.6183 -1.56795,-251.34 7.41157 0.347369 -0.341464,0
61,10,62,8,53.4394 -0.946576 -6.19349 3.63665,-251.325 7.79039 -1.97804 1.20992,0
61,10,62,9,53.4394 -0.925739 -3.62059 1.92257,-251.325 7.6189 -0.890519 0.484147,0
61,10,62,10,53.4394 -0.91736 -0.991433 0.1647,-251.325 7.54994 -0.106338 -0.0408126,0
62,0,63,0,42.8988 -1.6145 0.848837 -0.846644,-245.825 5.48655 0.323876 -0.323231,0
62,0,63,1,42.8988 -1.65987 3.50754 -2.627,-245.825 5.64073 0.892814 -0.705539,0
62,0,63,2,42.8988 -1.7415 6.36141 -4.56627,-245.825 5.91814 1.1319 -0.88122,0
62,1,63,0,43.7784 -1.65252 -1.65625 0.816806,-245.635 5.61575 -0.62691 0.308099,0
62,1,63,1,43.7784 -1.65899 0.86547 -0.86547,-245.635 5.63775 0.330814 -0.330814,1
62,1,63,2,43.7784 -1.70376 3.58805 -2.71031,-245.635 5.78988 0.937675 -0.748993,0
62,1,63,3,43.7784 -1.78394 6.44114 -4.65025,-245.635 6.06235 1.19441 -0.937391,0
62,2,63,0,44.6581 -1.75074 -3.98475 2.36386,-245.444 5.86353 -1.93298 1.17613,0
62,2,63,1,44.6581 -1.71946 -1.59535 0.776159,-245.444 5.75876 -0.602285 0.291011,0
62,2,63,2,44.6581 -1.72644 0.994009 -0.973244,-245.444 5.78214 0.383243 -0.377084,0
62,2,63,3,44.6581 -1.77123 3.71877 -2.82024,-245.444 5.93215 0.998655 -0.80169,0
62,2,63,4,44.6581 -1.85108 6.5733 -4.76194,-245.444 6.19959 1.27302 -1.0027,0
62,3,63,1,45.5377 -1.81792 -3.92536 2.32497,-245.254 6.00154 -1.89417 1.14986,0
62,3,63,2,45.5377 -1.78758 -1.46462 0.666864,-245.254 5.90141 -0.544401 0.241038,0
62,3,63,3,45.5377 -1.79506 1.12794 -1.08524,-245.254 5.92609 0.439054 -0.426287,0
62,3,63,4,45.5377 -1.83988 3.85487 -2.93437,-245.254 6.07406 1.06277 -0.857167,0
62,3,63,5,45.5377 -1.91944 6.71083 -4.8778,-245.254 6.33671 1.35415 -1.07038,0
62,4,63,2,46.4174 -1.8863 -3.7932 2.2145,-245.064 6.1394 -1.82138 1.08977,0
62,4,63,3,46.4174 -1.85689 -1.32849 0.553354,-245.064 6.04366 -0.48332 0.188254,0
62,4,63,4,46.4174 -1.86485 1.2672 -1.2014,-245.064 6.06958 0.498317 -0.478487,0
62,4,63,5,46.4174 -1.90972 3.9963 -3.05264,-245.064 6.21562 1.1301 -0.915504,0
62,4,63,6,46.4174 -1.989 6.85369 -4.99778,-245.064 6.47367 1.43792 -1.14056,0
62,5,63,3,47.2971 -1.95589 -3.65561 2.09982,-244.874 6.27706 -1.74597 1.02725,0
62,5,63,4,47.2971 -1.92737 -1.18701 0.435671,-244.874 6.18552 -0.418956 0.132583,0
62,5,63,5,47.2971 -1.93581 1.41177 -1.32169,-244.874 6.2126 0.561104 -0.53375,0
62,5,63,6,47.2971 -1.98073 4.143 -3.17502,-244.874 6.35679 1.20075 -0.976777,0
62,5,63,7,47.2971 -2.05977 7.00182 -5.12183,-244.874 6.61044 1.52446 -1.21332,0
62,6,63,4,48.1767 -2.02668 -3.51265 1.98096,-244.683 6.41451 -1.66783 0.96221,0
62,6,63,5,48.1767 -1.99902 -1.04023 0.313861,-244.683 6.32697 -0.351223 0.0739533,0
62,6,63,6,48.1767 -2.00792 1.56158 -1.44607,-244.683 6.35516 0.627485 -0.592137,0
62,6,63,7,48.1767 -2.05292 4.29493 -3.30144,-244.683 6.49758 1.2748 -1.04106,0
62,6,63,8,48.1767 -2.13173 7.15518 -5.24991,-244.683 6.747 1.61391 -1.28878,0
62,7,63,5,49.0564 -2.09866 -3.36436 1.85797,-244.493 6.55172 -1.58683 0.894552,0
62,7,63,6,49.0564 -2.07184 -0.888206 0.187971,-244.493 6.468 -0.28004 0.0122939,0
62,7,63,7,49.0564 -2.08121 1.71659 -1.57448,-244.493 6.49724 0.69753 -0.653711,0
62,7,63,8,49.0564 -2.12628 4.45203 -3.43187,-244.493 6.63796 1.35233 -1.10843,0
62,7,63,9,49.0564 -2.20488 7.3137 -5.38197,-244.493 6.88333 1.70637 -1.36702,0
62,8,63,6,49.936 -2.17183 -3.21081 1.7309,-244.303 6.68867 -1.50286 0.824183,0
62,8,63,7,49.936 -2.14582 -0.73098 0.0580462,-244.303 6.60859 -0.205326 -0.0524663,0
62,8,63,8,49.936 -2.15564 1.87675 -1.70689,-244.303 6.63884 0.771308 -0.718536,0
62,8,63,9,49.936 -2.20081 4.61426 -3.56626,-244.303 6.77793 1.43344 -1.17895,0
62,8,63,10,49.936 -2.27921 7.47733 -5.51795,-244.303 7.0194 1.80197 -1.44814,0
62,9,63,7,50.8157 -2.24618 -3.05203 1.59979,-244.112 6.82534 -1.41581 0.751009,0
62,9,63,8,50.8157 -2.22097 -0.568602 -0.0758657,-244.112 6.74875 -0.127001 -0.120396,0
62,9,63,9,50.8157 -2.23124 2.04201 -1.84323,-244.112 6.77995 0.848887 -0.786671,0
62,9,63,10,50.8157 -2.2765 4.78157 -3.70456,-244.112 6.91747 1.5182 -1.2527,0
62,10,63,8,51.6954 -2.32171 -2.88809 1.4647,-243.922 6.96171 -1.32556 0.674945,0
62,10,63,9,51.6954 -2.29728 -0.401132 -0.213713,-243.922 6.88845 -0.0449892 -0.191561,0
62,10,63,10,51.6954 -2.30799 2.21231 -1.98347,-243.922 6.92056 0.930335 -0.858178,0
63,0,64,0,41.2864 -2.48739 -1.08139 0.305019,-240.338 5.22899 -0.533656 0.087689,0
63,0,64,1,41.2864 -2.49568 0.767672 -0.764989,-240.338 5.24642 0.438142 -0.436866,0
63,0,64,2,41.2864 -2.56294 3.30222 -2.46152,-240.338 5.38782 1.41967 -1.09512,0
63,0,64,3,41.2864 -2.68474 6.13505 -4.40177,-240.338 5.64387 2.14858 -1.61541,0
63,1,64,0,42.1194 -2.59582 -3.20062 1.69971,-239.997 5.45694 -2.20488 1.19015,0
63,1,64,1,42.1194 -2.54641 -1.56361 0.784053,-239.997 5.35308 -0.895417 0.44923,0
63,1,64,2,42.1194 -2.5552 0.777741 -0.777741,-239.997 5.37156 0.444674 -0.444674,1
63,1,64,3,42.1194 -2.62161 3.42475 -2.58758,-239.997 5.51117 1.51135 -1.18629,0
63,1,64,4,42.1194 -2.74146 6.25692 -4.52913,-239.997 5.7631 2.2604 -1.7226,0
63,2,64,1,42.9524 -2.72064 -3.57491 2.13661,-239.656 5.54473 -2.50687 1.52822,0
63,2,64,2,42.9524 -2.67179 -1.42246 0.706074,-239.656 5.44516 -0.821853 0.407445,0
63,2,64,3,42.9524 -2.6813 1.03591 -0.972031,-239.656 5.46454 0.595243 -0.564358,0
63,2,64,4,42.9524 -2.74856 3.68714 -2.78522,-239.656 5.60163 1.675 -1.31653,0
63,2,64,5,42.9524 -2.86953 6.52451 -4.73087,-239.656 5.84816 2.44669 -1.87008,0
63,3,64,2,43.7854 -2.84808 -3.43183 2.05875,-239.315 5.63047 -2.4174 1.47687,0
63,3,64,3,43.7854 -2.79979 -1.15888 0.50828,-239.315 5.53502 -0.662639 0.282238,0
63,3,64,4,43.7854 -2.81002 1.30267 -1.17228,-239.315 5.55523 0.756697 -0.692639,0
63,3,64,5,43.7854 -2.87813 3.95786 -2.98859,-239.315 5.68988 1.84941 -1.45533,0
63,3,64,6,43.7854 -3.00018 6.8001 -4.93801,-239.315 5.93117 2.64334 -2.02587,0
63,4,64,3,44.6183 -2.97808 -3.16178 1.8565,-238.974 5.7141 -2.2395 1.3392,0
63,4,64,4,44.6183 -2.93039 -0.886826 0.304614,-238.974 5.62259 -0.492568 0.148456,0
63,4,64,5,44.6183 -2.94133 1.57775 -1.37826,-238.974 5.64358 0.929269 -0.829701,0
63,4,64,6,44.6183 -3.01027 4.23666 -3.19747,-238.974 5.77585 2.03483 -1.60286,0
63,4,64,7,44.6183 -3.13337 7.08341 -5.15034,-238.974 6.01206 2.8506 -2.19017,0
63,5,64,4,45.4513 -3.11062 -2.88349 1.64854,-238.634 5.79557 -2.05109 1.19319,0
63,5,64,5,45.4513 -3.06353 -0.606578 0.095301,-238.634 5.70783 -0.311399 0.00590999,0
63,5,64,6,45.4513 -3.07519 1.86088 -1.58973,-238.634 5.72955 1.11319 -0.975721,0
63,5,64,7,45.4513 -3.14494 4.52327 -3.41161,-238.634 5.8595 2.23148 -1.7593,0
63,5,64,8,45.4513 -3.26907 7.37418 -5.36763,-238.634 6.09078 3.06875 -2.36317,0
63,6,64,5,46.2843 -3.24567 -2.59723 1.43512,-238.293 5.8748 -1.8519 1.03863,0
63,6,64,6,46.2843 -3.19919 -0.318402 -0.119426,-238.293 5.79068 -0.118897 -0.145582,0
63,6,64,7,46.2843 -3.21157 2.15178 -1.80647,-238.293 5.81308 1.30867 -1.13087,0
63,6,64,8,46.2843 -3.28212 4.81741 -3.63078,-238.293 5.94078 2.43961 -1.92484,0
63,6,64,9,46.2843 -3.40724 7.67215 -5.58963,-238.293 6.16726 3.29802 -2.54506,0
63,7,64,6,47.1173 -3.38317 -2.30327 1.21644,-237.952 5.95175 -1.64168 0.875325,0
63,7,64,7,47.1173 -3.33733 -0.0225748 -0.339329,-237.952 5.8711 0.0851617 -0.306195,0
63,7,64,8,47.1173 -3.35041 2.45018 -2.02823,-237.952 5.89412 1.51594 -1.29532,0
63,7,64,9,47.1173 -3.42175 5.1188 -3.85474,-237.952 6.01963 2.65942 -2.09964,0
63,8,64,7,47.9503 -3.5231 -2.00186 0.992753,-237.611 6.02635 -1.42018 0.703087,0
63,8,64,8,47.9503 -3.47789 0.280621 -0.564167,-237.611 5.94903 0.300997 -0.476097,0
63,8,64,9,47.9503 -3.49169 2.75578 -2.25477,-237.611 5.97263 1.73519 -1.46922,0
63,9,64,7,48.7832 -3.76692 -3.79698 2.19872,-237.27 6.26745 -3.17646 1.87745,0
63,9,64,8,48.7832 -3.6654 -1.6933 0.764289,-237.27 6.09854 -1.18716 0.521734,0
63,9,64,9,48.7832 -3.62085 0.590897 -0.793694,-237.27 6.02442 0.52882 -0.655451,0
63,10,64,7,49.6162 -4.06493 -5.42441 3.29119,-236.93 6.58092 -5.14652 3.19324,0
63,10,64,8,49.6162 -3.91106 -3.48218 1.96585,-236.93 6.33181 -2.91923 1.67973,0
63,10,64,9,49.6162 -3.81005 -1.37787 0.531297,-236.93 6.16828 -0.9424 0.331099,0
64,0,65,0,38.0227 -3.71978 0.450618 -0.662549,-235.555 4.40658 0.65583 -0.843836,0
64,0,65,1,38.0227 -3.72392 2.30193 -1.80949,-235.555 4.41149 1.97369 -1.60121,0
64,0,65,2,38.0227 -3.81739 4.40581 -3.11966,-235.555 4.52222 3.00719 -2.18004,0
64,0,65,3,38.0227 -3.99392 7.06142 -4.8985,-235.555 4.73134 4.10031 -2.91689,0
64,1,65,0,38.7935 -3.37145 -2.34966 1.01864,-235.09 4.98381 -2.031 0.801096,0
64,1,65,1,38.7935 -3.29941 -0.768484 0.0656511,-235.09 4.87731 -0.423027 -0.134987,0
64,1,65,2,38.7935 -3.30365 1.04984 -1.04819,-235.09 4.88359 0.905267 -0.904156,0
64,1,65,3,38.7935 -3.38389 3.41664 -2.63452,-235.09 5.0022 2.26752 -1.81962,0
64,1,65,4,38.7935 -3.53496 6.13707 -4.50365,-235.09 5.22552 3.46843 -2.67846,0
64,2,65,1,39.5642 -3.4376 -2.61007 1.27467,-234.625 5.0816 -2.3775 1.15053,0
64,2,65,2,39.5642 -3.36768 -1.05012 0.345027,-234.625 4.97824 -0.75522 0.197008,0
64,2,65,3,39.5642 -3.37254 1.0667 -1.0667,-234.625 4.98542 0.920742 -0.920742,1
64,2,65,4,39.5642 -3.45187 3.54642 -2.76686,-234.625 5.10269 2.41708 -1.96895,0
64,2,65,5,39.5642 -3.60075 6.26289 -4.63422,-234.625 5.32276 3.63859 -2.84514,0
64,3,65,2,40.335 -3.62197 -2.67458 1.45301,-234.161 5.09764 -2.55218 1.40989,0
64,3,65,3,40.335 -3.5518 -0.803575 0.212071,-234.161 4.99888 -0.576659 0.0985221,0
64,3,65,4,40.335 -3.55744 1.43118 -1.31681,-234.161 5.00682 1.22699 -1.14766,0
64,3,65,5,40.335 -3.63854 3.91439 -3.01869,-234.161 5.12095 2.73947 -2.20888,0
64,3,65,6,40.335 -3.79025 6.63652 -4.88889,-234.161 5.33447 3.9881 -3.10563,0
64,4,65,3,41.1057 -3.80897 -2.42484 1.31974,-233.696 5.10799 -2.35069 1.29877,0
64,4,65,4,41.1057 -3.73864 -0.433856 -0.0413415,-233.696 5.01368 -0.254153 -0.138056,0
64,4,65,5,41.1057 -3.74507 1.80194 -1.57048,-233.696 5.0223 1.55355 -1.38898,0
64,4,65,6,41.1057 -3.82786 4.28817 -3.27368,-233.696 5.13333 3.0821 -2.46317,0
64,4,65,7,41.1057 -3.98227 7.01526 -5.14614,-233.696 5.34039 4.35755 -3.38028,0
64,5,65,4,41.8765 -3.99842 -2.04791 1.06173,-233.231 5.11252 -2.0004 1.04467,0
64,5,65,5,41.8765 -3.92802 -0.0582966 -0.298052,-233.231 5.02251 0.0887637 -0.389078,0
64,5,65,6,41.8765 -3.93525 2.17833 -1.82722,-233.231 5.03175 1.90074 -1.6449,0
64,5,65,7,41.8765 -4.01968 4.66711 -3.53134,-233.231 5.1397 3.44529 -2.73201,0
64,5,65,8,41.8765 -4.17664 7.39845 -5.40549,-233.231 5.34039 4.74727 -3.66928,0
64,6,65,5,42.6473 -4.19015 -1.66583 0.800849,-232.767 5.11112 -1.62985 0.776261,0
64,6,65,6,42.6473 -4.11977 0.322431 -0.557566,-232.767 5.02526 0.452395 -0.654736,0
64,6,65,7,42.6473 -4.1278 2.55965 -2.08652,-232.767 5.03506 2.26885 -1.91559,0
64,6,65,8,42.6473 -4.2138 5.05053 -3.79116,-232.767 5.13997 3.82931 -3.01557,0
64,6,65,9,42.6473 -4.37318 7.78542 -5.66645,-232.767 5.33437 5.15753 -3.97279,0
64,7,65,6,43.418 -4.38399 -1.27927 0.537598,-232.302 5.10366 -1.23876 0.493339,0
64,7,65,7,43.418 -4.3137 0.707645 -0.819382,-232.302 5.02183 0.837023 -0.935208,0
64,7,65,8,43.418 -4.32254 2.94522 -2.34788,-232.302 5.03213 2.65814 -2.20123,0
64,7,65,9,43.418 -4.41006 5.43772 -4.05264,-232.302 5.13401 4.23444 -3.31401,0
64,7,65,10,43.418 -4.57172 8.1755 -5.92851,-232.302 5.32221 5.58859 -4.29097,0
64,8,65,7,44.1888 -4.57976 -0.888909 0.272468,-231.837 5.09006 -0.826815 0.195725,0
64,8,65,8,44.1888 -4.50963 1.09665 -1.08299,-231.837 5.01211 1.24291 -1.23065,0
64,8,65,9,44.1888 -4.51929 3.33434 -2.61079,-231.837 5.02285 3.06886 -2.50195,0
64,8,65,10,44.1888 -4.60826 5.82801 -4.31526,-231.837 5.12173 4.66089 -3.62746,0
64,9,65,8,44.9596 -4.77727 -0.495428 0.00596298,-231.373 5.07021 -0.393771 -0.116741,0
64,9,65,9,44.9596 -4.70737 1.48875 -1.34788,-231.373 4.99602 1.67029 -1.54121,0
64,9,65,10,44.9596 -4.71785 3.72631 -2.87472,-231.373 5.00715 3.50124 -2.8179,0
65,0,66,2,34.091 -11.7244 1.99746 -1.76836,-231.336 7.77384 3.48767 -3.15273,0
65,0,66,3,34.091 -11.7628 3.51786 -2.74586,-231.336 7.79926 5.38602 -4.33124,0
65,0,66,4,34.091 -11.8486 5.17871 -3.81635,-231.336 7.85615 7.1985 -5.45534,0
65,0,66,5,34.091 -11.9808 6.97536 -4.97621,-231.336 7.94383 8.92393 -6.52317,0
65,0,66,6,34.091 -12.158 8.90156 -6.22071,-231.336 8.0613 10.5622 -7.53364,0
65,1,66,3,34.7912 -11.2912 0.673972 -1.07375,-230.771 8.82551 1.55134 -2.0882,0
65,1,66,4,34.7912 -11.3287 2.18607 -2.04378,-230.771 8.85483 3.43775 -3.25866,0
65,1,66,5,34.7912 -11.4103 3.83019 -3.1018,-230.771 8.91857 5.23189 -4.37127,0
65,1,66,6,34.7912 -11.5349 5.60186 -4.24428,-230.771 9.016 6.9328 -5.42433,0
65,1,66,7,34.7912 -11.7013 7.63665 -5.60815,-230.771 9.14603 8.81324 -6.68953,0
65,2,66,4,35.4914 -10.7642 -0.846961 -0.27549,-230.205 9.85599 -0.350229 -1.03723,0
65,2,66,5,35.4914 -10.8005 0.655731 -1.23736,-230.205 9.88919 1.52444 -2.19984,0
65,2,66,6,35.4914 -10.8772 2.28177 -2.28212,-230.205 9.95945 3.30114 -3.30152,0
65,2,66,7,35.4914 -10.9936 4.16888 -3.54833,-230.205 10.066 5.25268 -4.61432,0
65,2,66,8,35.4914 -11.1483 6.54553 -5.26572,-230.205 10.2076 7.88898 -6.64701,0
65,3,66,5,36.1917 -10.9588 -0.934954 -0.188633,-229.64 10.0341 -0.554482 -0.831234,0
65,3,66,6,36.1917 -10.9961 0.562797 -1.14446,-229.64 10.0683 1.31439 -1.98905,0
65,3,66,7,36.1917 -11.0732 2.32396 -2.32396,-229.64 10.1389 3.3618 -3.3618,1
65,3,66,8,36.1917 -11.1893 4.57776 -3.95718,-229.64 10.2452 6.0955 -5.45646,0
65,3,66,9,36.1917 -11.343 6.91706 -5.63819,-229.64 10.3859 8.77844 -7.53491,0
65,4,66,6,36.8919 -11.438 -0.46399 -0.376059,-229.074 9.89247 -0.126302 -0.937897,0
65,4,66,7,36.8919 -11.4774 1.17502 -1.47109,-229.074 9.92657 2.01779 -2.37082,0
65,4,66,8,36.8919 -11.5569 3.31166 -3.02373,-229.074 9.99529 4.85571 -4.53218,0
65,4,66,9,36.8919 -11.6755 5.53476 -4.62362,-229.074 10.0979 7.63855 -6.67239,0
65,5,66,7,37.5921 -11.9179 0.144214 -0.70007,-228.509 9.73165 0.615847 -1.33934,0
65,5,66,8,37.5921 -11.9593 2.16277 -2.17262,-228.509 9.76549 3.55501 -3.56709,0
65,5,66,9,37.5921 -12.041 4.26724 -3.6908,-228.509 9.83224 6.43593 -5.76947,0
65,6,66,7,38.2924 -12.3951 -0.769226 -0.00957965,-227.944 9.54952 -0.83381 -0.272962,0
65,6,66,8,38.2924 -12.3977 1.13171 -1.40342,-227.944 9.55148 2.20269 -2.56615,0
65,6,66,9,38.2924 -12.4411 3.11661 -2.8403,-227.944 9.58497 5.17881 -4.83049,0
65,7,66,7,38.9926 -12.9092 -1.56758 0.60259,-227.378 9.37542 -2.32053 0.822464,0
65,7,66,8,38.9926 -12.8724 0.217511 -0.714748,-227.378 9.3487 0.808624 -1.5347,0
65,7,66,9,38.9926 -12.8767 2.08326 -2.0716,-227.378 9.35186 3.87624 -3.8602,0
65,8,66,7,39.6928 -13.4594 -2.25443 1.1394,-226.813 9.20453 -3.83351 1.94094,0
65,8,66,8,39.6928 -13.3833 -0.582276 -0.104313,-226.813 9.15248 -0.616926 -0.478329,0
65,8,66,9,39.6928 -13.3481 1.16604 -1.38321,-226.813 9.12846 2.53777 -2.86373,0
65,9,66,7,40.3931 -14.0446 -2.83442 1.60441,-226.247 9.03211 -5.36202 3.07646,0
65,9,66,8,40.3931 -13.9296 -1.27136 0.430895,-226.247 8.95816 -2.06359 0.597267,0
65,9,66,9,40.3931 -13.8551 0.362339 -0.772789,-226.247 8.91022 1.17329 -1.84641,0
65,10,66,7,41.0933 -14.6635 -3.31302 2.00162,-225.682 8.85359 -6.89561 4.22319,0
65,10,66,8,41.0933 -14.5103 -1.85448 0.894478,-225.682 8.76111 -3.5211 1.68642,0
65,10,66,9,41.0933 -14.3968 -0.331665 -0.237288,-225.682 8.69258 -0.207259 -0.813619,0
66,0,67,0,21.5866 -12.5874 0.410186 -0.45621,-224.718 4.51271 1.61888 -1.74938,0
66,0,67,1,21.5866 -12.6037 1.3651 -1.08766,-224.718 4.51855 4.05835 -3.34873,0
66,0,67,2,21.5866 -12.6767 2.49194 -1.83431,-224.718 4.54474 6.445 -4.9156,0
66,0,67,3,21.5866 -12.8055 3.78752 -2.69396,-224.718 4.59091 8.77863 -6.44944,0
66,0,67,4,21.5866 -12.9884 5.24656 -3.66296,-224.718 4.65647 11.0597 -7.95011,0
66,1,67,1,22.0911 -12.6964 0.235338 -0.369701,-223.973 4.85039 1.11975 -1.48724,0
66,1,67,2,22.0911 -12.714 1.19352 -1.00312,-223.973 4.85712 3.55578 -3.08404,0
66,1,67,3,22.0911 -12.787 2.31987 -1.74934,-223.973 4.885 5.93718 -4.64735,0
66,1,67,4,22.0911 -12.9144 3.61129 -2.60619,-223.973 4.93368 8.26378 -6.17666,0
66,1,67,5,22.0911 -13.0947 5.0627 -3.57019,-223.973 5.00254 10.5361 -7.67185,0
66,2,67,2,22.5957 -12.7969 0.0422584 -0.273569,-223.227 5.19452 0.605113 -1.21603,0
66,2,67,3,22.5957 -12.8157 1.00349 -0.908815,-223.227 5.20216 3.03763 -2.81023,0
66,2,67,4,22.5957 -12.8886 2.1292 -1.6545,-223.227 5.23174 5.41377 -4.36999,0
66,2,67,5,22.5957 -13.0146 3.41639 -2.50852,-223.227 5.28289 7.73341 -5.8948,0
66,2,67,6,22.5957 -13.1922 4.86014 -3.46751,-223.227 5.35499 9.99708 -7.38461,0
66,3,67,3,23.1002 -12.8885 -0.169526 -0.167565,-222.482 5.54486 0.0754025 -0.935966,0
66,3,67,4,23.1002 -12.9085 0.794541 -0.804495,-222.482 5.55345 2.50434 -2.52753,0
66,3,67,5,23.1002 -12.9812 1.91947 -1.54956,-222.482 5.58474 4.87523 -4.08374,0
66,3,67,6,23.1002 -13.1058 3.20233 -2.40071,-222.482 5.63833 7.18797 -5.60411,0
66,3,67,7,23.1002 -13.2807 4.63841 -3.35468,-222.482 5.71359 9.44316 -7.0886,0
66,4,67,4,23.6048 -12.9711 -0.400478 -0.051442,-221.737 5.9012 -0.468933 -0.647275,0
66,4,67,5,23.6048 -12.9921 0.566216 -0.68992,-221.737 5.91078 1.95635 -2.23618,0
66,4,67,6,23.6048 -13.0646 1.69022 -1.43427,-221.737 5.94376 4.32199 -3.78883,0
66,4,67,7,23.6048 -13.1877 2.96868 -2.2825,-221.737 5.99976 6.62793 -5.30481,0
66,4,67,8,23.6048 -13.36 4.39706 -3.23145,-221.737 6.07813 8.87478 -6.78407,0
66,5,67,5,24.1093 -13.0444 -0.651046 0.0750381,-220.991 6.26331 -1.02743 -0.350193,0
66,5,67,6,24.1093 -13.0665 0.318069 -0.564854,-220.991 6.27391 1.39414 -1.9364,0
66,5,67,7,24.1093 -13.1387 1.441 -1.30841,-220.991 6.30859 3.75454 -3.48552,0
66,5,67,8,24.1093 -13.2603 2.71498 -2.15366,-220.991 6.36696 6.05375 -4.99713,0
66,5,67,9,24.1093 -13.4298 4.15833 -3.12029,-220.991 6.44838 8.38427 -6.5631,0
66,6,67,6,24.6139 -13.1082 -0.921671 0.212109,-220.246 6.63096 -1.59962 -0.044962,0
66,6,67,7,24.6139 -13.1312 0.0496686 -0.429068,-220.246 6.6426 0.818189 -1.62845,0
66,6,67,8,24.6139 -13.2031 1.17139 -1.17173,-220.246 6.67898 3.17337 -3.17403,0
66,6,67,9,24.6139 -13.3232 2.46356 -2.03673,-220.246 6.73969 5.55799 -4.77341,0
66,7,67,7,25.1184 -13.3044 -0.928722 0.21797,-219.501 6.73021 -1.63761 -0.00552822,0
66,7,67,8,25.1184 -13.3286 0.0451601 -0.424622,-219.501 6.74242 0.777374 -1.58676,0
66,7,67,9,25.1184 -13.4009 1.18997 -1.18997,-219.501 6.779 3.22292 -3.22292,1
66,8,67,7,25.623 -13.8905 -1.03168 0.402455,-218.756 6.06033 -2.5902 0.871665,0
66,8,67,8,25.623 -13.8674 -0.203427 -0.141752,-218.756 6.05025 -0.119763 -0.742721,0
66,8,67,9,25.623 -13.8933 0.797341 -0.809449,-218.756 6.06156 2.38882 -2.41665,0
66,9,67,7,26.1275 -14.4883 -1.06384 0.527888,-218.01 5.36212 -3.49733 1.73174,0
66,9,67,8,26.1275 -14.4173 -0.380959 0.0811308,-218.01 5.33583 -0.984332 0.0909966,0
66,9,67,9,26.1275 -14.3955 0.47429 -0.488774,-218.01 5.32776 1.57521 -1.61451,0
67,0,68,0,8.95317 -13.0348 0.661596 -0.518954,-220.336 2.48312 4.31585 -3.65825,0
67,0,68,1,8.95317 -13.1591 1.3904 -1.00554,-220.336 2.50682 6.93616 -5.41,0
67,0,68,2,8.95317 -13.3411 2.29289 -1.60826,-220.336 2.54147 9.53371 -7.14996,0
67,1,68,0,9.26032 -13.1444 0.087507 -0.142377,-219.49 2.59064 1.56158 -1.85745,0
67,1,68,1,9.26032 -13.2099 0.638803 -0.510298,-219.49 2.60355 4.20404 -3.62057,0
67,1,68,2,9.26032 -13.3337 1.36606 -0.995896,-219.49 2.62795 6.82275 -5.37144,0
67,1,68,3,9.26032 -13.5142 2.26443 -1.59593,-219.49 2.66352 9.41827 -7.11028,0
67,2,68,0,9.56748 -13.3106 -0.314989 0.119132,-218.644 2.71133 -1.21967 -0.0428586,0
67,2,68,1,9.56748 -13.3182 0.0615559 -0.131922,-218.644 2.71289 1.44605 -1.81789,0
67,2,68,2,9.56748 -13.3841 0.61398 -0.500624,-218.644 2.7263 4.08735 -3.58035,0
67,2,68,3,9.56748 -13.5073 1.33971 -0.985253,-218.644 2.75141 6.70447 -5.33033,0
67,2,68,4,9.56748 -13.6864 2.23406 -1.58267,-218.644 2.78789 9.29797 -7.06806,0
67,3,68,1,9.87463 -13.4821 -0.346695 0.133093,-217.798 2.83558 -1.3393 -0.00119914,0
67,3,68,2,9.87463 -13.491 0.0335738 -0.120454,-217.798 2.83745 1.32568 -1.77579,0
67,3,68,3,9.87463 -13.5572 0.587082 -0.489908,-217.798 2.85137 3.9658 -3.53759,0
67,3,68,4,9.87463 -13.6799 1.31131 -0.973587,-217.798 2.87718 6.58135 -5.28669,0
67,3,68,5,9.87463 -13.8576 2.20173 -1.56845,-217.798 2.91455 9.17286 -7.02332,0
67,4,68,2,10.1818 -13.6527 -0.380368 0.148017,-216.952 2.96213 -1.46374 0.0429811,0
67,4,68,3,10.1818 -13.6628 0.00351395 -0.107949,-216.952 2.96431 1.20046 -1.73116,0
67,4,68,4,10.1818 -13.7293 0.558063 -0.478129,-216.952 2.97875 3.83942 -3.4923,0
67,4,68,5,10.1818 -13.8514 1.28082 -0.960874,-216.952 3.00525 6.45339 -5.24052,0
67,4,68,6,10.1818 -14.0278 2.16738 -1.55324,-216.952 3.04351 9.04292 -6.97606,0
67,5,68,3,10.4889 -13.8222 -0.416057 0.163931,-216.106 3.09097 -1.59299 0.089674,0
67,5,68,4,10.4889 -13.8334 -0.0286695 -0.0943853,-216.106 3.09348 1.07043 -1.68401,0
67,5,68,5,10.4889 -13.9003 0.526878 -0.465263,-216.106 3.10842 3.70821 -3.44448,0
67,5,68,6,10.4889 -14.0219 1.24818 -0.947091,-216.106 3.13562 6.32061 -5.19183,0
67,5,68,7,10.4889 -14.1969 2.13098 -1.53702,-216.106 3.17476 8.90819 -6.92629,0
67,6,68,4,10.7961 -13.9907 -0.453812 0.180859,-215.26 3.22209 -1.72702 0.13887,0
67,6,68,5,10.7961 -14.003 -0.0630226 -0.079738,-215.26 3.22493 0.935605 -1.63435,0
67,6,68,6,10.7961 -14.0701 0.493484 -0.451288,-215.26 3.24038 3.5722 -3.39415,0
67,6,68,7,10.7961 -14.1912 1.21336 -0.932216,-215.26 3.26827 6.18304 -5.14063,0
67,6,68,8,10.7961 -14.3649 2.09246 -1.51975,-215.26 3.30828 8.76869 -6.87403,0
67,7,68,5,11.1032 -14.1581 -0.493684 0.198829,-214.414 3.35548 -1.86582 0.190563,0
67,7,68,6,11.1032 -14.1715 -0.0995919 -0.0639839,-214.414 3.35866 0.795989 -1.58218,0
67,7,68,7,11.1032 -14.2389 0.457836 -0.436182,-214.414 3.37463 3.4314 -3.34131,0
67,7,68,8,11.1032 -14.3595 1.1763 -0.916224,-214.414 3.40321 6.04069 -5.08692,0
67,7,68,9,11.1032 -14.5319 2.05192 -1.50156,-214.414 3.44407 8.63302 -6.82787,0
67,8,68,6,11.4104 -14.3244 -0.535722 0.217866,-213.568 3.49114 -2.00937 0.244744,0
67,8,68,7,11.4104 -14.3389 -0.138422 -0.0471004,-213.568 3.49467 0.651608 -1.52751,0
67,8,68,8,11.4104 -14.4065 0.419888 -0.419923,-213.568 3.51115 3.28583 -3.28597,0
67,8,68,9,11.4104 -14.5266 1.13709 -0.899225,-213.568 3.54041 5.90219 -5.03934,0
67,8,68,10,11.4104 -14.6977 2.00931 -1.48241,-213.568 3.58213 8.5018 -6.78842,0
67,9,68,7,11.7175 -14.5123 -0.534456 0.215236,-212.722 3.53694 -1.97344 0.209295,0
67,9,68,8,11.7175 -14.5279 -0.133993 -0.0518474,-212.722 3.54073 0.686893 -1.56257,0
67,9,68,9,11.7175 -14.5958 0.425511 -0.425511,-212.722 3.5573 3.32944 -3.32944,1
67,9,68,10,11.7175 -14.7156 1.14186 -0.904285,-212.722 3.58648 5.95495 -5.09188,0
68,0,69,0,-3.93896 -12.9178 -0.0900601 0.107893,-217.195 0.136381 -0.423749 -0.404742,0
68,0,69,1,-3.93896 -12.9968 -0.164889 0.165746,-217.195 0.137215 2.418 -2.35245,0
68,0,69,2,-3.93896 -13.1371 -0.0586408 0.103841,-217.195 0.138696 5.27049 -4.31156,0
68,0,69,3,-3.93896 -13.3368 0.222511 -0.0735849,-217.195 0.140804 8.13546 -6.28376,0
68,1,69,0,-3.82111 -13.113 0.140092 -0.0448447,-216.303 0.146 -3.09062 1.36026,0
68,1,69,1,-3.82111 -13.1311 -0.117212 0.134511,-216.303 0.146201 -0.255177 -0.580515,0
68,1,69,2,-3.82111 -13.2105 -0.192912 0.19369,-216.303 0.147085 2.58958 -2.53128,0
68,1,69,3,-3.82111 -13.3503 -0.090659 0.135244,-216.303 0.148642 5.44552 -4.49391,0
68,1,69,4,-3.82111 -13.5485 0.183564 -0.0367109,-216.303 0.150849 8.31433 -6.47007,0
68,2,69,1,-3.70326 -13.3249 0.108361 -0.0150675,-215.41 0.156039 -2.92051 1.18272,0
68,2,69,2,-3.70326 -13.3444 -0.146817 0.16359,-215.41 0.156267 -0.0825485 -0.760592,0
68,2,69,3,-3.70326 -13.4242 -0.223496 0.224187,-215.41 0.157202 2.76519 -2.7144,0
68,2,69,4,-3.70326 -13.5635 -0.125256 0.169234,-215.41 0.158833 5.62454 -4.68051,0
68,2,69,5,-3.70326 -13.7603 0.142102 0.00273303,-215.41 0.161138 8.49715 -6.66055,0
68,3,69,2,-3.5854 -13.5368 0.0742889 0.0171033,-214.518 0.166323 -2.74636 1.00091,0
68,3,69,3,-3.5854 -13.5577 -0.178958 0.195211,-214.518 0.166579 0.094105 -0.94494,0
68,3,69,4,-3.5854 -13.638 -0.256721 0.257318,-214.518 0.167566 2.9448 -2.90175,0
68,3,69,5,-3.5854 -13.7767 -0.162512 0.205894,-214.518 0.169271 5.80752 -4.87131,0
68,3,69,6,-3.5854 -13.9722 0.0980367 0.0448306,-214.518 0.171672 8.68386 -6.85519,0
68,4,69,3,-3.46755 -13.7488 0.0377868 0.0517525,-213.626 0.176852 -2.56821 0.814852,0
68,4,69,4,-3.46755 -13.771 -0.213716 0.229455,-213.626 0.177137 0.274748 -1.13352,0
68,4,69,5,-3.46755 -13.8517 -0.292666 0.293161,-213.626 0.178176 3.12838 -3.09332,0
68,4,69,6,-3.46755 -13.99 -0.202509 0.245302,-213.626 0.179954 5.99442 -5.06628,0
68,4,69,7,-3.46755 -14.1841 0.051284 0.0896648,-213.626 0.182451 8.87445 -7.05393,0
68,5,69,4,-3.3497 -13.9608 -0.00123221 0.0889641,-212.734 0.187626 -2.3861 0.624584,0
68,5,69,5,-3.3497 -13.9843 -0.251172 0.266402,-212.734 0.187941 0.459346 -1.32631,0
68,5,69,6,-3.3497 -14.0654 -0.331409 0.331795,-212.734 0.189032 3.31588 -3.28906,0
68,5,69,7,-3.3497 -14.2032 -0.245328 0.287538,-212.734 0.190884 6.18521 -5.26537,0
68,5,69,8,-3.3497 -14.396 0.0017584 0.137318,-212.734 0.193475 9.06885 -7.25674,0
68,6,69,5,-3.23185 -14.1729 -0.042854 0.128822,-211.841 0.198645 -2.20005 0.430139,0
68,6,69,6,-3.23185 -14.1976 -0.291406 0.306132,-211.841 0.198992 0.647861 -1.52325,0
68,6,69,7,-3.23185 -14.2791 -0.37303 0.373299,-211.841 0.200134 3.50727 -3.48894,0
68,6,69,8,-3.23185 -14.4164 -0.291046 0.33268,-211.841 0.202059 6.37984 -5.46856,0
68,6,69,9,-3.23185 -14.608 -0.0506239 0.18787,-211.841 0.204744 9.26705 -7.46359,0
68,7,69,6,-3.114 -14.385 -0.0871632 0.171408,-210.949 0.20991 -2.01012 0.231556,0
68,7,69,7,-3.114 -14.4109 -0.334499 0.348723,-210.949 0.210288 0.840256 -1.72433,0
68,7,69,8,-3.114 -14.4928 -0.417605 0.417748,-210.949 0.211483 3.70251 -3.69291,0
68,7,69,9,-3.114 -14.6297 -0.339745 0.380807,-210.949 0.213481 6.57827 -5.6758,0
68,7,69,10,-3.114 -14.8201 -0.0625824 0.19804,-210.949 0.216259 9.30492 -7.51035,0
68,8,69,7,-2.99615 -14.5971 -0.134244 0.216804,-210.057 0.221419 -1.81632 0.0288706,0
68,8,69,8,-2.99615 -14.6242 -0.380528 0.394254,-210.057 0.221831 1.03649 -1.92949,0
68,8,69,9,-2.99615 -14.7065 -0.465212 0.465221,-210.057 0.223079 3.90156 -3.90093,0
68,8,69,10,-2.99615 -14.8429 -0.34807 0.388566,-210.057 0.225148 6.61614 -5.72271,0
68,9,69,8,-2.87829 -14.8094 -0.183917 0.264959,-209.165 0.22464 -1.60164 -0.186413,0
68,9,69,9,-2.87829 -14.8377 -0.42931 0.44267,-209.165 0.225069 1.25363 -2.14724,0
68,9,69,10,-2.87829 -14.9203 -0.472004 0.472004,-209.165 0.226322 3.95638 -3.95638,1
68,10,69,8,-2.76044 -15.0463 0.166366 0.0337578,-208.272 0.21931 -4.21117 1.53619,0
68,10,69,9,-2.76044 -15.0219 -0.236245 0.315945,-208.272 0.218954 -1.36488 -0.414869,0
68,10,69,10,-2.76044 -15.0513 -0.436861 0.45,-208.272 0.219382 1.32622 -2.21153,0
69,0,70,0,-16.8389 -12.6484 -0.364945 0.304124,-217.887 -1.90637 2.34019 -1.88019,0
69,0,70,1,-16.8389 -12.9233 -0.708727 0.577259,-217.887 -1.94782 5.48742 -4.15499,0
69,0,70,2,-16.8389 -13.2525 -0.918155 0.770207,-217.887 -1.99743 8.6835 -6.47047,0
69,1,70,0,-16.9349 -12.6627 -0.01195 0.0613976,-216.992 -2.05708 -0.0346108 -0.24955,0
69,1,70,1,-16.9349 -12.8777 -0.534004 0.452891,-216.992 -2.09202 3.08523 -2.50346,0
69,1,70,2,-16.9349 -13.1494 -0.913029 0.757976,-216.992 -2.13615 6.25211 -4.79522,0
69,2,70,0,-17.0308 -12.7369 0.522078 -0.302395,-216.097 -2.21912 -2.37269 1.3557,0
69,2,70,1,-17.0308 -12.8916 -0.180495 0.209219,-216.097 -2.24607 0.719051 -0.878102,0
69,2,70,2,-17.0308 -13.1045 -0.733741 0.629801,-216.097 -2.28317 3.85556 -3.14652,0
69,3,70,0,-17.1268 -12.8693 1.23212 -0.784045,-215.202 -2.39434 -4.6707 2.93406,0
69,3,70,1,-17.1268 -12.964 0.349446 -0.152314,-215.202 -2.41195 -1.6073 0.719262,0
69,3,70,2,-17.1268 -13.1178 -0.380171 0.385493,-215.202 -2.44057 1.49811 -1.52654,0
69,3,70,3,-17.1268 -13.3287 -0.965313 0.835908,-215.202 -2.47981 4.64997 -3.80817,0
69,4,70,0,-17.2228 -13.0573 2.11077 -1.37876,-214.307 -2.58433 -6.92591 4.4844,0
69,4,70,1,-17.2228 -13.0933 1.05093 -0.628591,-214.307 -2.59145 -3.89062 2.28721,0
69,4,70,2,-17.2228 -13.1884 0.145294 0.0265097,-214.307 -2.61027 -0.816562 0.0629637,0
69,4,70,3,-17.2228 -13.3413 -0.612129 0.59127,-214.307 -2.64054 2.30132 -2.19366,0
69,4,70,4,-17.2228 -13.5502 -1.22982 1.07221,-214.307 -2.68188 5.46717 -4.48717,0
69,5,70,1,-17.3188 -13.2768 1.91682 -1.21501,-213.413 -2.78611 -6.12837 3.82476,0
69,5,70,2,-17.3188 -13.3143 0.837888 -0.444123,-213.413 -2.794 -3.08541 1.62067,0
69,5,70,3,-17.3188 -13.4098 -0.0915231 0.235123,-213.413 -2.81403 -0.00174254 -0.611973,0
69,5,70,4,-17.3188 -13.5619 -0.877461 0.827549,-213.413 -2.84595 3.12739 -2.8782,0
69,5,70,5,-17.3188 -13.7688 -1.52831 1.33966,-213.413 -2.88937 6.30581 -5.18222,0
69,6,70,2,-17.4147 -13.4934 1.69073 -1.02199,-212.518 -2.99327 -5.30602 3.14569,0
69,6,70,3,-17.4147 -13.5325 0.591855 -0.229596,-212.518 -3.00195 -2.25631 0.935648,0
69,6,70,4,-17.4147 -13.6283 -0.362095 0.474521,-212.518 -3.0232 0.835852 -1.30428,0
69,6,70,5,-17.4147 -13.7796 -1.1772 1.09527,-212.518 -3.05676 3.97496 -3.57884,0
69,6,70,6,-17.4147 -13.9845 -1.86175 1.63913,-212.518 -3.10222 7.16452 -5.89195,0
69,7,70,3,-17.5107 -13.707 1.43138 -0.79865,-211.623 -3.20576 -4.46013 2.44841,0
69,7,70,4,-17.5107 -13.7476 0.311744 0.0159792,-211.623 -3.21526 -1.40466 0.233433,0
69,7,70,5,-17.5107 -13.8437 -0.667453 0.74564,-211.623 -3.23774 1.69485 -2.01262,0
69,7,70,6,-17.5107 -13.9941 -1.51234 1.39531,-211.623 -3.27292 4.84261 -4.29421,0
69,7,70,7,-17.5107 -14.1971 -2.23109 1.97145,-211.623 -3.3204 8.04186 -6.61499,0
69,8,70,4,-17.6067 -13.9176 1.13766 -0.544004,-210.728 -3.42355 -3.59204 1.73423,0
69,8,70,5,-17.6067 -13.9596 -0.00347412 0.293538,-210.728 -3.43389 -0.531836 -0.484646,0
69,8,70,6,-17.6067 -14.056 -1.00857 1.04936,-210.728 -3.45759 2.57384 -2.73563,0
69,8,70,7,-17.6067 -14.2055 -1.88377 1.7285,-210.728 -3.49439 5.72891 -5.02292,0
69,8,70,8,-17.6067 -14.4067 -2.33737 2.03759,-210.728 -3.54386 8.42142 -6.83497,0
69,9,70,5,-17.7026 -14.125 0.808559 -0.257125,-209.833 -3.6466 -2.70311 1.00446,0
69,9,70,6,-17.7026 -14.1684 -0.354767 0.603953,-209.833 -3.6578 0.360746 -1.21721,0
69,9,70,7,-17.7026 -14.265 -1.38635 1.38649,-209.833 -3.68273 3.47135 -3.47188,0
69,9,70,8,-17.7026 -14.4137 -1.99156 1.79478,-209.833 -3.72112 6.1157 -5.24685,0
69,9,70,9,-17.7026 -14.6129 -1.69709 1.35394,-209.833 -3.77256 7.25177 -5.5005,0
69,10,70,6,-17.7986 -14.3726 0.529967 0.0194266,-208.938 -3.71052 -2.12344 0.42484,0
69,10,70,7,-17.7986 -14.4174 -0.655913 0.904473,-208.938 -3.72209 0.941929 -1.79798,0
69,10,70,8,-17.7986 -14.5145 -1.41103 1.41103,-208.938 -3.74715 3.53371 -3.53371,1
69,10,70,9,-17.7986 -14.6628 -1.26189 1.06456,-208.938 -3.78543 4.6126 -3.74332,0
69,10,70,10,-17.7986 -14.8608 -1.13483 0.78989,-208.938 -3.83655 5.62253 -3.87115,0
70,0,71,0,-29.5481 -5.0343 -0.402273 0.335813,-219.333 -1.15765 1.69404 -1.35283,0
70,0,71,1,-29.5481 -5.44249 -0.780748 0.639002,-219.333 -1.25152 4.63528 -3.4411,0
70,0,71,2,-29.5481 -5.95281 -0.905005 0.790093,-219.333 -1.36886 7.71189 -5.64125,0
70,1,71,0,-29.8937 -4.85519 0.151751 -0.0516937,-218.502 -1.3238 -0.513784 0.190152,0
70,1,71,1,-29.8937 -5.12627 -0.623306 0.510957,-218.502 -1.39771 2.32284 -1.81345,0
70,1,71,2,-29.8937 -5.52197 -1.06935 0.869228,-218.502 -1.5056 5.31176 -3.93537,0
70,2,71,0,-30.2393 -4.82278 1.14801 -0.734729,-217.671 -1.52548 -2.59424 1.6413,0
70,2,71,1,-30.2393 -4.9448 -0.0651655 0.116976,-217.671 -1.56408 0.110142 -0.265378,0
70,2,71,2,-30.2393 -5.20725 -0.89323 0.724015,-217.671 -1.64709 2.97871 -2.29182,0
70,3,71,0,-30.585 -4.92942 2.56898 -1.70344,-216.84 -1.77992 -4.51369 2.9842,0
70,3,71,1,-30.585 -4.9038 0.914693 -0.558255,-216.84 -1.77067 -1.95832 1.17869,0
70,3,71,2,-30.585 -5.02279 -0.332393 0.324345,-216.84 -1.81364 0.761848 -0.739401,0
70,3,71,3,-30.585 -5.27663 -1.21438 0.976688,-216.84 -1.90529 3.65869 -2.78548,0
70,4,71,0,-30.9306 -5.15405 4.35813 -2.92234,-216.009 -2.0986 -6.25465 4.21285,0
70,4,71,1,-30.9306 -4.9951 2.29779 -1.50442,-216.009 -2.03388 -3.85076 2.50335,0
70,4,71,2,-30.9306 -4.97267 0.629746 -0.342289,-216.009 -2.02475 -1.29534 0.697903,0
70,4,71,3,-30.9306 -5.08857 -0.652238 0.572111,-216.009 -2.07194 1.4382 -1.22934,0
70,4,71,4,-30.9306 -5.33378 -1.5889 1.2705,-216.009 -2.17178 4.35961 -3.29179,0
70,5,71,1,-31.2762 -5.19839 4.03043 -2.68815,-215.178 -2.36423 -5.55203 3.70398,0
70,5,71,2,-31.2762 -5.04827 1.97387 -1.26519,-215.178 -2.29596 -3.16286 2.00565,0
70,5,71,3,-31.2762 -5.02882 0.290915 -0.0851605,-215.178 -2.28711 -0.608525 0.201579,0
70,5,71,4,-31.2762 -5.14154 -1.0268 0.861797,-215.178 -2.33838 2.1359 -1.73247,0
70,5,71,5,-31.2762 -5.37812 -2.0187 1.6068,-215.178 -2.44598 5.07816 -3.80803,0
70,6,71,2,-31.6218 -5.22994 3.64889 -2.41291,-214.347 -2.63694 -4.82767 3.18045,0
70,6,71,3,-31.6218 -5.08836 1.59503 -0.984111,-214.347 -2.56555 -2.45326 1.49376,0
70,6,71,4,-31.6218 -5.0717 -0.103843 0.21462,-214.347 -2.55715 0.0987265 -0.307512,0
70,6,71,5,-31.6218 -5.18117 -1.45797 1.19473,-214.347 -2.61235 2.85148 -2.24596,0
70,6,71,6,-31.6218 -5.40912 -2.25397 1.7352,-214.347 -2.72728 5.51913 -4.03957,0
70,7,71,3,-31.9675 -5.24817 3.21145 -2.0951,-213.516 -2.91611 -4.08485 2.64492,0
70,7,71,4,-31.9675 -5.11485 1.15931 -0.659754,-213.516 -2.84203 -1.72537 0.970479,0
70,7,71,5,-31.9675 -5.10078 -0.556347 0.558351,-213.516 -2.83421 0.822871 -0.826475,0
70,7,71,6,-31.9675 -5.20692 -1.70006 1.32473,-213.516 -2.89319 3.29448 -2.48,0
70,7,71,7,-31.9675 -5.42623 -2.26939 1.62988,-213.516 -3.01505 5.64554 -3.9501,0
70,8,71,4,-32.3131 -5.37686 2.96484 -1.85765,-212.685 -2.98762 -3.75396 2.31366,0
70,8,71,5,-32.3131 -5.24858 0.907627 -0.4122,-212.685 -2.91634 -1.39957 0.647102,0
70,8,71,6,-32.3131 -5.23663 -0.577337 0.577337,-212.685 -2.9097 0.855886 -0.855886,1
70,8,71,7,-32.3131 -5.3418 -1.48034 1.10203,-212.685 -2.96814 3.00314 -2.18559,0
70,8,71,8,-32.3131 -5.55745 -2.06717 1.42103,-212.685 -3.08796 5.31055 -3.61407,0
70,9,71,5,-32.6587 -5.82016 3.31662 -1.90399,-211.854 -2.40836 -4.72345 2.63201,0
70,9,71,6,-32.6587 -5.68961 1.49522 -0.69661,-211.854 -2.35434 -2.64296 1.25662,0
70,9,71,7,-32.6587 -5.67912 0.259869 0.0447649,-211.854 -2.35 -0.70589 0.0743129,0
70,9,71,8,-32.6587 -5.78932 -0.645399 0.576754,-211.854 -2.3956 1.3848 -1.21167,0
70,9,71,9,-32.6587 -6.01358 -1.22831 0.900448,-211.854 -2.4884 3.59931 -2.57426,0
70,10,71,6,-33.0043 -6.20009 3.77803 -2.12332,-211.023 -1.76623 -6.13032 3.32488,0
70,10,71,7,-33.0043 -6.06925 2.21157 -1.17118,-211.023 -1.72896 -4.34618 2.26257,0
70,10,71,8,-33.0043 -6.06043 0.964581 -0.416486,-211.023 -1.72645 -2.42765 1.10065,0
70,10,71,9,-33.0043 -6.17416 0.0514679 0.12688,-211.023 -1.75885 -0.393642 -0.141859,0
70,10,71,10,-33.0043 -6.40392 -0.536865 0.461487,-211.023 -1.8243 1.72827 -1.43921,0
71,0,72,0,-34.6488 -4.95426 -0.807654 0.761083,-220.15 -1.87456 1.6218 -1.49377,0
71,0,72,1,-34.6488 -5.37207 -1.83439 1.57071,-220.15 -2.03264 4.51465 -3.59066,0
71,0,72,2,-34.6488 -5.88138 -2.69712 2.30783,-220.15 -2.22535 7.57733 -5.82275,0
71,1,72,0,-35.1323 -4.70549 0.0389669 0.149165,-219.391 -2.13145 -0.2189 -0.155281,0
71,1,72,1,-35.1323 -4.99209 -1.3424 1.18222,-219.391 -2.26128 2.52146 -2.12794,0
71,1,72,2,-35.1323 -5.3893 -2.4882 2.09033,-219.391 -2.4412 5.46327 -4.25195,0
71,2,72,0,-35.6158 -4.58148 1.26062 -0.713013,-218.632 -2.43736 -1.87046 1.04307,0
71,2,72,1,-35.6158 -4.72942 -0.510234 0.570869,-218.632 -2.51606 0.672654 -0.783458,0
71,2,72,2,-35.6158 -5.00075 -1.9893 1.68635,-218.632 -2.66041 3.44244 -2.77102,0
71,3,72,0,-36.0993 -4.56779 2.82671 -1.80932,-217.872 -2.81638 -3.28587 2.0784,0
71,3,72,1,-36.0993 -4.58243 0.666123 -0.269,-217.872 -2.82541 -0.968615 0.408052,0
71,3,72,2,-36.0993 -4.72297 -1.17459 1.07733,-217.872 -2.91206 1.58482 -1.42086,0
71,3,72,3,-36.0993 -4.97875 -2.75194 2.27556,-217.872 -3.06977 4.37457 -3.41502,0
71,4,72,0,-36.5828 -4.63707 4.67105 -3.10089,-217.113 -3.28333 -4.44392 2.94429,0
71,4,72,1,-36.5828 -4.5356 2.15402 -1.32025,-217.113 -3.21148 -2.35944 1.42584,0
71,4,72,2,-36.5828 -4.55191 -0.0462809 0.261451,-217.113 -3.22303 -0.04973 -0.234446,0
71,4,72,3,-36.5828 -4.68478 -1.95746 1.67059,-217.113 -3.31711 2.50698 -2.0592,0
71,4,72,4,-36.5828 -4.92478 -3.19839 2.5166,-217.113 -3.48705 4.99003 -3.73444,0
71,5,72,1,-37.0662 -4.56223 3.89019 -2.54631,-216.354 -3.68714 -3.48271 2.26566,0
71,5,72,2,-37.0662 -4.47117 1.3613 -0.74339,-216.354 -3.61355 -1.42232 0.769546,0
71,5,72,3,-37.0662 -4.48874 -0.879624 0.880188,-216.354 -3.62774 0.875249 -0.875946,0
71,5,72,4,-37.0662 -4.61369 -2.43405 1.92465,-216.354 -3.72873 3.11624 -2.37808,0
71,5,72,5,-37.0662 -4.8377 -3.53375 2.61345,-216.354 -3.90977 5.46964 -3.91256,0
71,6,72,2,-37.5497 -4.70591 3.4901 -2.15397,-215.595 -3.80326 -3.10237 1.8802,0
71,6,72,3,-37.5497 -4.62015 0.939253 -0.323796,-215.595 -3.73395 -1.05777 0.404174,0
71,6,72,4,-37.5497 -4.63961 -0.910937 0.910937,-215.595 -3.74967 0.90683 -0.90683,1
71,6,72,5,-37.5497 -4.76299 -2.29552 1.78399,-215.595 -3.84939 2.99883 -2.26124,0
71,6,72,6,-37.5497 -4.98258 -3.40003 2.47318,-215.595 -4.02686 5.3229 -3.76996,0
71,7,72,3,-38.0332 -5.09852 3.53118 -1.95387,-214.836 -3.59056 -3.39117 1.83507,0
71,7,72,4,-38.0332 -5.01361 1.39169 -0.534213,-214.836 -3.53076 -1.67821 0.70019,0
71,7,72,5,-38.0332 -5.03592 -0.276116 0.520999,-214.836 -3.54647 0.142422 -0.466856,0
71,7,72,6,-38.0332 -5.16408 -1.64806 1.38619,-214.836 -3.63672 2.19922 -1.79552,0
71,7,72,7,-38.0332 -5.39053 -2.73574 2.0654,-214.836 -3.7962 4.46517 -3.26413,0
71,8,72,4,-38.5167 -5.48338 3.96274 -2.152,-214.077 -3.34239 -4.10616 2.18066,0
71,8,72,5,-38.5167 -5.39984 2.0097 -0.917418,-214.077 -3.29147 -2.52035 1.18181,0
71,8,72,6,-38.5167 -5.42497 0.349533 0.13297,-214.077 -3.30679 -0.710713 0.0253628,0
71,8,72,7,-38.5167 -5.55729 -1.01175 0.991661,-214.077 -3.38745 1.31044 -1.27726,0
71,8,72,8,-38.5167 -5.78946 -2.0858 1.66296,-214.077 -3.52896 3.51841 -2.70584,0
71,9,72,5,-39.0002 -5.85745 4.56102 -2.52765,-213.318 -3.05885 -5.04789 2.7176,0
71,9,72,6,-39.0002 -5.77577 2.61227 -1.29549,-213.318 -3.01619 -3.45022 1.71516,0
71,9,72,7,-39.0002 -5.80364 0.959 -0.249261,-213.318 -3.03075 -1.65272 0.570088,0
71,9,72,8,-39.0002 -5.93952 -0.393609 0.604311,-213.318 -3.1017 0.33245 -0.706246,0
71,9,72,9,-39.0002 -6.17627 -1.45721 1.26975,-213.318 -3.22534 2.48266 -2.09494,0
71,10,72,6,-39.4836 -6.2177 5.13647 -2.89429,-212.559 -2.74026 -6.07522 3.30513,0
71,10,72,7,-39.4836 -6.13829 3.19242 -1.66456,-212.559 -2.70527 -4.4675 2.30029,0
71,10,72,8,-39.4836 -6.1688 1.54523 -0.621773,-212.559 -2.71871 -2.68319 1.1673,0
71,10,72,9,-39.4836 -6.30762 0.199298 0.228068,-212.559 -2.77989 -0.73429 -0.0825507,0
71,10,72,10,-39.4836 -6.54786 -0.856984 0.889682,-212.559 -2.88577 1.35849 -1.43158,0
72,0,73,0,-39.6497 -4.56153 -2.24098 2.06334,-221.896 -3.31207 2.3283 -2.0687,0
72,0,73,1,-39.6497 -4.92148 -4.24757 3.66248,-221.896 -3.57343 4.97587 -3.9847,0
72,0,73,2,-39.6497 -5.35679 -5.46429 4.54711,-221.896 -3.8895 7.51183 -5.73438,0
72,1,73,0,-40.2846 -4.15963 -1.19965 1.25502,-221.258 -3.62783 0.944631 -1.00716,0
72,1,73,1,-40.2846 -4.40104 -3.48046 3.00985,-221.258 -3.83838 3.37004 -2.7518,0
72,1,73,2,-40.2846 -4.72821 -4.95494 4.04409,-221.258 -4.12372 5.74935 -4.37556,0
72,2,73,0,-40.9195 -3.8391 0.0780422 0.291711,-220.621 -4.00391 -0.192976 -0.131349,0
72,2,73,1,-40.9195 -3.96579 -2.49001 2.21905,-220.621 -4.13604 1.95125 -1.67323,0
72,2,73,2,-40.9195 -4.18238 -4.23403 3.41227,-220.621 -4.36192 4.10056 -3.12644,0
72,3,73,0,-41.5544 -3.57407 1.53928 -0.799642,-219.983 -4.46344 -1.04008 0.537404,0
72,3,73,1,-41.5544 -3.60075 -1.30311 1.30203,-219.983 -4.49676 0.787141 -0.786278,0
72,3,73,2,-41.5544 -3.71346 -3.30787 2.6521,-219.983 -4.63751 2.64459 -2.03276,0
72,3,73,3,-41.5544 -3.90474 -5.00277 3.77089,-219.983 -4.87639 4.76782 -3.44689,0
72,4,73,0,-42.1893 -3.76291 3.97462 -2.41123,-219.345 -4.69926 -2.2215 1.31678,0
72,4,73,1,-42.1893 -3.70619 0.879873 -0.140603,-219.345 -4.62843 -0.708497 0.203157,0
72,4,73,2,-42.1893 -3.73432 -1.34809 1.34809,-219.345 -4.66356 0.813652 -0.813652,1
72,4,73,3,-42.1893 -3.84543 -3.25613 2.59984,-219.345 -4.80231 2.61973 -2.01075,0
72,4,73,4,-42.1893 -4.03267 -4.9543 3.71785,-219.345 -5.03615 4.72133 -3.40831,0
72,5,73,1,-42.8242 -4.06801 3.6263 -1.89029,-218.707 -4.71184 -2.18438 1.12457,0
72,5,73,2,-42.8242 -4.01312 1.18078 -0.267056,-218.707 -4.64826 -0.977896 0.324724,0
72,5,73,3,-42.8242 -4.04394 -0.939434 1.11657,-218.707 -4.68395 0.502034 -0.649303,0
72,5,73,4,-42.8242 -4.15855 -2.83593 2.36028,-218.707 -4.8167 2.28921 -1.83351,0
72,5,73,5,-42.8242 -4.35034 -4.52033 3.46908,-218.707 -5.03885 4.35618 -3.20812,0
72,6,73,2,-43.4591 -4.37941 3.93367 -2.01874,-218.069 -4.70848 -2.5058 1.27498,0
72,6,73,3,-43.4591 -4.32651 1.59886 -0.504238,-218.069 -4.6516 -1.32666 0.509169,0
72,6,73,4,-43.4591 -4.35999 -0.511764 0.872468,-218.069 -4.6876 0.151918 -0.4632,0
72,6,73,5,-43.4591 -4.47792 -2.39721 2.10845,-218.069 -4.81439 1.9203 -1.63458,0
72,6,73,6,-43.4591 -4.67391 -4.06872 3.20855,-218.069 -5.0251 3.95337 -2.98672,0
72,7,73,3,-44.0941 -4.69632 4.36113 -2.26178,-217.431 -4.6887 -2.90819 1.48992,0
72,7,73,4,-44.0941 -4.64553 2.03434 -0.753178,-217.431 -4.638 -1.71422 0.715468,0
72,7,73,5,-44.0941 -4.68165 -0.0668455 0.616725,-217.431 -4.67406 -0.237753 -0.254729,0
72,7,73,6,-44.0941 -4.80271 -1.94174 1.84528,-217.431 -4.79492 1.51191 -1.41332,0
72,7,73,7,-44.0941 -5.00255 -3.6012 2.93719,-217.431 -4.99444 3.51175 -2.74342,0
72,8,73,4,-44.729 -5.01791 4.804 -2.51555,-216.793 -4.65205 -3.34892 1.72634,0
72,8,73,5,-44.729 -4.96935 2.48541 -1.01292,-216.793 -4.60704 -2.1416 0.944222,0
72,8,73,6,-44.729 -5.00807 0.393503 0.350313,-216.793 -4.64293 -0.667952 -0.0233188,0
72,8,73,7,-44.729 -5.13208 -1.47133 1.57176,-216.793 -4.7579 1.06305 -1.16914,0
72,8,73,8,-44.729 -5.33544 -3.11957 2.65597,-216.793 -4.94644 3.03026 -2.47759,0
72,9,73,5,-45.3639 -5.34333 5.26048 -2.77909,-216.155 -4.59811 -3.82903 1.98485,0
72,9,73,6,-45.3639 -5.29711 2.95024 -1.28247,-216.155 -4.55834 -2.60973 1.19599,0
72,9,73,7,-45.3639 -5.33838 0.867412 0.0742329,-216.155 -4.59385 -1.13957 0.231559,0
72,9,73,8,-45.3639 -5.46517 -0.987848 1.28888,-216.155 -4.70295 0.572801 -0.901497,0
72,9,73,9,-45.3639 -5.67173 -2.62567 2.36587,-216.155 -4.88071 2.50793 -2.18866,0
72,10,73,6,-45.9988 -5.67174 5.72873 -3.05142,-215.518 -4.52653 -4.34943 2.26601,0
72,10,73,7,-45.9988 -5.62793 3.42694 -1.56083,-215.518 -4.49157 -3.11945 1.47127,0
72,10,73,8,-45.9988 -5.6717 1.35297 -0.210497,-215.518 -4.5265 -1.65342 0.510392,0
72,10,73,9,-45.9988 -5.80107 -0.493207 0.99766,-215.518 -4.62975 0.0403357 -0.609898,0
72,10,73,10,-45.9988 -6.01052 -2.1214 2.0679,-215.518 -4.79691 1.9439 -1.87609,0
73,0,74,0,-44.3888 -2.82239 -2.73781 2.54458,-224.949 -4.80862 1.08369 -0.964922,0
73,0,74,1,-44.3888 -2.98914 -4.96667 4.07299,-224.949 -5.09272 2.70124 -2.05762,0
73,0,74,2,-44.3888 -3.21234 -7.06174 5.52406,-224.949 -5.47299 4.62095 -3.35629,0
73,1,74,0,-45.1562 -2.24809 -1.57793 1.5778,-224.479 -5.16013 0.428534 -0.428475,0
73,1,74,1,-45.1562 -2.32568 -4.00121 3.21146,-224.479 -5.33823 1.6999 -1.28098,0
73,1,74,2,-45.1562 -2.45399 -6.30054 4.77191,-224.479 -5.63276 3.32934 -2.37513,0
73,2,74,0,-45.9236 -2.32525 0.901598 -0.0571748,-224.008 -5.33725 -0.436064 0.143023,0
73,2,74,1,-45.9236 -2.34802 -1.64765 1.64765,-224.008 -5.38952 0.447398 -0.447398,1
73,2,74,2,-45.9236 -2.42447 -4.06627 3.27552,-224.008 -5.56501 1.70983 -1.29358,0
73,2,74,3,-45.9236 -2.54978 -6.37186 4.83922,-224.008 -5.85262 3.31787 -2.37324,0
73,3,74,0,-46.691 -2.55395 3.69935 -1.85883,-223.538 -5.58592 -1.03134 0.516755,0
73,3,74,1,-46.691 -2.52364 1.02844 -0.0854351,-223.538 -5.51962 -0.514027 0.173906,0
73,3,74,2,-46.691 -2.54851 -1.50893 1.60962,-223.538 -5.57403 0.375605 -0.420551,0
73,3,74,3,-46.691 -2.62701 -3.92324 3.23523,-223.538 -5.74572 1.62778 -1.26027,0
73,3,74,4,-46.691 -2.75456 -6.22454 4.79687,-223.538 -6.02468 3.21146 -2.32423,0
73,4,74,1,-47.4584 -2.75755 3.83573 -1.89141,-223.068 -5.75548 -1.14237 0.567898,0
73,4,74,2,-47.4584 -2.72939 1.17761 -0.128653,-223.068 -5.69671 -0.603241 0.210762,0
73,4,74,3,-47.4584 -2.75636 -1.35489 1.56363,-223.068 -5.75299 0.292655 -0.388083,0
73,4,74,4,-47.4584 -2.83688 -3.76493 3.18699,-223.068 -5.92106 1.53509 -1.22169,0
73,4,74,5,-47.4584 -2.9666 -6.06202 4.7466,-223.068 -6.19181 3.09582 -2.2709,0
73,5,74,2,-48.2258 -2.96837 3.99458 -1.93923,-222.598 -5.92015 -1.26339 0.624139,0
73,5,74,3,-48.2258 -2.94237 1.34186 -0.179719,-222.598 -5.86829 -0.703358 0.253011,0
73,5,74,4,-48.2258 -2.97142 -1.18583 1.50982,-222.598 -5.92622 0.198139 -0.349792,0
73,5,74,5,-48.2258 -3.05394 -3.59162 3.13094,-222.598 -6.0908 1.4313 -1.17761,0
73,5,74,6,-48.2258 -3.18579 -5.88457 4.68853,-222.598 -6.35376 2.97032 -2.21291,0
73,6,74,3,-48.9932 -3.18629 4.16827 -1.99481,-222.127 -6.07963 -1.39418 0.684963,0
73,6,74,4,-48.9932 -3.16245 1.52091 -0.238488,-222.127 -6.03414 -0.814845 0.3009,0
73,6,74,5,-48.9932 -3.19356 -1.00201 1.44834,-222.127 -6.0935 0.0916543 -0.305475,0
73,6,74,6,-48.9932 -3.27805 -3.4036 3.06723,-222.127 -6.25472 1.31595 -1.12778,0
73,6,74,7,-48.9932 -3.41197 -5.69247 4.62282,-222.127 -6.51025 2.83439 -2.14994,0
73,7,74,4,-49.7606 -3.41115 4.3565 -2.05798,-221.657 -6.23366 -1.53535 0.750708,0
73,7,74,5,-49.7606 -3.38947 1.71446 -0.304817,-221.657 -6.19405 -0.938155 0.354665,0
73,7,74,6,-49.7606 -3.42263 -0.803723 1.37932,-221.657 -6.25464 -0.0271968 -0.254932,0
73,7,74,7,-49.7606 -3.50907 -3.20115 2.996,-221.657 -6.41261 1.18858 -1.07198,0
73,7,74,8,-49.7606 -3.64501 -5.48602 4.5496,-221.657 -6.66103 2.68746 -2.08167,0
73,8,74,5,-50.528 -3.64281 4.55898 -2.1286,-221.187 -6.38199 -1.68745 0.821693,0
73,8,74,6,-50.528 -3.62329 1.92221 -0.378555,-221.187 -6.3478 -1.07373 0.414533,0
73,8,74,7,-50.528 -3.65848 -0.591278 1.30293,-221.187 -6.40945 -0.158803 -0.197969,0
73,8,74,8,-50.528 -3.74685 -2.98458 2.9174,-221.187 -6.56426 1.04878 -1.00998,0
73,8,74,9,-50.528 -3.88476 -5.2655 4.46904,-221.187 -6.80587 2.52901 -2.00783,0
73,9,74,6,-51.2954 -3.88112 4.7754 -2.20651,-220.717 -6.52437 -1.85105 0.898215,0
73,9,74,7,-51.2954 -3.86375 2.14387 -0.459543,-220.717 -6.49518 -1.22198 0.480723,0
73,9,74,8,-51.2954 -3.90096 -0.364982 1.21932,-220.717 -6.55773 -0.303546 -0.134393,0
73,9,74,9,-51.2954 -3.99123 -2.7542 2.8316,-220.717 -6.70947 0.896118 -0.941559,0
73,9,74,10,-51.2954 -4.13106 -5.03125 4.38129,-220.717 -6.94454 2.35854 -1.92814,0
73,10,74,7,-52.0628 -4.12592 5.00543 -2.29155,-220.247 -6.66057 -2.02664 0.980556,0
73,10,74,8,-52.0628 -4.1107 2.3791 -0.547626,-220.247 -6.636 -1.38334 0.55345,0
73,10,74,9,-52.0628 -4.14991 -0.125151 1.12863,-220.247 -6.6993 -0.461806 -0.0640152,0
73,10,74,10,-52.0628 -4.24204 -2.51033 2.73875,-220.247 -6.84803 0.730188 -0.866516,0
74,0,75,0,-47.4045 -0.68624 -4.20999 3.33485,-229.639 -5.71916 0.494426 -0.319798,0
74,0,75,1,-47.4045 -0.725391 -6.9508 5.21516,-229.639 -6.04544 1.38606 -0.909903,0
74,0,75,2,-47.4045 -0.777464 -9.69244 7.10921,-229.639 -6.47943 2.59779 -1.71239,0
74,1,75,0,-48.2717 -0.694176 -1.60291 1.60291,-229.398 -5.7853 -0.0298001 0.0298001,1
74,1,75,1,-48.2717 -0.717753 -4.35376 3.47768,-229.398 -5.98179 0.473248 -0.301507,0
74,1,75,2,-48.2717 -0.755943 -7.10163 5.36408,-229.398 -6.30007 1.33904 -0.873765,0
74,2,75,0,-49.1389 -0.725431 1.02973 -0.131278,-229.157 -5.98474 -0.153928 0.112606,0
74,2,75,1,-49.1389 -0.733342 -1.73263 1.73933,-229.157 -6.05 -0.0440065 0.0431976,0
74,2,75,2,-49.1389 -0.756828 -4.4883 3.61883,-229.157 -6.24376 0.449207 -0.281011,0
74,2,75,3,-49.1389 -0.794508 -7.24223 5.51078,-229.157 -6.55462 1.29084 -0.836532,0
74,3,75,0,-50.0061 -0.77203 3.67399 -1.86174,-228.916 -6.30548 0.0853313 -0.0466726,0
74,3,75,1,-50.0061 -0.764808 0.898635 0.0067337,-228.916 -6.2465 -0.177248 0.132171,0
74,3,75,2,-50.0061 -0.773148 -1.86698 1.88103,-228.916 -6.31462 -0.0602013 0.0584969,0
74,3,75,3,-50.0061 -0.796563 -4.62739 3.76519,-228.916 -6.50586 0.423753 -0.25897,0
74,3,75,4,-50.0061 -0.833783 -7.3872 5.66257,-228.916 -6.80985 1.2428 -0.798777,0
74,4,75,1,-50.8733 -0.811182 3.54004 -1.7211,-228.676 -6.55965 0.0387769 -0.0114655,0
74,4,75,2,-50.8733 -0.804845 0.762976 0.149969,-228.676 -6.5084 -0.201875 0.15319,0
74,4,75,3,-50.8733 -0.813594 -2.00593 2.02797,-228.676 -6.57915 -0.0784891 0.0758017,0
74,4,75,4,-50.8733 -0.836956 -4.771 3.91674,-228.676 -6.76807 0.396707 -0.235228,0
74,4,75,5,-50.8733 -0.873759 -7.53653 5.81941,-228.676 -7.06568 1.19457 -0.760227,0
74,5,75,2,-51.7405 -0.851048 3.40172 -1.57537,-228.435 -6.81452 -0.00742263 0.024093,0
74,5,75,3,-51.7405 -0.845541 0.622775 0.298405,-228.435 -6.77043 -0.227996 0.175821,0
74,5,75,4,-51.7405 -0.854679 -2.14947 2.18013,-228.435 -6.84359 -0.0989739 0.0952149,0
74,5,75,5,-51.7405 -0.878004 -4.91911 4.07344,-228.435 -7.03036 0.367898 -0.209639,0
74,5,75,6,-51.7405 -0.914431 -7.6902 5.98129,-228.435 -7.32204 1.14582 -0.720635,0
74,6,75,3,-52.6077 -0.891619 3.25901 -1.42455,-228.194 -7.07002 -0.0536305 0.0602783,0
74,6,75,4,-52.6077 -0.886894 0.478051 0.45202,-228.194 -7.03255 -0.255784 0.200211,0
74,6,75,5,-52.6077 -0.896403 -2.29755 2.33747,-228.194 -7.10795 -0.12176 0.116839,0
74,6,75,6,-52.6077 -0.919705 -5.07171 4.23527,-228.194 -7.29272 0.337166 -0.182064,0
74,6,75,7,-52.6077 -0.955792 -7.84821 6.1482,-228.194 -7.57887 1.09628 -0.679774,0
74,7,75,4,-53.4749 -0.932888 3.11192 -1.26866,-227.953 -7.32605 -0.100173 0.0973418,0
74,7,75,5,-53.4749 -0.928901 0.328832 0.610783,-227.953 -7.29474 -0.285401 0.226505,0
74,7,75,6,-53.4749 -0.938766 -2.45015 2.49997,-227.953 -7.37221 -0.14695 0.140776,0
74,7,75,7,-53.4749 -0.962058 -5.22874 4.4022,-227.953 -7.55513 0.304362 -0.152369,0
74,7,75,8,-53.4749 -0.997838 -8.01053 6.32011,-227.953 -7.8361 1.04565 -0.637433,0
74,8,75,5,-54.3421 -0.974849 2.96048 -1.10771,-227.713 -7.58256 -0.147349 0.135515,0
74,8,75,6,-54.3421 -0.97156 0.175146 0.774668,-227.713 -7.55698 -0.317004 0.254837,0
74,8,75,7,-54.3421 -0.981768 -2.60723 2.66759,-227.713 -7.63638 -0.174647 0.167129,0
74,8,75,8,-54.3421 -1.00506 -5.3902 4.57419,-227.713 -7.81756 0.269339 -0.120424,0
74,8,75,9,-54.3421 -1.04056 -8.17715 6.49698,-227.713 -8.0937 0.993715 -0.593415,0
74,9,75,6,-55.2092 -1.0175 2.80468 -0.941733,-227.472 -7.8395 -0.195427 0.175012,0
74,9,75,7,-55.2092 -1.01487 0.0170181 0.943644,-227.472 -7.81926 -0.350738 0.285339,0
74,9,75,8,-55.2092 -1.02541 -2.76876 2.8403,-227.472 -7.90045 -0.204953 0.195997,0
74,9,75,9,-55.2092 -1.04871 -5.55603 4.75122,-227.472 -8.08002 0.23196 -0.0861042,0
74,10,75,7,-56.0764 -1.06083 2.64456 -0.77074,-227.231 -8.0968 -0.244659 0.216032,0
74,10,75,8,-56.0764 -1.05883 -0.145515 1.11768,-227.231 -8.08157 -0.386745 0.318138,0
74,10,75,9,-56.0764 -1.06969 -2.93469 3.01805,-227.231 -8.16444 -0.237972 0.227482,0
75,0,76,0,-48.9658 0.928053 2.89112 -1.16923,-235.183 -5.87785 0.786874 -0.237084,0
75,0,76,1,-48.9658 0.913049 1.66179 -0.790125,-235.183 -5.78283 0.387293 -0.180268,0
75,0,76,2,-48.9658 0.919476 -0.959905 0.959905,-235.183 -5.82354 -0.235429 0.235429,1
75,0,76,3,-48.9658 0.9469 -3.87895 2.9863,-235.183 -5.99722 -0.540476 0.466425,0
75,0,76,4,-48.9658 0.993581 -6.89372 5.08915,-235.183 -6.29288 -0.500237 0.474111,0
75,1,76,1,-49.8655 1.0314 4.02474 -2.37177,-235.208 -6.07916 1.34953 -0.821421,0
75,1,76,2,-49.8655 1.01658 1.48693 -0.684372,-235.208 -5.99181 0.347633 -0.154613,0
75,1,76,3,-49.8655 1.02392 -1.35163 1.28161,-235.208 -6.03506 -0.343979 0.332517,0
75,1,76,4,-49.8655 1.05295 -4.28399 3.31971,-235.208 -6.20619 -0.66936 0.581295,0
75,1,76,5,-49.8655 1.10197 -7.31528 5.43674,-235.208 -6.49511 -0.663909 0.61702,0
75,2,76,2,-50.7652 1.13961 3.84273 -2.26354,-235.233 -6.27954 1.28614 -0.780632,0
75,2,76,3,-50.7652 1.12505 1.08166 -0.35315,-235.233 -6.19933 0.226504 -0.0489456,0
75,2,76,4,-50.7652 1.13333 -1.76597 1.62097,-235.233 -6.24493 -0.46968 0.445098,0
75,2,76,5,-50.7652 1.16395 -4.7109 3.67005,-235.233 -6.41365 -0.815594 0.711995,0
75,2,76,6,-50.7652 1.21522 -7.75759 5.80023,-235.233 -6.69619 -0.84442 0.775629,0
75,3,76,3,-51.6648 1.25266 3.41991 -1.91935,-235.257 -6.47884 1.13872 -0.656904,0
75,3,76,4,-51.6648 1.23844 0.654058 -0.00451099,-235.257 -6.40529 0.0884055 0.0721287,0
75,3,76,5,-51.6648 1.24768 -2.20224 1.97732,-235.257 -6.45305 -0.613454 0.574007,0
75,3,76,6,-51.6648 1.27986 -5.15895 4.03662,-235.257 -6.61948 -0.980114 0.859361,0
75,3,76,7,-51.6648 1.33332 -8.21996 6.17893,-235.257 -6.896 -1.04277 0.950805,0
75,4,76,4,-52.5645 1.37055 2.97538 -1.55827,-235.282 -6.67691 0.975163 -0.518264,0
75,4,76,5,-52.5645 1.35673 0.204806 0.360882,-235.282 -6.60959 -0.0676245 0.209471,0
75,4,76,6,-52.5645 1.36694 -2.65971 2.34995,-235.282 -6.65934 -0.776191 0.720049,0
75,4,76,7,-52.5645 1.40066 -5.6274 4.4187,-235.282 -6.82359 -1.16382 1.02419,0
75,4,76,8,-52.5645 1.45625 -8.70163 6.57211,-235.282 -7.0944 -1.25993 1.14337,0
75,5,76,5,-53.4641 1.49324 2.50977 -1.18094,-235.307 -6.87361 0.794408 -0.363792,0
75,5,76,6,-53.4641 1.47989 -0.265367 0.742326,-235.307 -6.81213 -0.242514 0.363909,0
75,5,76,7,-53.4641 1.49109 -3.1376 2.73812,-235.307 -6.86372 -0.958752 0.884,0
75,5,76,8,-53.4641 1.52633 -6.11546 4.81552,-235.307 -7.02589 -1.36757 1.20726,0
75,5,76,9,-53.4641 1.58398 -9.20181 6.97898,-235.307 -7.29127 -1.49679 1.35412,0
75,6,76,6,-54.3638 1.62073 2.0238 -0.788021,-235.332 -7.06882 0.595446 -0.192611,0
75,6,76,7,-54.3638 1.60789 -0.755697 1.13908,-235.332 -7.0128 -0.437155 0.536237,0
75,6,76,8,-54.3638 1.62011 -3.6351 3.14104,-235.332 -7.06609 -1.16196 1.0666,0
75,6,76,9,-54.3638 1.65683 -6.6223 5.22627,-235.332 -7.22628 -1.5922 1.40928,0
75,6,76,10,-54.3638 1.7165 -9.71967 7.39875,-235.332 -7.48649 -1.75421 1.58377,0
75,7,76,7,-55.2635 1.75299 1.5182 -0.380249,-235.356 -7.2624 0.377313 -0.00388361,0
75,7,76,8,-55.2635 1.7407 -1.26537 1.55037,-235.356 -7.21152 -0.6524 0.727211,0
75,7,76,9,-55.2635 1.75395 -4.15137 3.55789,-235.356 -7.26638 -1.38661 1.26856,0
75,7,76,10,-55.2635 1.79215 -7.14704 5.65013,-235.356 -7.42466 -1.83847 1.63095,0
75,8,76,8,-56.1631 1.88998 0.993759 0.0416179,-235.381 -7.45423 0.139092 0.203186,0
75,8,76,9,-56.1631 1.87831 -1.79355 1.97537,-235.381 -7.40818 -0.889062 0.937552,0
75,8,76,10,-56.1631 1.89259 -4.68552 3.98783,-235.381 -7.46451 -1.63346 1.49054,0
75,9,76,8,-57.0628 2.06867 3.14622 -1.38987,-235.406 -7.78331 1.18181 -0.485711,0
75,9,76,9,-57.0628 2.0317 0.451312 0.476779,-235.406 -7.64421 -0.120085 0.429352,0
75,9,76,10,-57.0628 2.02067 -2.33935 2.41324,-235.406 -7.6027 -1.14792 1.16794,0
76,0,77,1,-46.3159 3.24233 1.2704 -0.977731,-240.511 -5.07758 0.827874 -0.628645,0
76,0,77,2,-46.3159 3.16088 -0.657764 0.197407,-240.511 -4.95002 -0.402927 0.137486,0
76,0,77,3,-46.3159 3.15259 -2.78816 1.50161,-240.511 -4.93704 -1.30804 0.692507,0
76,0,77,4,-46.3159 3.21803 -5.09942 2.91296,-240.511 -5.03953 -1.87496 1.0248,0
76,0,77,5,-46.3159 3.35289 -7.94625 4.79045,-240.511 -5.25072 -2.22442 1.24834,0
76,1,77,2,-47.1811 1.94929 4.26075 -2.64428,-240.759 -5.79596 2.25218 -1.42394,0
76,1,77,3,-47.1811 1.90201 2.27 -1.44074,-240.759 -5.6554 0.9737 -0.623141,0
76,1,77,4,-47.1811 1.89742 0.14546 -0.146084,-240.759 -5.64175 0.0467979 -0.0470077,0
76,1,77,5,-47.1811 1.93581 -2.47017 1.59668,-240.759 -5.7559 -0.621113 0.397947,0
76,1,77,6,-47.1811 2.01474 -5.67031 3.88341,-240.759 -5.99057 -1.09004 0.764429,0
76,2,77,3,-48.0464 1.97817 4.62851 -3.01017,-241.007 -5.88184 2.3931 -1.56837,0
76,2,77,4,-48.0464 1.93184 2.64058 -1.81039,-241.007 -5.74408 1.09786 -0.748002,0
76,2,77,5,-48.0464 1.92755 0.149671 -0.149671,-241.007 -5.73133 0.0481803 -0.0481803,1
76,2,77,6,-48.0464 1.96559 -2.91961 2.04709,-241.007 -5.84443 -0.782499 0.558479,0
76,2,77,7,-48.0464 2.04358 -6.12734 4.34236,-241.007 -6.07633 -1.30481 0.975583,0
76,3,77,4,-48.9116 2.2274 4.57574 -3.17588,-241.254 -5.88914 2.35682 -1.61417,0
76,3,77,5,-48.9116 2.177 2.215 -1.59922,-241.254 -5.75588 0.942779 -0.670498,0
76,3,77,6,-48.9116 2.17257 -0.728766 0.514496,-241.254 -5.74417 -0.262856 0.186321,0
76,3,77,7,-48.9116 2.2144 -3.80685 2.71628,-241.254 -5.85476 -1.14062 0.837556,0
76,3,77,8,-48.9116 2.29996 -7.035 5.02439,-241.254 -6.08096 -1.72313 1.30915,0
76,4,77,5,-49.7768 2.47991 4.13628 -2.95817,-241.502 -5.88603 2.16928 -1.51911,0
76,4,77,6,-49.7768 2.42568 1.3217 -0.923839,-241.502 -5.7573 0.605292 -0.420966,0
76,4,77,7,-49.7768 2.42117 -1.61428 1.18217,-241.502 -5.7466 -0.635029 0.471544,0
76,4,77,8,-49.7768 2.46666 -4.69733 3.38525,-241.502 -5.85458 -1.56049 1.16787,0
76,4,77,9,-49.7768 2.5595 -7.94106 5.70167,-241.502 -6.07492 -2.2041 1.6947,0
76,5,77,6,-50.6421 2.73526 3.21341 -2.25991,-241.75 -5.87227 1.7929 -1.24587,0
76,5,77,7,-50.6421 2.67742 0.422682 -0.245813,-241.75 -5.7481 0.20572 -0.119975,0
76,5,77,8,-50.6421 2.67289 -2.50258 1.8495,-241.75 -5.73837 -1.06922 0.808124,0
76,5,77,9,-50.6421 2.72193 -5.5867 4.0501,-241.75 -5.84366 -2.04266 1.54974,0
76,5,77,10,-50.6421 2.82176 -8.84114 6.37024,-241.75 -6.05797 -2.7479 2.13217,0
76,6,77,7,-51.5073 2.993 2.28706 -1.56054,-241.998 -5.84763 1.35285 -0.919827,0
76,6,77,8,-51.5073 2.93179 -0.477722 0.430975,-241.998 -5.72804 -0.256745 0.233059,0
76,6,77,9,-51.5073 2.92729 -3.3893 2.51258,-241.998 -5.71925 -1.56599 1.19639,0
76,6,77,10,-51.5073 2.97976 -6.47056 4.70689,-241.998 -5.82175 -2.58739 1.98319,0
76,6,77,11,-51.5073 3.08629 -9.73081 7.02613,-241.998 -6.02989 -3.3544 2.62122,0
76,7,77,8,-52.3725 3.25268 1.36164 -0.864041,-242.245 -5.81193 0.848457 -0.540515,0
76,7,77,9,-52.3725 3.18832 -1.37509 1.10257,-242.245 -5.69693 -0.782585 0.63841,0
76,7,77,10,-52.3725 3.1839 -4.27002 3.16745,-242.245 -5.68903 -2.12555 1.63636,0
76,7,77,11,-52.3725 3.23966 -7.34448 5.35166,-242.245 -5.78867 -3.19456 2.4679,0
76,8,77,9,-53.2378 3.51382 0.441635 -0.174429,-242.493 -5.76498 0.279374 -0.107762,0
76,8,77,10,-53.2378 3.44653 -2.26495 1.76497,-242.493 -5.65457 -1.37195 1.09604,0
76,8,77,11,-53.2378 3.44224 -5.14028 3.81011,-242.493 -5.64753 -2.74779 2.12773,0
76,9,77,9,-54.103 3.90832 2.05832 -1.32038,-242.741 -5.90666 1.57718 -1.01615,0
76,9,77,10,-54.103 3.77595 -0.46841 0.504238,-242.741 -5.70661 -0.354411 0.37828,0
76,9,77,11,-54.103 3.70594 -3.1428 2.41416,-242.741 -5.60081 -2.02464 1.60558,0
76,10,77,9,-54.9682 4.37261 3.48156 -2.34267,-242.989 -6.1029 3.061 -2.05599,0
76,10,77,10,-54.9682 4.17614 1.11858 -0.617703,-242.989 -5.82869 0.885754 -0.492071,0
76,10,77,11,-54.9682 4.03858 -1.36393 1.16788,-242.989 -5.6367 -1.05256 0.917131,0
77,0,78,2,-41.9464 5.38096 2.14807 -2.88113,-245.052 -8.62995 0.239708 -0.655628,0
77,0,78,3,-41.9464 5.26945 -0.183412 -1.32108,-245.052 -8.45112 -0.843666 0.0745032,0
77,0,78,4,-41.9464 5.19933 -2.6075 0.290195,-245.052 -8.33866 -1.7172 0.661167,0
77,0,78,5,-41.9464 5.17228 -5.12611 1.95292,-245.052 -8.29527 -2.37214 1.09831,0
77,0,78,6,-41.9464 5.18897 -7.7389 3.66607,-245.052 -8.32204 -2.80491 1.38344,0
77,1,78,3,-42.7809 4.73213 3.39051 -3.52321,-245.39 -8.8132 0.935564 -1.00554,0
77,1,78,4,-42.7809 4.63143 1.03489 -1.94982,-245.39 -8.62565 -0.168139 -0.263785,0
77,1,78,5,-42.7809 4.56835 -1.40537 -0.329417,-245.39 -8.50816 -1.05328 0.329455,0
77,1,78,6,-42.7809 4.54444 -3.9319 1.33807,-245.39 -8.46364 -1.71055 0.767795,0
77,1,78,7,-42.7809 4.56033 -6.54419 3.05153,-245.39 -8.49324 -2.13621 1.04864,0
77,2,78,4,-43.6154 4.08253 4.63212 -4.16367,-245.727 -8.94935 1.53657 -1.30768,0
77,2,78,5,-43.6154 3.99327 2.25105 -2.57628,-245.727 -8.75368 0.413674 -0.55486,0
77,2,78,6,-43.6154 3.93757 -0.206089 -0.946381,-245.727 -8.63158 -0.482246 0.0445455,0
77,2,78,7,-43.6154 3.91685 -2.74061 0.725918,-245.727 -8.58617 -1.14132 0.483794,0
77,2,78,8,-43.6154 3.93168 -5.35185 2.43939,-245.727 -8.61866 -1.55964 0.760206,0
77,3,78,5,-44.4499 3.43548 5.86621 -4.79917,-246.064 -9.0391 2.04414 -1.5628,0
77,3,78,6,-44.4499 3.35827 3.45846 -3.19715,-246.064 -8.83595 0.903273 -0.799484,0
77,3,78,7,-44.4499 3.31027 0.983779 -1.55741,-246.064 -8.70967 -0.00255891 -0.194345,0
77,3,78,8,-44.4499 3.29276 -1.55878 0.119715,-246.064 -8.66361 -0.662894 0.245522,0
77,3,78,9,-44.4499 3.30623 -4.23672 1.90125,-246.064 -8.69905 -1.07739 0.521051,0
77,4,78,6,-45.2843 2.79421 7.08633 -5.42649,-246.401 -9.08339 2.46017 -1.77184,0
77,4,78,7,-45.2843 2.72962 4.6507 -3.80921,-246.401 -8.87343 1.30262 -0.998653,0
77,4,78,8,-45.2843 2.68963 2.15787 -2.15932,-246.401 -8.74342 0.387783 -0.38823,0
77,4,78,9,-45.2843 2.67534 -0.45956 -0.41054,-246.401 -8.69696 -0.276895 0.0555779,0
77,4,78,10,-45.2843 2.68715 -5.06655 3.30169,-246.401 -8.73537 -1.00502 0.647712,0
77,5,78,7,-46.1188 2.74529 7.11934 -5.45904,-246.738 -8.92436 2.469 -1.77699,0
77,5,78,8,-46.1188 2.67999 4.68248 -3.83981,-246.738 -8.71208 1.3037 -0.998374,0
77,5,78,9,-46.1188 2.63972 2.1221 -2.1221,-246.738 -8.58116 0.381902 -0.381902,1
77,5,78,10,-46.1188 2.62563 -2.38375 1.5149,-246.738 -8.53536 -0.595255 0.375044,0
77,6,78,8,-46.9533 3.37266 5.79735 -4.81287,-247.075 -8.52812 2.00287 -1.54439,0
77,6,78,9,-46.9533 3.29006 3.32669 -3.14255,-247.075 -8.31925 0.837661 -0.762462,0
77,6,78,10,-46.9533 3.23932 -1.07493 0.426859,-247.075 -8.19096 -0.390064 0.162565,0
77,7,78,8,-47.7878 4.09108 6.8557 -5.75517,-247.412 -8.36707 2.83476 -2.20021,0
77,7,78,9,-47.7878 3.95535 4.49617 -4.14285,-247.412 -8.08947 1.44783 -1.2653,0
77,7,78,10,-47.7878 3.85554 0.204355 -0.634162,-247.412 -7.88534 -0.0196061 -0.176399,0
77,8,78,8,-48.6222 4.8468 7.83467 -6.65538,-247.749 -8.21672 3.77103 -2.94972,0
77,8,78,9,-48.6222 4.64969 5.60245 -5.10899,-247.749 -7.88255 2.19215 -1.87942,0
77,8,78,10,-48.6222 4.49064 1.42111 -1.65154,-247.749 -7.61293 0.505886 -0.63719,0
77,9,78,8,-49.4567 5.64773 8.71875 -7.50591,-248.086 -8.06164 4.77514 -3.77179,0
77,9,78,9,-49.4567 5.38383 6.62425 -6.03045,-248.086 -7.68495 3.03935 -2.58711,0
77,9,78,10,-49.4567 5.15827 2.54856 -2.61214,-248.086 -7.36298 1.16312 -1.20726,0
77,10,78,8,-50.2912 6.49783 9.50044 -8.30322,-248.424 -7.88456 5.80562 -4.64224,0
77,10,78,9,-50.2912 6.16454 7.54842 -6.90084,-248.424 -7.48014 3.95037 -3.36582,0
77,10,78,10,-50.2912 5.86826 3.56822 -3.50732,-248.424 -7.12064 1.9181 -1.86747,0
77,11,78,8,-51.1257 7.39711 10.1801 -9.0477,-248.761 -7.66759 6.81931 -5.53579,0
77,11,78,9,-51.1257 6.99432 8.37033 -7.71806,-248.761 -7.25007 4.88186 -4.19027,0
77,11,78,10,-51.1257 6.62606 4.47094 -4.33335,-248.761 -6.86834 2.72957 -2.59412,0
78,0,79,0,-35.5326 0.979642 4.60287 -4.23946,-253.75 -8.36873 -0.180858 0.231442,0
78,0,79,1,-35.5326 0.95784 1.84313 -2.35321,-253.75 -8.18249 -0.437291 0.393596,0
78,0,79,2,-35.5326 0.947162 -0.908879 -0.485812,-253.75 -8.09127 -0.413316 0.370369,0
78,0,79,3,-35.5326 0.947984 -3.65513 1.36433,-253.75 -8.09829 -0.0987458 0.154784,0
78,1,79,0,-36.4156 0.919869 7.37622 -6.0701,-253.924 -8.39222 0.405184 -0.156704,0
78,1,79,1,-36.4156 0.889199 4.60654 -4.16504,-253.924 -8.11241 -0.128192 0.188825,0
78,1,79,2,-36.4156 0.868575 1.84716 -2.28032,-253.924 -7.92425 -0.391655 0.356095,0
78,1,79,3,-36.4156 0.858721 -0.903577 -0.415022,-253.924 -7.83435 -0.364955 0.331462,0
78,1,79,4,-36.4156 0.860008 -3.64768 1.43251,-253.924 -7.84609 -0.0373987 0.107612,0
78,2,79,1,-37.2985 0.831689 7.37668 -5.99473,-254.098 -8.14011 0.470985 -0.208242,0
78,2,79,2,-37.2985 0.802594 4.60637 -4.09061,-254.098 -7.85534 -0.0785767 0.148515,0
78,2,79,3,-37.2985 0.783162 1.84732 -2.20742,-254.098 -7.66515 -0.349374 0.321093,0
78,2,79,4,-37.2985 0.774123 -0.902109 -0.344242,-254.098 -7.57668 -0.319603 0.294813,0
78,2,79,5,-37.2985 0.775839 -3.64397 1.50061,-254.098 -7.59347 0.021966 0.0620027,0
78,3,79,2,-38.1815 0.747311 7.37338 -5.9194,-254.273 -7.88761 0.534778 -0.258159,0
78,3,79,3,-38.1815 0.719832 4.60235 -4.01618,-254.273 -7.59758 -0.0318449 0.110399,0
78,3,79,4,-38.1815 0.70161 1.8436 -2.1345,-254.273 -7.40525 -0.310318 0.288502,0
78,3,79,5,-38.1815 0.693373 -0.904469 -0.273482,-254.273 -7.31831 -0.277099 0.260315,0
78,3,79,6,-38.1815 0.695478 -3.64398 1.56863,-254.273 -7.34052 0.0796134 0.0177794,0
78,4,79,3,-39.0644 0.666736 7.36634 -5.84414,-254.447 -7.63481 0.596828 -0.306635,0
78,4,79,4,-39.0644 0.64092 4.59449 -3.94176,-254.447 -7.33919 0.0121769 0.0743613,0
78,4,79,5,-39.0644 0.623924 1.83602 -2.06158,-254.447 -7.14457 -0.274354 0.258235,0
78,4,79,6,-39.0644 0.616478 -0.91065 -0.202756,-254.447 -7.0593 -0.237275 0.227853,0
78,4,79,7,-39.0644 0.618926 -3.64769 1.63654,-254.447 -7.08734 0.135829 -0.0252497,0
78,5,79,4,-39.9473 0.589965 7.35557 -5.76895,-254.622 -7.3818 0.657418 -0.353858,0
78,5,79,5,-39.9473 0.565862 4.5828 -3.86736,-254.622 -7.08023 0.0536688 0.0402799,0
78,5,79,6,-39.9473 0.550113 1.82457 -1.98867,-254.622 -6.88316 -0.241352 0.230202,0
78,5,79,7,-39.9473 0.543443 -0.920649 -0.132071,-254.622 -6.79971 -0.199956 0.197312,0
78,5,79,8,-39.9473 0.546185 -3.65509 1.70434,-254.622 -6.83401 0.190921 -0.0672911,0
78,6,79,5,-40.8303 0.516996 7.3411 -5.69386,-254.796 -7.12869 0.716854 -0.400034,0
78,6,79,6,-40.8303 0.494663 4.56729 -3.793,-254.796 -6.82075 0.0928185 0.00802921,0
78,6,79,7,-40.8303 0.480182 1.80926 -1.91578,-254.796 -6.62108 -0.21118 0.204315,0
78,6,79,8,-40.8303 0.474272 -0.93446 -0.0614396,-254.796 -6.53958 -0.164963 0.16857,0
78,6,79,9,-40.8303 0.477251 -3.66615 1.77199,-254.796 -6.58067 0.245224 -0.10857,0
78,7,79,6,-41.7132 0.447826 7.32295 -5.61889,-254.97 -6.87558 0.775468 -0.445384,0
78,7,79,7,-41.7132 0.427326 4.54796 -3.71869,-254.97 -6.56083 0.129823 -0.0225232,0
78,7,79,8,-41.7132 0.414137 1.79009 -1.84292,-254.97 -6.35835 -0.183705 0.180484,0
78,7,79,9,-41.7132 0.408969 -0.952069 0.00912335,-254.97 -6.279 -0.132105 0.141499,0
78,7,79,10,-41.7132 0.412122 -3.63293 1.79154,-254.97 -6.32741 0.287806 -0.13803,0
78,8,79,7,-42.5962 0.382452 7.30116 -5.54407,-255.145 -6.6226 0.833623 -0.490152,0
78,8,79,8,-42.5962 0.363853 4.52484 -3.64444,-255.145 -6.30053 0.16489 -0.0515171,0
78,8,79,9,-42.5962 0.351985 1.76707 -1.77009,-255.145 -6.09502 -0.158795 0.158621,0
78,8,79,10,-42.5962 0.347537 -0.927901 0.0340369,-255.145 -6.01801 -0.111929 0.126711,0
78,9,79,8,-43.4791 0.367711 7.18205 -5.42257,-255.319 -6.36733 0.886652 -0.532072,0
78,9,79,9,-43.4791 0.348664 4.40909 -3.52585,-255.319 -6.03753 0.19344 -0.0767,0
78,9,79,10,-43.4791 0.336612 1.69856 -1.69856,-255.319 -5.82882 -0.151361 0.151361,1
78,10,79,8,-44.362 1.76744 7.07735 -5.83465,-255.494 -6.3264 1.5131 -1.02505,0
78,10,79,9,-44.362 1.64757 4.47772 -4.01046,-255.494 -5.89736 0.509857 -0.35887,0
78,10,79,10,-44.362 1.55643 1.89513 -2.23201,-255.494 -5.57111 -0.19617 0.112864,0
79,0,80,0,-34.1896 -2.56179 2.27731 -2.59116,-262.068 -8.12745 -1.54926 1.65493,0
79,0,80,1,-34.1896 -2.56197 -0.369658 -0.774232,-262.068 -8.12804 -0.363819 0.817531,0
79,0,80,2,-34.1896 -2.59057 -2.9027 0.957178,-262.068 -8.21877 1.07052 -0.178631,0
79,1,80,0,-35.0849 -2.44882 4.62213 -4.15365,-261.976 -7.98485 -2.23504 2.10615,0
79,1,80,1,-35.0849 -2.42164 1.86196 -2.2509,-261.976 -7.89622 -1.30098 1.43091,0
79,1,80,2,-35.0849 -2.42306 -0.778362 -0.43938,-261.976 -7.90085 -0.112377 0.594386,0
79,2,80,0,-35.9802 -2.36536 7.09033 -5.81004,-261.884 -7.93197 -2.67166 2.39792,0
79,2,80,1,-35.9802 -2.31139 4.21454 -3.81843,-261.884 -7.751 -1.99573 1.88848,0
79,2,80,2,-35.9802 -2.28527 1.46063 -1.92088,-261.884 -7.66339 -1.06824 1.22082,0
79,2,80,3,-35.9802 -2.28794 -1.17269 -0.115109,-261.884 -7.67234 0.124605 0.384388,0
79,3,80,0,-36.8755 -2.31 9.68088 -7.56065,-261.792 -7.97191 -2.85099 2.52522,0
79,3,80,1,-36.8755 -2.23083 6.69116 -5.48033,-261.792 -7.69869 -2.43102 2.17949,0
79,3,80,2,-36.8755 -2.17775 3.82106 -3.49354,-261.792 -7.51551 -1.77207 1.6848,0
79,3,80,3,-36.8755 -2.15269 1.07378 -1.60155,-261.792 -7.42902 -0.850627 1.02433,0
79,3,80,4,-36.8755 -2.15662 -1.55222 0.198165,-261.792 -7.44261 0.347624 0.187121,0
79,4,80,1,-37.7707 -2.17848 9.29066 -7.23689,-261.7 -7.74252 -2.59841 2.29874,0
79,4,80,2,-37.7707 -2.1001 6.30618 -5.16102,-261.7 -7.46394 -2.20551 1.97472,0
79,4,80,3,-37.7707 -2.0479 3.44214 -3.1794,-261.7 -7.27842 -1.56366 1.4948,0
79,4,80,4,-37.7707 -2.02391 0.701834 -1.29331,-261.7 -7.19317 -0.647729 0.841067,0
79,4,80,5,-37.7707 -2.02914 -1.91652 0.500036,-261.7 -7.21173 0.557202 0.00214787,0
79,5,80,2,-38.666 -2.0508 8.9147 -6.92355,-261.608 -7.51202 -2.35979 2.08512,0
79,5,80,3,-38.666 -1.9732 5.93584 -4.85251,-261.608 -7.22778 -1.9947 1.78323,0
79,5,80,4,-38.666 -1.92188 3.0782 -2.87643,-261.608 -7.03979 -1.37012 1.31812,0
79,5,80,5,-38.666 -1.89897 0.345216 -0.996575,-261.608 -6.95588 -0.45911 0.670646,0
79,5,80,6,-38.666 -1.9055 -2.26517 0.79011,-261.608 -6.97979 0.753889 -0.170992,0
79,6,80,3,-39.5613 -1.92696 8.55344 -6.62106,-261.516 -7.28052 -2.13461 1.88392,0
79,6,80,4,-39.5613 -1.85013 5.58056 -4.55523,-261.516 -6.99026 -1.79814 1.60464,0
79,6,80,5,-39.5613 -1.79969 2.72967 -2.58502,-261.516 -6.79966 -1.19105 1.1544,0
79,6,80,6,-39.5613 -1.77787 0.00433756 -0.711736,-261.516 -6.71721 -0.284315 0.512675,0
79,6,80,7,-39.5613 -1.78572 -2.59778 1.06801,-261.516 -6.74689 0.938273 -0.332786,0
79,7,80,4,-40.4566 -1.80699 8.2073 -6.32983,-261.424 -7.04812 -1.92231 1.6947,0
79,7,80,5,-40.4566 -1.73093 5.24076 -4.26958,-261.424 -6.75145 -1.61539 1.43857,0
79,7,80,6,-40.4566 -1.68135 2.39696 -2.30559,-261.424 -6.55807 -1.02602 1.00327,0
79,7,80,7,-40.4566 -1.66062 -0.320403 -0.439176,-261.424 -6.47723 -0.122874 0.366742,0
79,7,80,8,-40.4566 -1.66983 -2.91396 1.33336,-261.424 -6.51314 1.11097 -0.483747,0
79,8,80,5,-41.3519 -1.69089 7.87669 -6.05026,-261.332 -6.81491 -1.7223 1.51697,0
79,8,80,6,-41.3519 -1.61559 4.91686 -3.99595,-261.332 -6.51141 -1.44595 1.28458,0
79,8,80,7,-41.3519 -1.56687 2.08045 -2.03849,-261.332 -6.31507 -0.874606 0.864343,0
79,8,80,8,-41.3519 -1.54726 -0.62862 -0.179263,-261.332 -6.236 0.0257014 0.232421,0
79,8,80,9,-41.3519 -1.55784 -3.07528 1.44775,-261.332 -6.27865 1.19087 -0.542654,0
79,9,80,6,-42.2472 -1.5787 7.56202 -5.78272,-261.24 -6.58102 -1.53394 1.35021,0
79,9,80,7,-42.2472 -1.50414 4.60923 -3.73471,-261.24 -6.27022 -1.28934 1.14226,0
79,9,80,8,-42.2472 -1.45628 1.78054 -1.78411,-261.24 -6.0707 -0.736364 0.737222,0
79,9,80,9,-42.2472 -1.43778 -0.788396 -0.0639002,-261.24 -5.99358 0.0840176 0.187171,0
79,9,80,10,-42.2472 -1.44977 -1.57685 -0.0936876,-261.24 -6.04354 -0.194857 0.863464,0
79,10,80,7,-43.1425 -1.51967 7.36219 -5.57685,-261.148 -6.33496 -1.37978 1.20548,0
79,10,80,8,-43.1425 -1.44338 4.41183 -3.53301,-261.148 -6.01692 -1.16707 1.02218,0
79,10,80,9,-43.1425 -1.39479 1.71561 -1.71561,-261.148 -5.81436 -0.707734 0.707734,1
79,10,80,10,-43.1425 -1.37684 0.717431 -1.56561,-261.148 -5.73952 -1.27213 1.54474,0
80,0,81,0,-37.0652 -5.58275 0.997979 -1.09983,-270.089 -6.04683 -1.25318 1.34883,0
80,0,81,1,-37.0652 -5.66918 -0.956168 0.23777,-270.089 -6.14044 0.874836 -0.123594,0
80,0,81,2,-37.0652 -5.81872 -2.71784 1.44601,-270.089 -6.30241 3.19681 -1.72161,0
80,1,81,0,-37.8955 -5.24781 2.58643 -2.19299,-269.742 -5.9748 -2.59166 2.26782,0
80,1,81,1,-37.8955 -5.27082 0.433512 -0.720049,-269.742 -6.00099 -0.657372 0.921707,0
80,1,81,2,-37.8955 -5.35994 -1.51211 0.611725,-269.742 -6.10246 1.48503 -0.557241,0
80,2,81,0,-38.7257 -4.98084 4.39023 -3.43354,-269.395 -5.96284 -3.75802 3.07477,0
80,2,81,1,-38.7257 -4.93932 2.02912 -1.81693,-269.395 -5.91314 -2.03633 1.86536,0
80,2,81,2,-38.7257 -4.96495 -0.115756 -0.349392,-269.395 -5.94383 -0.0978527 0.519557,0
80,3,81,0,-39.5559 -4.78099 6.41335 -4.82629,-269.047 -6.02104 -4.72839 3.75589,0
80,3,81,1,-39.5559 -4.67631 3.84204 -3.06262,-269.047 -5.88921 -3.23173 2.68939,0
80,3,81,2,-39.5559 -4.63729 1.48785 -1.45044,-269.047 -5.84006 -1.51773 1.48822,0
80,3,81,3,-39.5559 -4.66555 -0.648536 0.011237,-269.047 -5.87566 0.426235 0.141834,0
80,4,81,0,-40.3861 -4.64452 8.651 -6.37018,-268.7 -6.15676 -5.48627 4.30204,0
80,4,81,1,-40.3861 -4.48086 5.87636 -4.46218,-268.7 -5.93981 -4.21826 3.37907,0
80,4,81,2,-40.3861 -4.3786 3.31066 -2.7017,-268.7 -5.80427 -2.74209 2.32933,0
80,4,81,3,-40.3861 -4.3421 0.963905 -1.09443,-268.7 -5.75587 -1.03508 1.13591,0
80,4,81,4,-40.3861 -4.37298 -1.16357 0.360951,-268.7 -5.79682 0.915808 -0.212049,0
80,5,81,1,-41.2164 -4.3489 8.12676 -6.0143,-268.352 -6.0725 -4.97887 3.9249,0
80,5,81,2,-41.2164 -4.18784 5.35687 -4.10845,-268.352 -5.84761 -3.74393 3.02706,0
80,5,81,3,-41.2164 -4.08807 2.79734 -2.35167,-268.352 -5.7083 -2.28829 1.99409,0
80,5,81,4,-41.2164 -4.05411 0.458527 -0.749786,-268.352 -5.66088 -0.587521 0.807891,0
80,5,81,5,-41.2164 -4.08761 -1.65962 0.698881,-268.352 -5.70765 1.37184 -0.542718,0
80,6,81,2,-42.0466 -4.06065 7.62062 -5.66917,-268.005 -5.97784 -4.50569 3.5716,0
80,6,81,3,-42.0466 -3.90231 4.85614 -3.76599,-268.005 -5.74475 -3.30456 2.69936,0
80,6,81,4,-42.0466 -3.80509 2.30332 -2.01338,-268.005 -5.60162 -1.86951 1.68316,0
80,6,81,5,-42.0466 -3.7737 -0.0270647 -0.417355,-268.005 -5.55541 -0.174161 0.503593,0
80,6,81,6,-42.0466 -3.80978 -2.13549 1.02418,-268.005 -5.60853 1.79537 -0.850842,0
80,7,81,3,-42.8768 -3.78012 7.13382 -5.33564,-267.657 -5.87316 -4.06577 3.24152,0
80,7,81,4,-42.8768 -3.62462 4.37536 -3.43566,-267.657 -5.63155 -2.89927 2.3954,0
80,7,81,5,-42.8768 -3.53 1.82979 -1.68769,-267.657 -5.48454 -1.48489 1.39599,0
80,7,81,6,-42.8768 -3.5012 -0.491682 -0.0979854,-267.657 -5.4398 0.205935 0.222415,0
80,7,81,7,-42.8768 -3.53985 -2.47059 1.21659,-267.657 -5.49984 2.06009 -1.00972,0
80,8,81,4,-43.707 -3.50764 6.66751 -5.01456,-267.31 -5.75881 -3.65808 2.93403,0
80,8,81,5,-43.707 -3.35509 3.91571 -3.11829,-267.31 -5.50835 -2.52713 2.1146,0
80,8,81,6,-43.707 -3.26314 1.37793 -1.37543,-267.31 -5.35739 -1.13352 1.132,0
80,8,81,7,-43.707 -3.23695 -0.820542 0.0938779,-267.31 -5.3144 0.432532 0.0849473,0
80,8,81,8,-43.707 -3.27812 -2.3788 0.990326,-267.31 -5.38198 1.80884 -0.661796,0
80,9,81,5,-44.5373 -3.3823 6.50039 -4.84552,-266.962 -5.55303 -3.44591 2.7306,0
80,9,81,6,-44.5373 -3.22643 3.74308 -2.94707,-266.962 -5.29713 -2.34395 1.93472,0
80,9,81,7,-44.5373 -3.13339 1.31596 -1.31596,-266.962 -5.14437 -1.08408 1.08408,1
80,9,81,8,-44.5373 -3.10883 -0.488268 -0.239274,-266.962 -5.10404 0.0169514 0.504698,0
80,9,81,9,-44.5373 -3.15433 -2.09253 0.707521,-266.962 -5.17876 1.38724 -0.228889,0
80,10,81,6,-45.3675 -4.92125 9.66724 -6.34618,-266.615 -3.87176 -6.19705 4.01499,0
80,10,81,7,-45.3675 -4.68037 6.85015 -4.47294,-266.615 -3.68224 -5.09673 3.28715,0
80,10,81,8,-45.3675 -4.53801 4.69829 -3.16642,-266.615 -3.57025 -4.2133 2.8537,0
80,10,81,9,-45.3675 -4.50355 2.80965 -2.01521,-266.615 -3.54313 -3.09638 2.27165,0
80,10,81,10,-45.3675 -4.57941 1.21286 -1.04555,-266.615 -3.60281 -1.76992 1.56686,0
81,0,82,0,-42.7498 -6.41271 -0.239486 -0.0458525,-276.041 -4.19678 0.273822 0.198451,0
81,0,82,1,-42.7498 -6.5289 -1.49968 0.818939,-276.041 -4.27282 2.89169 -1.60292,0
81,0,82,2,-42.7498 -6.72789 -2.51387 1.52052,-276.041 -4.40304 5.66647 -3.50703,0
81,1,82,0,-43.4528 -6.0567 0.887716 -0.826086,-275.479 -4.19895 -1.52495 1.43741,0
81,1,82,1,-43.4528 -6.08985 -0.624637 0.207825,-275.479 -4.22194 0.93803 -0.262128,0
81,1,82,2,-43.4528 -6.21153 -1.86921 1.06248,-275.479 -4.30629 3.57159 -2.07088,0
81,2,82,0,-44.1558 -5.78718 2.28102 -1.78593,-274.917 -4.24528 -3.19496 2.59177,0
81,2,82,1,-44.1558 -5.73327 0.499483 -0.5699,-274.917 -4.20574 -0.907022 1.00474,0
81,2,82,2,-44.1558 -5.77084 -1.00064 0.456193,-274.917 -4.23329 1.56045 -0.694722,0
81,3,82,0,-44.8588 -5.60639 3.95246 -2.93519,-274.355 -4.34758 -4.70929 3.64641,0
81,3,82,1,-44.8588 -5.46499 1.8953 -1.53102,-274.355 -4.23793 -2.61093 2.17886,0
81,3,82,2,-44.8588 -5.41409 0.121166 -0.319389,-274.355 -4.19846 -0.331759 0.600667,0
81,3,82,3,-44.8588 -5.45621 -1.36583 0.69813,-274.355 -4.23112 2.14181 -1.09979,0
81,4,82,0,-45.5617 -5.5122 5.90133 -4.27527,-273.793 -4.51528 -6.04752 4.59037,0
81,4,82,1,-45.5617 -5.28731 3.57554 -2.68597,-273.793 -4.33107 -4.1448 3.24388,0
81,4,82,2,-45.5617 -5.14747 1.52036 -1.28223,-273.793 -4.21652 -2.06969 1.79467,0
81,4,82,3,-45.5617 -5.09967 -0.245611 -0.0756447,-273.793 -4.17737 0.201486 0.224803,0
81,4,82,4,-45.5617 -5.1465 -1.71855 0.932523,-273.793 -4.21572 2.68294 -1.47785,0
81,5,82,1,-46.2647 -5.1978 5.539 -4.03597,-273.231 -4.49491 -5.4874 4.18835,0
81,5,82,2,-46.2647 -4.97336 3.21048 -2.44347,-273.231 -4.30083 -3.62226 2.86957,0
81,5,82,3,-46.2647 -4.83513 1.15781 -1.04064,-273.231 -4.18129 -1.57063 1.43885,0
81,5,82,4,-46.2647 -4.79056 -0.599246 0.160251,-273.231 -4.14274 0.693426 -0.123293,0
81,5,82,5,-46.2647 -4.84224 -1.97125 1.07234,-273.231 -4.18744 3.03789 -1.68261,0
81,6,82,2,-46.9677 -4.88901 5.18976 -3.80414,-272.669 -4.46151 -4.96734 3.81335,0
81,6,82,3,-46.9677 -4.66506 2.85887 -2.20878,-272.669 -4.25715 -3.14095 2.52305,0
81,6,82,4,-46.9677 -4.52848 0.809197 -0.807293,-272.669 -4.13251 -1.11306 1.11097,0
81,6,82,5,-46.9677 -4.48724 -0.856618 0.30569,-272.669 -4.09488 1.00549 -0.304751,0
81,6,82,6,-46.9677 -4.54395 -2.10198 1.09617,-272.669 -4.14663 3.16709 -1.67416,0
81,7,82,3,-47.6707 -4.7026 5.08773 -3.69713,-272.107 -4.29141 -4.73448 3.58886,0
81,7,82,4,-47.6707 -4.47351 2.74345 -2.09354,-272.107 -4.08234 -2.93607 2.32184,0
81,7,82,5,-47.6707 -4.3352 0.76919 -0.76919,-272.107 -3.95613 -1.05956 1.05956,1
81,7,82,6,-47.6707 -4.29645 -0.78541 0.235071,-272.107 -3.92077 0.875022 -0.169925,0
81,7,82,7,-47.6707 -4.35993 -2.01941 1.02095,-272.107 -3.9787 3.05508 -1.55161,0
81,8,82,4,-48.3736 -4.91451 5.78532 -3.99144,-271.545 -3.63846 -5.48087 3.86077,0
81,8,82,5,-48.3736 -4.65917 3.46355 -2.4366,-271.545 -3.44942 -3.7944 2.72571,0
81,8,82,6,-48.3736 -4.50663 1.5582 -1.19538,-271.545 -3.33649 -2.0759 1.63474,0
81,8,82,7,-48.3736 -4.46745 -0.00635387 -0.181613,-271.545 -3.30748 -0.120332 0.390605,0
81,8,82,8,-48.3736 -4.54454 -1.21385 0.591383,-271.545 -3.36455 2.06435 -0.996548,0
81,9,82,5,-49.0766 -5.04506 6.40254 -4.28673,-270.983 -2.98918 -6.36776 4.27684,0
81,9,82,6,-49.0766 -4.76469 4.12192 -2.79807,-270.983 -2.82305 -4.82056 3.30398,0
81,9,82,7,-49.0766 -4.59901 2.17323 -1.52666,-270.983 -2.72489 -3.06247 2.18818,0
81,9,82,8,-49.0766 -4.56055 0.602094 -0.505579,-270.983 -2.7021 -1.08564 0.929012,0
81,9,82,9,-49.0766 -4.65246 -0.574921 0.251752,-270.983 -2.75656 1.10026 -0.461986,0
81,10,82,6,-49.7796 -5.09753 6.96417 -4.6045,-270.421 -2.35309 -7.41133 4.86279,0
81,10,82,7,-49.7796 -4.79354 4.61153 -3.06745,-270.421 -2.21276 -5.80091 3.8525,0
81,10,82,8,-49.7796 -4.61592 2.62232 -1.76745,-270.421 -2.13077 -3.99966 2.70971,0
81,10,82,9,-49.7796 -4.57939 1.04812 -0.741387,-270.421 -2.11391 -2.00172 1.43536,0
81,10,82,10,-49.7796 -4.68725 -0.0944284 -0.00256812,-270.421 -2.1637 0.181354 0.0425277,0
82,0,83,0,-49.4479 -6.26972 0.100414 -0.174637,-279.765 -2.72382 -0.384341 0.561994,0
82,0,83,1,-49.4479 -6.32113 -0.778639 0.423353,-279.765 -2.74615 2.31929 -1.28297,0
82,0,83,2,-49.4479 -6.47817 -1.34007 0.809355,-279.765 -2.81437 5.15103 -3.21014,0
82,1,83,0,-49.9595 -6.06716 1.0939 -0.85909,-279.025 -2.82979 -2.43106 1.97424,0
82,1,83,1,-49.9595 -6.01213 -0.109199 -0.0434891,-279.025 -2.80413 0.140661 0.213191,0
82,1,83,2,-49.9595 -6.06725 -0.978121 0.548086,-279.025 -2.82984 2.84885 -1.63295,0
82,2,83,0,-50.4711 -5.97037 2.41416 -1.76454,-278.284 -2.98033 -4.35709 3.31035,0
82,2,83,1,-50.4711 -5.80807 0.880919 -0.726072,-278.284 -2.89931 -1.93076 1.63934,0
82,2,83,2,-50.4711 -5.75489 -0.318322 0.0875298,-278.284 -2.87277 0.633666 -0.115288,0
82,2,83,3,-50.4711 -5.81385 -1.17651 0.672205,-278.284 -2.90219 3.34736 -1.96321,0
82,3,83,0,-50.9827 -5.97633 4.05624 -2.88907,-277.544 -3.18445 -6.14408 4.561,0
82,3,83,1,-50.9827 -5.712 2.20515 -1.63477,-277.544 -3.0436 -3.86899 2.98141,0
82,3,83,2,-50.9827 -5.5497 0.669151 -0.593543,-277.544 -2.95712 -1.46258 1.32486,0
82,3,83,3,-50.9827 -5.49846 -0.525808 0.217714,-277.544 -2.92982 1.09487 -0.423554,0
82,3,83,4,-50.9827 -5.56137 -1.32994 0.752282,-277.544 -2.96333 3.69393 -2.15276,0
82,4,83,1,-51.4943 -5.72046 3.85758 -2.76715,-276.803 -3.24617 -5.65539 4.22992,0
82,4,83,2,-51.4943 -5.45476 1.99828 -1.50602,-276.803 -3.09539 -3.41241 2.67251,0
82,4,83,3,-51.4943 -5.29249 0.459728 -0.462199,-276.803 -3.00331 -1.02632 1.03068,0
82,4,83,4,-51.4943 -5.24327 -0.689662 0.305509,-276.803 -2.97538 1.40859 -0.595816,0
82,4,83,5,-51.4943 -5.31026 -1.44567 0.796032,-276.803 -3.01339 3.91413 -2.227,0
82,5,83,2,-52.0059 -5.5518 3.83349 -2.73259,-276.063 -3.15046 -5.48977 4.06449,0
82,5,83,3,-52.0059 -5.28057 1.95771 -1.4605,-276.063 -2.99655 -3.26562 2.52277,0
82,5,83,4,-52.0059 -5.11583 0.451548 -0.451548,-276.063 -2.90306 -1.0047 1.0047,1
82,5,83,5,-52.0059 -5.06798 -0.660662 0.280346,-276.063 -2.87591 1.33267 -0.523478,0
82,5,83,6,-52.0059 -5.14029 -1.40269 0.762209,-276.063 -2.91694 3.84756 -2.161,0
82,6,83,3,-52.5175 -5.49358 4.03071 -2.8089,-275.322 -2.85265 -5.73651 4.10931,0
82,6,83,4,-52.5175 -5.21082 2.16623 -1.55964,-275.322 -2.70582 -3.62397 2.68628,0
82,6,83,5,-52.5175 -5.04003 0.677202 -0.573879,-275.322 -2.61713 -1.45151 1.26147,0
82,6,83,6,-52.5175 -4.99269 -0.435559 0.159083,-275.322 -2.59255 0.895347 -0.273625,0
82,6,83,7,-52.5175 -5.07228 -1.15912 0.629765,-275.322 -2.63388 3.41411 -1.91472,0
82,7,83,4,-53.0291 -5.42172 4.24201 -2.91292,-274.582 -2.56394 -6.08845 4.26843,0
82,7,83,5,-53.0291 -5.1272 2.3793 -1.6772,-274.582 -2.42466 -4.06007 2.9371,0
82,7,83,6,-53.0291 -4.95028 0.870999 -0.678289,-274.582 -2.341 -1.87233 1.50204,0
82,7,83,7,-53.0291 -4.9037 -0.24157 0.0552332,-274.582 -2.31897 0.484018 -0.0399929,0
82,7,83,8,-53.0291 -4.99111 -0.944984 0.513593,-274.582 -2.36031 3.00602 -1.68432,0
82,8,83,5,-53.5407 -5.33688 4.46087 -3.03749,-273.842 -2.28492 -6.52001 4.51685,0
82,8,83,6,-53.5407 -5.03035 2.56219 -1.77781,-273.842 -2.15368 -4.46944 3.17139,0
82,8,83,7,-53.5407 -4.84723 1.03437 -0.765587,-273.842 -2.07528 -2.26582 1.7257,0
82,8,83,8,-53.5407 -4.80165 -0.0772138 -0.0320414,-273.842 -2.05577 0.0999977 0.176716,0
82,8,83,9,-53.5407 -4.89747 -0.758671 0.412762,-273.842 -2.09679 2.62452 -1.47045,0
82,9,83,6,-54.0522 -5.23977 4.65203 -3.14664,-273.101 -2.01615 -6.92483 4.74879,0
82,9,83,7,-54.0522 -4.92095 2.71646 -1.86236,-273.101 -1.89347 -4.85083 3.38845,0
82,9,83,8,-54.0522 -4.73153 1.16882 -0.836609,-273.101 -1.82059 -2.63068 1.93176,0
82,9,83,9,-54.0522 -4.68722 0.0590529 -0.103612,-273.101 -1.80354 -0.255466 0.375839,0
82,9,83,10,-54.0522 -4.79206 -0.598486 0.326298,-273.101 -1.84388 2.27077 -1.27372,0
82,10,83,7,-54.5638 -5.13112 4.81724 -3.24137,-272.361 -1.75814 -7.30181 4.96366,0
82,10,83,8,-54.5638 -4.79969 2.84374 -1.93176,-272.361 -1.64458 -5.20306 3.58768,0
82,10,83,9,-54.5638 -4.60385 1.27589 -0.892223,-272.361 -1.57748 -2.96573 2.11959,0
82,10,83,10,-54.5638 -4.5611 0.168834 -0.160384,-272.361 -1.56283 -0.581203 0.556756,0
83,0,84,0,-55.7918 -6.31279 0.5458 -0.432432,-282.311 -1.72979 -2.24689 1.87653,0
83,0,84,1,-55.7918 -6.28879 -0.146879 0.0309479,-282.311 -1.72321 0.408876 0.0904531,0
83,0,84,2,-55.7918 -6.38384 -0.478957 0.252768,-282.311 -1.74926 3.14234 -1.74069,0
83,1,84,0,-56.1243 -6.29089 1.51466 -1.09072,-281.475 -1.86248 -4.48915 3.41513,0
83,1,84,1,-56.1243 -6.14844 0.46196 -0.385776,-281.475 -1.82031 -1.9165 1.67658,0
83,1,84,2,-56.1243 -6.12542 -0.228077 0.0759359,-281.475 -1.81349 0.737825 -0.108289,0
83,1,84,3,-56.1243 -6.22316 -0.551669 0.29196,-281.475 -1.84243 3.47719 -1.94245,0
83,2,84,0,-56.4568 -6.38246 2.83194 -1.98397,-280.639 -2.03201 -6.64665 4.90582,0
83,2,84,1,-56.4568 -6.12626 1.43193 -1.04546,-280.639 -1.95044 -4.1636 3.21747,0
83,2,84,2,-56.4568 -5.98308 0.375994 -0.338007,-280.639 -1.90486 -1.5998 1.48436,0
83,2,84,3,-56.4568 -5.96108 -0.311282 0.121954,-280.639 -1.89785 1.05319 -0.299371,0
83,2,84,4,-56.4568 -6.06156 -0.621435 0.32728,-280.639 -1.92984 3.75761 -2.09553,0
83,3,84,1,-56.7892 -6.21908 2.75571 -1.94396,-279.802 -2.12058 -6.3186 4.70627,0
83,3,84,2,-56.7892 -5.96078 1.34747 -0.999319,-279.802 -2.0325 -3.85158 3.02744,0
83,3,84,3,-56.7892 -5.81689 0.288269 -0.289316,-279.802 -1.98344 -1.29679 1.29986,0
83,3,84,4,-56.7892 -5.79593 -0.391592 0.164274,-279.802 -1.97629 1.31528 -0.443089,0
83,3,84,5,-56.7892 -5.8992 -0.688211 0.358863,-279.802 -2.01151 3.9866 -2.20292,0
83,4,84,2,-57.1217 -6.09867 2.76555 -1.94704,-278.966 -2.07952 -6.25145 4.63799,0
83,4,84,3,-57.1217 -5.83641 1.34522 -0.994278,-278.966 -1.9901 -3.79022 2.96361,0
83,4,84,4,-57.1217 -5.69078 0.285092 -0.285092,-278.966 -1.94044 -1.27769 1.27769,1
83,4,84,5,-57.1217 -5.67075 -0.387777 0.162444,-278.966 -1.93361 1.29673 -0.427284,0
83,4,84,6,-57.1217 -5.77764 -0.673631 0.349882,-278.966 -1.97006 3.971 -2.18884,0
83,5,84,3,-57.4542 -6.01424 2.84748 -1.98624,-278.13 -1.93059 -6.40172 4.67926,0
83,5,84,4,-57.4542 -5.74626 1.41589 -1.02793,-278.13 -1.84457 -3.97597 3.04376,0
83,5,84,5,-57.4542 -5.59792 0.352491 -0.318185,-278.13 -1.79695 -1.49725 1.39369,0
83,5,84,6,-57.4542 -5.57876 -0.317966 0.127804,-278.13 -1.7908 1.07959 -0.313026,0
83,5,84,7,-57.4542 -5.69008 -0.591241 0.307099,-278.13 -1.82653 3.7529 -2.07434,0
83,6,84,4,-57.7866 -5.92671 2.92798 -2.02711,-277.293 -1.78546 -6.58616 4.75849,0
83,6,84,5,-57.7866 -5.65289 1.48427 -1.06252,-277.293 -1.70297 -4.19169 3.15781,0
83,6,84,6,-57.7866 -5.50179 0.412912 -0.347579,-277.293 -1.65745 -1.70716 1.50402,0
83,6,84,7,-57.7866 -5.48355 -0.254944 0.0967385,-277.293 -1.65195 0.872057 -0.204412,0
83,6,84,8,-57.7866 -5.59949 -0.515102 0.267526,-277.293 -1.68688 3.54418 -1.96534,0
83,7,84,5,-58.1191 -5.83621 3.00702 -2.06948,-276.457 -1.64419 -6.8017 4.8727,0
83,7,84,6,-58.1191 -5.55641 1.54611 -1.09369,-276.457 -1.56536 -4.39775 3.26619,0
83,7,84,7,-58.1191 -5.40249 0.4666 -0.373406,-276.457 -1.522 -1.90726 1.60861,0
83,7,84,8,-58.1191 -5.38525 -0.198458 0.0691103,-276.457 -1.51714 0.674278 -0.101513,0
83,7,84,9,-58.1191 -5.50598 -0.444926 0.231005,-276.457 -1.55116 3.34497 -1.86192,0
83,8,84,6,-58.4516 -5.74289 3.08026 -2.1089,-275.621 -1.50685 -7.00777 4.98136,0
83,8,84,7,-58.4516 -5.45695 1.60168 -1.12156,-275.621 -1.43182 -4.59401 3.36884,0
83,8,84,8,-58.4516 -5.30014 0.513802 -0.395796,-275.621 -1.39068 -2.09743 1.70739,0
83,8,84,9,-58.4516 -5.28397 -0.148251 0.0447805,-275.621 -1.38644 0.486381 -0.00439564,0
83,8,84,10,-58.4516 -5.4097 -0.380424 0.197376,-275.621 -1.41943 3.15538 -1.76413,0
83,9,84,7,-58.784 -5.64685 3.14802 -2.14552,-274.784 -1.37349 -7.20425 5.08441,0
83,9,84,8,-58.784 -5.35462 1.65125 -1.14629,-274.784 -1.30241 -4.78035 3.4657,0
83,9,84,9,-58.784 -5.19486 0.554768 -0.414883,-274.784 -1.26355 -2.27752 1.80028,0
83,9,84,10,-58.784 -5.17983 -0.104061 0.0236088,-274.784 -1.25989 0.308501 0.0868709,0
83,10,84,8,-59.1165 -5.54826 3.21059 -2.17953,-273.948 -1.24416 -7.39106 5.18181,0
83,10,84,9,-59.1165 -5.24956 1.69509 -1.16804,-273.948 -1.17718 -4.95666 3.5567,0
83,10,84,10,-59.1165 -5.08676 0.58975 -0.430801,-273.948 -1.14067 -2.44741 1.88722,0
84,0,85,0,-61.9912 -15.6523 -0.118667 0.0765803,-284.411 -1.42631 -1.02467 1.60535,0
84,0,85,1,-61.9912 -15.6335 -0.175817 0.111138,-284.411 -1.42459 1.8042 -0.325247,0
84,0,85,2,-61.9912 -15.666 -0.0799735 0.0440406,-284.411 -1.42756 4.63866 -2.25675,0
84,1,85,0,-62.1966 -15.5106 0.0817466 -0.0601938,-283.535 -1.51553 -3.46373 3.25735,0
84,1,85,1,-62.1966 -15.4411 -0.127716 0.0759686,-283.535 -1.50873 -0.642201 1.32902,0
84,1,85,2,-62.1966 -15.4233 -0.182839 0.109587,-283.535 -1.507 2.1848 -0.599717,0
84,2,85,0,-62.4019 -15.4194 0.434028 -0.298408,-282.659 -1.60827 -5.90011 4.91021,0
84,2,85,1,-62.4019 -15.2986 0.0704967 -0.0594569,-282.659 -1.59567 -3.0869 2.98439,0
84,2,85,2,-62.4019 -15.2295 -0.138873 0.0770756,-282.659 -1.58846 -0.268412 1.05869,0
84,2,85,3,-62.4019 -15.2129 -0.200092 0.117905,-282.659 -1.58673 2.42924 -0.740711,0
84,3,85,0,-62.6072 -15.3793 0.940411 -0.63958,-281.783 -1.70562 -8.33171 6.56289,0
84,3,85,1,-62.6072 -15.2071 0.422592 -0.297682,-281.783 -1.68653 -5.52775 4.63982,0
84,3,85,2,-62.6072 -15.0861 0.0571622 -0.0570121,-281.783 -1.67311 -2.71878 2.71742,0
84,3,85,3,-62.6072 -15.0175 -0.16018 0.0879688,-281.783 -1.6655 -0.0292797 0.920311,0
84,3,85,4,-62.6072 -15.0021 -0.222074 0.130618,-281.783 -1.66378 2.61033 -0.821028,0
84,4,85,1,-62.8125 -15.1788 0.953462 -0.651566,-280.906 -1.68339 -8.16065 6.39331,0
84,4,85,2,-62.8125 -15.0057 0.431501 -0.30647,-280.906 -1.66419 -5.35987 4.47333,0
84,4,85,3,-62.8125 -14.8844 0.0559536 -0.0559536,-280.906 -1.65074 -2.67842 2.67842,1
84,4,85,4,-62.8125 -14.8163 -0.164121 0.0921984,-280.906 -1.64318 -0.0461372 0.93857,0
84,4,85,5,-62.8125 -14.802 -0.22268 0.132677,-280.906 -1.64159 2.5945 -0.803662,0
84,5,85,2,-63.0178 -14.9888 0.986084 -0.672692,-280.03 -1.56456 -8.18605 6.32361,0
84,5,85,3,-63.0178 -14.8146 0.451682 -0.316246,-280.03 -1.54638 -5.51042 4.52979,0
84,5,85,4,-63.0178 -14.6929 0.0711157 -0.0610734,-280.03 -1.53368 -2.88421 2.79087,0
84,5,85,5,-63.0178 -14.6252 -0.147842 0.0863657,-280.03 -1.52661 -0.249925 1.04951,0
84,5,85,6,-63.0178 -14.6121 -0.202984 0.124614,-280.03 -1.52524 2.3919 -0.693692,0
84,6,85,3,-63.2231 -14.7979 1.00774 -0.683707,-279.154 -1.44826 -8.33365 6.37863,0
84,6,85,4,-63.2231 -14.6226 0.466119 -0.321158,-279.154 -1.4311 -5.71235 4.64017,0
84,6,85,5,-63.2231 -14.5006 0.0844083 -0.0652057,-279.154 -1.41916 -3.08334 2.89921,0
84,6,85,6,-63.2231 -14.4332 -0.13338 0.0814848,-279.154 -1.41257 -0.447073 1.15634,0
84,6,85,7,-63.2231 -14.4213 -0.184995 0.117428,-279.154 -1.41141 2.1959 -0.587806,0
84,7,85,4,-63.4284 -14.6061 1.02377 -0.68994,-278.278 -1.33449 -8.53254 6.48748,0
84,7,85,5,-63.4284 -14.4297 0.478753 -0.32512,-278.278 -1.31837 -5.90763 4.74643,0
84,7,85,6,-63.4284 -14.3073 0.0958903 -0.0683847,-278.278 -1.30719 -3.27581 3.00343,0
84,7,85,7,-63.4284 -14.2404 -0.120677 0.0775208,-278.278 -1.30108 -0.637569 1.25907,0
84,7,85,8,-63.4284 -14.2298 -0.16865 0.111082,-278.278 -1.30011 2.00652 -0.486005,0
84,8,85,5,-63.6337 -14.4136 1.03813 -0.695298,-277.401 -1.22326 -8.7248 6.59223,0
84,8,85,6,-63.6337 -14.236 0.489642 -0.328166,-277.401 -1.20818 -6.09624 4.84858,0
84,8,85,7,-63.6337 -14.1132 0.10562 -0.0706441,-277.401 -1.19777 -3.4616 3.10352,0
84,8,85,8,-63.6337 -14.0468 -0.10967 0.0744389,-277.401 -1.19213 -0.821401 1.35767,0
84,8,85,9,-63.6337 -14.0375 -0.153885 0.105538,-277.401 -1.19134 1.82376 -0.388294,0
84,9,85,6,-63.839 -14.2202 1.05087 -0.69982,-276.525 -1.11456 -8.91042 6.69287,0
84,9,85,7,-63.839 -14.0415 0.498846 -0.330331,-276.525 -1.10055 -6.27817 4.9466,0
84,9,85,8,-63.839 -13.9184 0.113656 -0.0720178,-276.525 -1.0909 -3.6407 3.19947,0
84,9,85,9,-63.839 -13.8524 -0.100301 0.0722038,-276.525 -1.08573 -0.998559 1.45215,0
84,9,85,10,-63.839 -13.8444 -0.140633 0.100758,-276.525 -1.0851 1.64764 -0.294682,0
84,10,85,7,-64.0443 -14.0262 1.06205 -0.703542,-275.649 -1.00842 -9.08938 6.78941,0
84,10,85,8,-64.0443 -13.8462 0.506426 -0.33165,-275.649 -0.99548 -6.45341 5.04049,0
84,10,85,9,-64.0443 -13.7227 0.120059 -0.0725401,-275.649 -0.986602 -3.8131 3.29129,0
84,10,85,10,-64.0443 -13.6572 -0.092508 0.0707805,-275.649 -0.981894 -1.16903 1.54251,0
85,0,86,0,-77.6856 -15.3403 -0.244818 0.224838,-285.257 1.31303 -2.17775 1.91859,0
85,0,86,1,-77.6856 -15.3147 0.0309146 0.036862,-285.257 1.31084 0.578448 0.0574182,0
85,0,86,2,-77.6856 -15.3416 0.463127 -0.255132,-285.257 1.31314 3.31668 -1.79028,0
85,1,86,0,-77.6894 -15.3118 -0.329127 0.284356,-284.357 1.18183 -4.60842 3.58048,0
85,1,86,1,-77.6894 -15.2338 -0.209983 0.200569,-284.357 1.17581 -1.83571 1.70663,0
85,1,86,2,-77.6894 -15.2084 0.0660476 0.0125309,-284.357 1.17385 0.919386 -0.153685,0
85,1,86,3,-77.6894 -15.2359 0.488413 -0.268943,-284.357 1.17597 3.58901 -1.93261,0
85,2,86,0,-77.6931 -15.3346 -0.258682 0.240566,-283.457 1.0548 -7.05674 5.25583,0
85,2,86,1,-77.6931 -15.2042 -0.296206 0.260986,-283.457 1.04583 -4.26905 3.36994,0
85,2,86,2,-77.6931 -15.126 -0.17807 0.178008,-283.457 1.04045 -1.49842 1.49753,0
85,2,86,3,-77.6931 -15.1009 0.0869273 0.00124511,-283.457 1.03872 1.18774 -0.294076,0
85,2,86,4,-77.6931 -15.1291 0.508873 -0.279127,-283.457 1.04066 3.84328 -2.05872,0
85,3,86,1,-77.6969 -15.2183 -0.242772 0.225422,-282.557 1.0468 -6.97339 5.17333,0
85,3,86,2,-77.6969 -15.0873 -0.282449 0.247443,-282.557 1.03779 -4.18658 3.28836,0
85,3,86,3,-77.6969 -15.0089 -0.176509 0.176509,-282.557 1.0324 -1.48417 1.48417,1
85,3,86,4,-77.6969 -14.9841 0.0868493 0.0016456,-282.557 1.03069 1.1877 -0.29316,0
85,3,86,5,-77.6969 -15.013 0.510815 -0.280071,-282.557 1.03268 3.84312 -2.05773,0
85,4,86,2,-77.7007 -15.0978 -0.235549 0.214863,-281.657 1.09696 -7.00737 5.14998,0
85,4,86,3,-77.7007 -14.9663 -0.28858 0.249713,-281.657 1.08741 -4.28769 3.3327,0
85,4,86,4,-77.7007 -14.8878 -0.185464 0.18147,-281.657 1.0817 -1.59876 1.54229,0
85,4,86,5,-77.7007 -14.8633 0.0787086 0.0060633,-281.657 1.07992 1.07336 -0.235205,0
85,4,86,6,-77.7007 -14.8928 0.50471 -0.27701,-281.657 1.08207 3.72842 -1.99958,0
85,5,86,3,-77.7044 -14.9772 -0.240362 0.216191,-280.757 1.14621 -7.10784 5.19404,0
85,5,86,4,-77.7044 -14.8452 -0.297416 0.254533,-280.757 1.13611 -4.40106 3.39021,0
85,5,86,5,-77.7044 -14.7666 -0.194706 0.186561,-280.757 1.13009 -1.71128 1.59927,0
85,5,86,6,-77.7044 -14.7423 0.0702945 0.0106034,-280.757 1.12823 0.961072 -0.178388,0
85,5,86,7,-77.7044 -14.7725 0.498362 -0.273848,-280.757 1.13055 3.61576 -1.94256,0
85,6,86,4,-77.7082 -14.8565 -0.247849 0.220051,-279.857 1.19455 -7.2206 5.2513,0
85,6,86,5,-77.7082 -14.7239 -0.306521 0.259474,-279.857 1.18389 -4.51238 3.44657,0
85,6,86,6,-77.7082 -14.6452 -0.204224 0.191779,-279.857 1.17756 -1.82175 1.65511,0
85,6,86,7,-77.7082 -14.6211 0.0616188 0.0152596,-279.857 1.17563 0.850839 -0.122711,0
85,6,86,8,-77.7082 -14.6521 0.491784 -0.270591,-279.857 1.17812 3.50514 -1.88667,0
85,7,86,5,-77.712 -14.7356 -0.255573 0.224011,-278.957 1.24198 -7.33132 5.30743,0
85,7,86,6,-77.712 -14.6025 -0.315887 0.264532,-278.957 1.23076 -4.62163 3.5018,0
85,7,86,7,-77.712 -14.5236 -0.214006 0.197115,-278.957 1.22411 -1.93016 1.70981,0
85,7,86,8,-77.712 -14.4999 0.0526919 0.0200267,-278.957 1.22211 0.74266 -0.0681716,0
85,7,86,9,-77.712 -14.5315 0.484986 -0.267244,-278.957 1.22478 3.39656 -1.83191,0
85,8,86,6,-77.7157 -14.6146 -0.263523 0.228067,-278.057 1.2885 -7.43999 5.36243,0
85,8,86,7,-77.7157 -14.4809 -0.325502 0.269701,-278.057 1.27671 -4.72883 3.55589,0
85,8,86,8,-77.7157 -14.4019 -0.224041 0.202567,-278.057 1.26974 -2.0365 1.76336,0
85,8,86,9,-77.7157 -14.3785 0.0435252 0.0248988,-278.057 1.26767 0.636535 -0.0147709,0
85,8,86,10,-77.7157 -14.4108 0.477982 -0.263815,-278.057 1.27053 3.29002 -1.77828,0
85,9,86,7,-77.7195 -14.4935 -0.271688 0.232212,-277.157 1.3341 -7.54661 5.41629,0
85,9,86,8,-77.7195 -14.3592 -0.335354 0.274974,-277.157 1.32174 -4.83397 3.60884,0
85,9,86,9,-77.7195 -14.2801 -0.23432 0.208126,-277.157 1.31445 -2.14078 1.81577,0
85,9,86,10,-77.7195 -14.2569 0.0341304 0.0298696,-277.157 1.31232 0.532471 0.0374875,0
85,10,86,8,-77.7233 -14.3722 -0.280055 0.236439,-276.257 1.37879 -7.65118 5.46902,0
85,10,86,9,-77.7233 -14.2374 -0.345433 0.280347,-276.257 1.36586 -4.93705 3.66065,0
85,10,86,10,-77.7233 -14.1581 -0.24483 0.213789,-276.257 1.35825 -2.243 1.86704,0
86,0,87,0,-93.0459 -14.9724 -0.337447 0.313503,-284.203 2.68054 -1.61338 1.47602,0
86,0,87,1,-93.0459 -14.9725 0.229404 -0.0766829,-284.203 2.68055 1.17651 -0.431388,0
86,0,87,2,-93.0459 -15.0249 0.951183 -0.569469,-284.203 2.68993 3.93545 -2.3172,0
86,1,87,0,-92.9326 -14.9737 -0.685468 0.54946,-283.31 2.61059 -4.14921 3.18896,0
86,1,87,1,-92.9326 -14.9213 -0.275174 0.263373,-283.31 2.60146 -1.32804 1.25942,0
86,1,87,2,-92.9326 -14.9215 0.290548 -0.12555,-283.31 2.6015 1.46153 -0.647679,0
86,1,87,3,-92.9326 -14.9743 0.977989 -0.583603,-283.31 2.6107 4.07796 -2.39081,0
86,2,87,0,-92.8192 -15.0271 -0.877721 0.6818,-282.418 2.5496 -6.71652 4.92443,0
86,2,87,1,-92.8192 -14.9223 -0.623694 0.499549,-282.418 2.53181 -3.86459 2.97278,0
86,2,87,2,-92.8192 -14.8698 -0.215396 0.21533,-282.418 2.52291 -1.04458 1.04419,0
86,2,87,3,-92.8192 -14.8701 0.315401 -0.138533,-282.418 2.52296 1.60273 -0.720676,0
86,2,87,4,-92.8192 -14.9233 0.991347 -0.584692,-282.418 2.53199 4.16788 -2.41234,0
86,3,87,1,-92.7059 -14.9643 -0.83834 0.642883,-281.525 2.53895 -6.56783 4.77606,0
86,3,87,2,-92.7059 -14.8592 -0.587012 0.463023,-281.525 2.52111 -3.71696 2.82553,0
86,3,87,3,-92.7059 -14.8066 -0.214283 0.214283,-281.525 2.51219 -1.03898 1.03898,1
86,3,87,4,-92.7059 -14.8071 0.304376 -0.127305,-281.525 2.51227 1.5571 -0.674674,0
86,3,87,5,-92.7059 -14.8607 0.981223 -0.574007,-281.525 2.52136 4.12211 -2.36627,0
86,4,87,2,-92.5925 -14.8991 -0.805496 0.608072,-280.632 2.5426 -6.4486 4.64285,0
86,4,87,3,-92.5925 -14.7937 -0.590466 0.464215,-280.632 2.52461 -3.73982 2.83456,0
86,4,87,4,-92.5925 -14.741 -0.230479 0.228136,-280.632 2.51562 -1.11262 1.09886,0
86,4,87,5,-92.5925 -14.7417 0.288465 -0.113599,-280.632 2.51573 1.48363 -0.614996,0
86,4,87,6,-92.5925 -14.7956 0.966206 -0.56084,-280.632 2.52493 4.0484 -2.30646,0
86,5,87,3,-92.4792 -14.8339 -0.808031 0.60865,-279.739 2.54613 -6.47159 4.65198,0
86,5,87,4,-92.4792 -14.7282 -0.606385 0.477882,-279.739 2.52799 -3.81333 2.89437,0
86,5,87,5,-92.4792 -14.6755 -0.24673 0.242053,-279.739 2.51893 -1.18554 1.15814,0
86,5,87,6,-92.4792 -14.6762 0.272502 -0.0998327,-279.739 2.51907 1.41089 -0.55592,0
86,5,87,7,-92.4792 -14.7305 0.951147 -0.54762,-279.739 2.52838 3.97542 -2.24726,0
86,6,87,4,-92.3658 -14.7688 -0.823061 0.621733,-278.846 2.54955 -6.5454 4.71205,0
86,6,87,5,-92.3658 -14.6627 -0.622358 0.49161,-278.846 2.53125 -3.88612 2.95357,0
86,6,87,6,-92.3658 -14.6099 -0.263036 0.256031,-278.846 2.52212 -1.25773 1.21681,0
86,6,87,7,-92.3658 -14.6108 0.256491 -0.0860095,-278.846 2.52228 1.33888 -0.497448,0
86,6,87,8,-92.3658 -14.6654 0.936049 -0.53435,-278.846 2.53171 3.90316 -2.18865,0
86,7,87,5,-92.2525 -14.7036 -0.838138 0.634874,-277.953 2.55283 -6.61848 4.77151,0
86,7,87,6,-92.2525 -14.5973 -0.638383 0.505398,-277.953 2.53438 -3.95818 3.01218,0
86,7,87,7,-92.2525 -14.5444 -0.279392 0.270067,-277.953 2.52519 -1.32919 1.27488,0
86,7,87,8,-92.2525 -14.5454 0.240433 -0.0721315,-277.953 2.52537 1.26759 -0.439578,0
86,7,87,9,-92.2525 -14.6004 0.920913 -0.521031,-277.953 2.53492 3.83161 -2.13064,0
86,8,87,6,-92.1391 -14.6384 -0.853259 0.648071,-277.061 2.556 -6.69084 4.83038,0
86,8,87,7,-92.1391 -14.5318 -0.654456 0.519242,-277.061 2.53739 -4.02952 3.07018,0
86,8,87,8,-92.1391 -14.4788 -0.295797 0.284159,-277.061 2.52813 -1.39992 1.33234,0
86,8,87,9,-92.1391 -14.48 0.224332 -0.0582013,-277.061 2.52834 1.19703 -0.38231,0
86,8,87,10,-92.1391 -14.5353 0.905745 -0.507667,-277.061 2.538 3.76079 -2.07323,0
86,9,87,7,-92.0258 -14.5733 -0.868421 0.661319,-276.168 2.55905 -6.76248 4.88865,0
86,9,87,8,-92.0258 -14.4664 -0.670575 0.533141,-276.168 2.54027 -4.10012 3.12757,0
86,9,87,9,-92.0258 -14.4133 -0.312247 0.298305,-276.168 2.53095 -1.46992 1.3892,0
86,9,87,10,-92.0258 -14.4146 0.208192 -0.0442225,-276.168 2.53118 1.1272 -0.325647,0
86,10,87,8,-91.9124 -14.5081 -0.883622 0.674618,-275.275 2.56197 -6.8334 4.94632,0
86,10,87,9,-91.9124 -14.4009 -0.686737 0.547091,-275.275 2.54303 -4.17001 3.18437,0
86,10,87,10,-91.9124 -14.3477 -0.328739 0.3125,-275.275 2.53364 -1.5392 1.44546,0
87,0,88,0,-108.042 -14.6341 0.251807 -0.0855271,-281.66 3.86263 0.910156 -0.32768,0
87,0,88,1,-108.042 -14.6948 1.22872 -0.772189,-281.66 3.87865 3.81099 -2.3743,0
87,0,88,2,-108.042 -14.8064 2.25136 -1.45359,-281.66 3.90812 6.32946 -4.05202,0
87,1,88,0,-107.866 -14.6089 -0.388822 0.353386,-280.778 3.70524 -1.40277 1.26014,0
87,1,88,1,-107.866 -14.6182 0.433716 -0.230365,-280.778 3.70757 1.53933 -0.814074,0
87,1,88,2,-107.866 -14.6793 1.30513 -0.811064,-280.778 3.72308 4.10083 -2.52085,0
87,2,88,0,-107.689 -14.6342 -0.877665 0.690927,-279.895 3.56136 -3.75939 2.87812,0
87,2,88,1,-107.689 -14.5913 -0.211041 0.2109,-279.895 3.5509 -0.776449 0.775867,0
87,2,88,2,-107.689 -14.6006 0.50564 -0.266843,-279.895 3.55318 1.8269 -0.959533,0
87,2,88,3,-107.689 -14.6622 1.34843 -0.818451,-279.895 3.56818 4.29126 -2.56866,0
87,3,88,0,-107.512 -14.6766 -1.28138 0.960374,-279.013 3.57166 -6.44103 4.66696,0
87,3,88,1,-107.512 -14.5814 -0.770084 0.583547,-279.013 3.54852 -3.41629 2.53558,0
87,3,88,2,-107.512 -14.5384 -0.209854 0.209854,-279.013 3.53804 -0.771897 0.771897,1
87,3,88,3,-107.512 -14.5479 0.477584 -0.238516,-279.013 3.54035 1.73404 -0.866121,0
87,3,88,4,-107.512 -14.6098 1.32064 -0.790073,-279.013 3.55542 4.19829 -2.47521,0
87,4,88,1,-107.336 -14.6114 -1.19789 0.864766,-278.13 3.61015 -6.19968 4.37485,0
87,4,88,2,-107.336 -14.5162 -0.793696 0.594872,-278.13 3.58661 -3.51365 2.58258,0
87,4,88,3,-107.336 -14.4731 -0.263077 0.250765,-278.13 3.57597 -0.965811 0.915607,0
87,4,88,4,-107.336 -14.4827 0.424165 -0.197285,-278.13 3.57834 1.54045 -0.722798,0
87,4,88,5,-107.336 -14.5449 1.26739 -0.748744,-278.13 3.59371 4.00415 -2.33164,0
87,5,88,2,-107.159 -14.5462 -1.2211 0.875765,-277.248 3.64822 -6.29709 4.4219,0
87,5,88,3,-107.159 -14.4508 -0.846967 0.635767,-277.248 3.62428 -3.70702 2.726,0
87,5,88,4,-107.159 -14.4077 -0.316914 0.292204,-277.248 3.61348 -1.15799 1.05799,0
87,5,88,5,-107.159 -14.4175 0.37014 -0.155535,-277.248 3.61592 1.34859 -0.580799,0
87,5,88,6,-107.159 -14.4799 1.21354 -0.706901,-277.248 3.63158 3.81174 -2.18939,0
87,6,88,3,-106.983 -14.481 -1.27404 0.916418,-276.365 3.68588 -6.49079 4.56566,0
87,6,88,4,-106.983 -14.3854 -0.900845 0.677186,-276.365 3.66154 -3.89866 2.86809,0
87,6,88,5,-106.983 -14.3422 -0.37135 0.334157,-276.365 3.65057 -1.34842 1.19905,0
87,6,88,6,-106.983 -14.3521 0.315523 -0.113277,-276.365 3.65308 1.15848 -0.440125,0
87,6,88,7,-106.983 -14.4148 1.1591 -0.664555,-276.365 3.66905 3.62107 -2.04845,0
87,7,88,4,-106.806 -14.4156 -1.3276 0.957594,-275.483 3.72313 -6.68276 4.70811,0
87,7,88,5,-106.806 -14.3198 -0.95532 0.719118,-275.483 3.69839 -4.08855 3.00886,0
87,7,88,6,-106.806 -14.2767 -0.426374 0.376616,-275.483 3.68725 -1.53711 1.33879,0
87,7,88,7,-106.806 -14.2867 0.260325 -0.0705196,-275.483 3.68983 0.9701 -0.300779,0
87,7,88,8,-106.806 -14.3497 1.10409 -0.621715,-275.483 3.7061 3.43212 -1.90885,0
87,8,88,5,-106.63 -14.3502 -1.38174 0.999282,-274.6 3.75996 -6.873 4.84923,0
87,8,88,6,-106.63 -14.2542 -1.01038 0.761553,-274.6 3.73483 -4.27671 3.1483,0
87,8,88,7,-106.63 -14.2111 -0.481972 0.419569,-274.6 3.72352 -1.72406 1.47719,0
87,8,88,8,-106.63 -14.2212 0.204561 -0.0272749,-274.6 3.72617 0.783469 -0.162762,0
87,8,88,9,-106.63 -14.2844 1.04852 -0.578393,-274.6 3.74274 3.24492 -1.77056,0
87,9,88,6,-106.453 -14.2846 -1.43646 1.04147,-273.717 3.79639 -7.06151 4.98904,0
87,9,88,7,-106.453 -14.1885 -1.066 0.80448,-273.717 3.77084 -4.46312 3.28641,0
87,9,88,8,-106.453 -14.1453 -0.538132 0.463006,-273.717 3.75937 -1.90926 1.61426,0
87,9,88,9,-106.453 -14.1556 0.148242 0.0164466,-273.717 3.76209 0.598583 -0.0260776,0
87,9,88,10,-106.453 -14.2191 0.992402 -0.5346,-273.717 3.77898 3.05945 -1.63361,0
87,10,88,7,-106.276 -14.219 -1.49175 1.08415,-272.835 3.8324 -7.24828 5.12752,0
87,10,88,8,-106.276 -14.1228 -1.12219 0.847888,-272.835 3.80645 -4.64778 3.4232,0
87,10,88,9,-106.276 -14.0796 -0.594841 0.506916,-272.835 3.7948 -2.09271 1.75,0
87,10,88,10,-106.276 -14.0899 0.0913811 0.0606342,-272.835 3.7976 0.415444 0.109273,0
88,0,89,0,-122.51 -14.3114 0.468288 -0.289765,-277.215 4.67518 1.34307 -0.828333,0
88,0,89,1,-122.51 -14.3745 1.47552 -0.961157,-277.215 4.69581 3.85337 -2.50157,0
88,0,89,2,-122.51 -14.488 2.6136 -1.71306,-277.215 4.73288 6.25586 -4.08344,0
88,1,89,0,-122.28 -14.3623 -0.173151 0.17303,-276.345 4.32009 -0.538747 0.538347,0
88,1,89,1,-122.28 -14.3746 0.681817 -0.396899,-276.345 4.3238 2.02273 -1.16915,0
88,1,89,2,-122.28 -14.4385 1.67105 -1.04956,-276.345 4.34301 4.47862 -2.78656,0
88,2,89,0,-122.051 -14.3587 -0.872725 0.639399,-275.474 4.319 -3.14602 2.27648,0
88,2,89,1,-122.051 -14.3193 -0.172273 0.172273,-275.474 4.30716 -0.535938 0.535938,1
88,2,89,2,-122.051 -14.3317 0.663446 -0.378306,-275.474 4.3109 1.9687 -1.11475,0
88,2,89,3,-122.051 -14.3958 1.65318 -1.03122,-275.474 4.33018 4.42434 -2.73199,0
88,3,89,0,-121.821 -14.3769 -1.47752 1.03286,-274.604 4.43122 -5.99738 4.1454,0
88,3,89,1,-121.821 -14.2861 -0.930857 0.668119,-274.604 4.40324 -3.33758 2.37127,0
88,3,89,2,-121.821 -14.2468 -0.249879 0.220496,-274.604 4.39111 -0.783438 0.686945,0
88,3,89,3,-121.821 -14.2593 0.585907 -0.330074,-274.604 4.39497 1.72113 -0.963793,0
88,3,89,4,-121.821 -14.3235 1.57588 -0.983105,-274.604 4.41477 4.17565 -2.58042,0
88,4,89,1,-121.592 -14.3039 -1.53637 1.06184,-273.734 4.51536 -6.18881 4.24015,0
88,4,89,2,-121.592 -14.2131 -1.00942 0.716792,-273.734 4.48669 -3.58408 2.52178,0
88,4,89,3,-121.592 -14.1738 -0.328551 0.269306,-273.734 4.47428 -1.02895 0.836749,0
88,4,89,4,-121.592 -14.1864 0.507305 -0.281258,-273.734 4.47825 1.47555 -0.814036,0
88,4,89,5,-121.592 -14.2507 1.49752 -0.934406,-273.734 4.49857 3.92894 -2.43005,0
88,5,89,2,-121.362 -14.2304 -1.61572 1.11083,-272.864 4.59871 -6.43536 4.39082,0
88,5,89,3,-121.362 -14.1396 -1.08904 0.766045,-272.864 4.56936 -3.82859 2.67108,0
88,5,89,4,-121.362 -14.1003 -0.408269 0.318692,-272.864 4.55666 -1.27246 0.985344,0
88,5,89,5,-121.362 -14.113 0.427657 -0.231866,-272.864 4.56075 1.23197 -0.665486,0
88,5,89,6,-121.362 -14.1775 1.4181 -0.885131,-272.864 4.58159 3.68422 -2.28088,0
88,6,89,3,-121.133 -14.1565 -1.69611 1.1604,-271.994 4.68127 -6.67992 4.54028,0
88,6,89,4,-121.133 -14.0657 -1.16969 0.815869,-271.994 4.65123 -4.07109 2.81917,0
88,6,89,5,-121.133 -14.0264 -0.489017 0.368645,-271.994 4.63825 -1.51397 1.13273,0
88,6,89,6,-121.133 -14.0391 0.34698 -0.181909,-271.994 4.64246 0.990375 -0.518143,0
88,6,89,7,-121.133 -14.1037 1.33766 -0.835289,-271.994 4.66382 3.44148 -2.13292,0
88,7,89,4,-120.903 -14.0821 -1.77753 1.21054,-271.123 4.76303 -6.92248 4.68853,0
88,7,89,5,-120.903 -13.9912 -1.25136 0.866253,-271.123 4.73232 -4.31159 2.96606,0
88,7,89,6,-120.903 -13.952 -0.570779 0.419155,-271.123 4.71905 -1.75348 1.2789,0
88,7,89,7,-120.903 -13.9648 0.26529 -0.131397,-271.123 4.72338 0.750788 -0.372012,0
88,7,89,8,-120.903 -14.0295 1.25619 -0.78489,-271.123 4.74527 3.20074 -1.98616,0
88,8,89,5,-120.673 -14.0072 -1.85996 1.26124,-270.253 4.84401 -7.16303 4.83558,0
88,8,89,6,-120.673 -13.9164 -1.33403 0.91719,-270.253 4.8126 -4.55008 3.11173,0
88,8,89,7,-120.673 -13.8772 -0.653536 0.470213,-270.253 4.79905 -1.99098 1.42386,0
88,8,89,8,-120.673 -13.8901 0.182606 -0.0803375,-270.253 4.80351 0.513209 -0.227094,0
88,8,89,9,-120.673 -13.9549 1.17373 -0.733943,-270.253 4.82592 2.962 -1.84061,0
88,9,89,6,-120.444 -13.9319 -1.94339 1.31248,-269.383 4.92419 -7.40158 4.98141,0
88,9,89,7,-120.444 -13.8411 -1.41769 0.968667,-269.383 4.89209 -4.78656 3.25617,0
88,9,89,8,-120.444 -13.8019 -0.737272 0.521808,-269.383 4.87825 -2.22645 1.5676,0
88,9,89,9,-120.444 -13.8149 0.0989439 -0.0287422,-269.383 4.88283 0.277643 -0.0833918,0
88,9,89,10,-120.444 -13.8798 1.09029 -0.68246,-269.383 4.90578 2.72527 -1.69627,0
88,10,89,7,-120.214 -13.8561 -2.02779 1.36426,-268.513 5.00357 -7.63811 5.12602,0
88,10,89,8,-120.214 -13.7653 -1.50231 1.02068,-268.513 4.97078 -5.02102 3.39941,0
88,10,89,9,-120.214 -13.7262 -0.821971 0.573932,-268.513 4.95666 -2.45991 1.71012,0
88,10,89,10,-120.214 -13.7393 0.0143209 0.0233799,-268.513 4.96136 0.0440947 0.0590919,0
89,0,90,0,-136.643 -14.1947 -0.113879 0.113852,-272.025 4.85942 -0.320746 0.320668,0
89,0,90,1,-136.643 -14.2055 0.836987 -0.52003,-272.025 4.86311 2.20687 -1.36433,0
89,0,90,2,-136.643 -14.2672 1.93432 -1.24948,-272.025 4.88423 4.66525 -2.99752,0
89,1,90,0,-136.37 -14.2015 -0.911591 0.645678,-271.167 4.86175 -2.90097 2.04087,0
89,1,90,1,-136.37 -14.1612 -0.11353 0.11353,-271.167 4.84796 -0.319755 0.319755,1
89,1,90,2,-136.37 -14.1721 0.831746 -0.514697,-271.167 4.85168 2.19209 -1.3495,0
89,1,90,3,-136.37 -14.234 1.9296 -1.24449,-271.167 4.87286 4.65026 -2.98253,0
89,2,90,0,-136.097 -14.2396 -1.59629 1.09574,-270.31 4.93867 -5.64895 3.85424,0
89,2,90,1,-136.097 -14.1486 -0.950206 0.66481,-270.31 4.9071 -3.0136 2.09678,0
89,2,90,2,-136.097 -14.1083 -0.157966 0.138483,-270.31 4.89312 -0.447646 0.391107,0
89,2,90,3,-136.097 -14.1192 0.787468 -0.489851,-270.31 4.8969 2.06408 -1.27809,0
89,2,90,4,-136.097 -14.1811 1.88568 -1.21989,-270.31 4.91839 4.52153 -2.91072,0
89,3,90,1,-135.825 -14.1865 -1.63491 1.11478,-269.452 4.98409 -5.7618 3.91029,0
89,3,90,2,-135.825 -14.0954 -0.994858 0.689845,-269.452 4.95209 -3.14119 2.16799,0
89,3,90,3,-135.825 -14.0552 -0.20266 0.163561,-269.452 4.93794 -0.574763 0.462031,0
89,3,90,4,-135.825 -14.0661 0.742931 -0.464881,-269.452 4.94178 1.93684 -1.2071,0
89,3,90,5,-135.825 -14.1282 1.84149 -1.19518,-269.452 4.96359 4.39357 -2.83933,0
89,4,90,2,-135.552 -14.1333 -1.67958 1.13975,-268.594 5.02916 -5.88967 3.98171,0
89,4,90,3,-135.552 -14.0422 -1.03977 0.715003,-268.594 4.99674 -3.268 2.23878,0
89,4,90,4,-135.552 -14.0019 -0.247607 0.18876,-268.594 4.9824 -0.701105 0.532528,0
89,4,90,5,-135.552 -14.0129 0.698141 -0.439789,-268.594 4.98632 1.81037 -1.13655,0
89,4,90,6,-135.552 -14.0751 1.79706 -1.17034,-268.594 5.00844 4.26637 -2.76836,0
89,5,90,3,-135.279 -14.08 -1.72451 1.16485,-267.737 5.07389 -6.01678 4.05271,0
89,5,90,4,-135.279 -13.9888 -1.08492 0.740281,-267.737 5.04104 -3.39404 2.30914,0
89,5,90,5,-135.279 -13.9485 -0.292805 0.214079,-267.737 5.02652 -0.826671 0.602597,0
89,5,90,6,-135.279 -13.9596 0.6531 -0.414577,-267.737 5.0305 1.68467 -1.06642,0
89,5,90,7,-135.279 -14.0218 1.75237 -1.14538,-267.737 5.05294 4.13995 -2.69782,0
89,6,90,4,-135.007 -14.0265 -1.76969 1.19006,-266.879 5.11828 -6.14311 4.12328,0
89,6,90,5,-135.007 -13.9353 -1.13033 0.765677,-266.879 5.08499 -3.5193 2.37907,0
89,6,90,6,-135.007 -13.895 -0.338248 0.239516,-266.879 5.07029 -0.951462 0.672237,0
89,6,90,7,-135.007 -13.9061 0.607815 -0.389248,-266.879 5.07434 1.55975 -0.996715,0
89,6,90,8,-135.007 -13.9685 1.70743 -1.12031,-266.879 5.0971 4.0143 -2.62771,0
89,7,90,5,-134.734 -13.9729 -1.81511 1.21538,-266.021 5.16231 -6.26867 4.19343,0
89,7,90,6,-134.734 -13.8817 -1.17598 0.79119,-266.021 5.12859 -3.64379 2.44857,0
89,7,90,7,-134.734 -13.8414 -0.383934 0.265068,-266.021 5.11371 -1.07548 0.741449,0
89,7,90,8,-134.734 -13.8526 0.562288 -0.363804,-266.021 5.11783 1.4356 -0.92744,0
89,7,90,9,-134.734 -13.915 1.66225 -1.09511,-266.021 5.14091 3.88941 -2.55801,0
89,8,90,6,-134.461 -13.9192 -1.86077 1.24083,-265.163 5.206 -6.39346 4.26315,0
89,8,90,7,-134.461 -13.8279 -1.22186 0.816816,-265.163 5.17185 -3.7675 2.51765,0
89,8,90,8,-134.461 -13.7877 -0.429858 0.290735,-265.163 5.15679 -1.19871 0.810232,0
89,8,90,9,-134.461 -13.7989 0.516522 -0.338245,-265.163 5.16098 1.31223 -0.858592,0
89,8,90,10,-134.461 -13.8614 1.61684 -1.06981,-265.163 5.18437 3.76531 -2.48875,0
89,9,90,7,-134.189 -13.8654 -1.90667 1.26638,-264.306 5.24934 -6.51747 4.33244,0
89,9,90,8,-134.189 -13.774 -1.26799 0.842555,-264.306 5.21476 -3.89044 2.58629,0
89,9,90,9,-134.189 -13.7338 -0.476015 0.316513,-264.306 5.19951 -1.32117 0.878586,0
89,9,90,10,-134.189 -13.745 0.470524 -0.312576,-264.306 5.20377 1.18964 -0.790176,0
89,10,90,8,-133.916 -13.8114 -1.9528 1.29205,-263.448 5.29234 -6.64071 4.4013,0
89,10,90,9,-133.916 -13.72 -1.31434 0.868404,-263.448 5.25732 -4.0126 2.65451,0
89,10,90,10,-133.916 -13.6798 -0.522403 0.342401,-263.448 5.24189 -1.44285 0.94651,0
90,0,91,0,-150.838 -14.0895 -0.0700751 0.0701378,-267.166 5.1831 -0.186635 0.186805,0
90,0,91,1,-150.838 -14.0973 0.937837 -0.601791,-267.166 5.18596 2.31874 -1.48341,0
90,0,91,2,-150.838 -14.1556 2.09583 -1.37331,-267.166 5.20739 4.76479 -3.11287,0
90,1,91,0,-150.531 -14.1103 -0.926459 0.641095,-266.319 5.19074 -2.74877 1.89499,0
90,1,91,1,-150.531 -14.0675 -0.0701532 0.0701532,-266.319 5.17498 -0.186853 0.186853,1
90,1,91,2,-150.531 -14.0753 0.936725 -0.600712,-266.319 5.17785 2.31557 -1.48042,0
90,1,91,3,-150.531 -14.1336 2.09504 -1.37245,-266.319 5.19932 4.76148 -3.10978,0
90,2,91,0,-150.225 -14.1756 -1.64366 1.1174,-265.473 5.23275 -5.39882 3.65673,0
90,2,91,1,-150.225 -14.0825 -0.93798 0.646807,-265.473 5.19837 -2.7805 1.9108,0
90,2,91,2,-150.225 -14.0396 -0.0829076 0.0770665,-265.473 5.18254 -0.221354 0.205503,0
90,2,91,3,-150.225 -14.0474 0.924053 -0.593855,-265.473 5.18543 2.28102 -1.46174,0
90,2,91,4,-150.225 -14.1059 2.08264 -1.36578,-265.473 5.207 4.72668 -3.09095,0
90,3,91,1,-149.919 -14.1479 -1.65487 1.1229,-264.627 5.24047 -5.43079 3.67268,0
90,3,91,2,-149.919 -14.0547 -0.95062 0.653639,-264.627 5.20594 -2.81504 1.92948,0
90,3,91,3,-149.919 -14.0117 -0.0956577 0.0839761,-264.627 5.19004 -0.255735 0.224088,0
90,3,91,4,-149.919 -14.0196 0.911386 -0.587002,-264.627 5.19295 2.24659 -1.44312,0
90,3,91,5,-149.919 -14.0781 2.07025 -1.35911,-264.627 5.21463 4.69199 -3.07219,0
90,4,91,2,-149.613 -14.1201 -1.66721 1.12952,-263.78 5.24813 -5.46559 3.69153,0
90,4,91,3,-149.613 -14.0268 -0.963256 0.660468,-263.78 5.21345 -2.84947 1.9481,0
90,4,91,4,-149.613 -13.9839 -0.108403 0.0908821,-263.78 5.19749 -0.289994 0.242608,0
90,4,91,5,-149.613 -13.9918 0.898724 -0.580153,-263.78 5.20042 2.21228 -1.42458,0
90,4,91,6,-149.613 -14.0504 2.05786 -1.35245,-263.78 5.2222 4.65742 -3.05348,0
90,5,91,3,-149.307 -14.0924 -1.67954 1.13613,-262.934 5.25574 -5.50028 3.71031,0
90,5,91,4,-149.307 -13.999 -0.975887 0.667292,-262.934 5.22091 -2.88378 1.96666,0
90,5,91,5,-149.307 -13.956 -0.121144 0.0977844,-262.934 5.20488 -0.324133 0.261063,0
90,5,91,6,-149.307 -13.9639 0.886066 -0.573307,-262.934 5.20783 2.17809 -1.40609,0
90,5,91,7,-149.307 -14.0226 2.04547 -1.3458,-262.934 5.22972 4.62297 -3.03484,0
90,6,91,4,-149 -14.0647 -1.69187 1.14274,-262.088 5.2633 -5.53484 3.72902,0
90,6,91,5,-149 -13.9712 -0.988512 0.674112,-262.088 5.22831 -2.91796 1.98515,0
90,6,91,6,-149 -13.9282 -0.133881 0.104683,-262.088 5.21222 -0.358151 0.279452,0
90,6,91,7,-149 -13.9361 0.873414 -0.566466,-262.088 5.21518 2.14403 -1.38768,0
90,6,91,8,-149 -13.9949 2.0331 -1.33915,-262.088 5.23718 4.58864 -3.01627,0
90,7,91,5,-148.694 -14.0369 -1.70419 1.14935,-261.242 5.2708 -5.56928 3.74767,0
90,7,91,6,-148.694 -13.9434 -1.00113 0.680928,-261.242 5.23566 -2.95203 2.00357,0
90,7,91,7,-148.694 -13.9003 -0.146612 0.111577,-261.242 5.2195 -0.392048 0.297777,0
90,7,91,8,-148.694 -13.9083 0.860766 -0.559629,-261.242 5.22248 2.11008 -1.36932,0
90,7,91,9,-148.694 -13.9671 2.02073 -1.3325,-261.242 5.24459 4.55443 -2.99776,0
90,8,91,6,-148.388 -14.0092 -1.71651 1.15595,-260.395 5.27824 -5.60361 3.76626,0
90,8,91,7,-148.388 -13.9155 -1.01375 0.68774,-260.395 5.24295 -2.98597 2.02193,0
90,8,91,8,-148.388 -13.8725 -0.159338 0.118467,-260.395 5.22672 -0.425825 0.316036,0
90,8,91,9,-148.388 -13.8805 0.848124 -0.552795,-260.395 5.22973 2.07626 -1.35103,0
90,8,91,10,-148.388 -13.9394 2.00836 -1.32586,-260.395 5.25194 4.52034 -2.97932,0
90,9,91,7,-148.082 -13.9815 -1.72881 1.16255,-259.549 5.28563 -5.63781 3.78478,0
90,9,91,8,-148.082 -13.8877 -1.02636 0.694547,-259.549 5.25019 -3.01979 2.04023,0
90,9,91,9,-148.082 -13.8446 -0.172058 0.125353,-259.549 5.23389 -0.45948 0.33423,0
90,9,91,10,-148.082 -13.8526 0.835488 -0.545967,-259.549 5.23692 2.04255 -1.33281,0
90,10,91,8,-147.776 -13.9538 -1.74112 1.16914,-258.703 5.29297 -5.6719 3.80324,0
90,10,91,9,-147.776 -13.8599 -1.03896 0.701351,-258.703 5.25737 -3.0535 2.05846,0
90,10,91,10,-147.776 -13.8168 -0.184773 0.132235,-258.703 5.241 -0.493015 0.35236,0
91,0,92,0,-164.927 -14.0118 -0.032773 0.0327949,-261.982 5.36739 -0.0847825 0.0848398,0
91,0,92,1,-164.927 -14.0254 1.00854 -0.661403,-261.982 5.37258 2.40727 -1.5765,0
91,0,92,2,-164.927 -14.0891 2.20422 -1.45976,-261.982 5.397 4.8512 -3.20895,0
91,1,92,0,-164.599 -14.0433 -0.923149 0.626404,-261.144 5.37944 -2.63517 1.78516,0
91,1,92,1,-164.599 -14.0064 -0.0328263 0.0328263,-261.144 5.36533 -0.084922 0.084922,1
91,1,92,2,-164.599 -14.02 1.01234 -0.665215,-261.144 5.37052 2.41696 -1.58625,0
91,1,92,3,-164.599 -14.0838 2.2081 -1.46363,-261.144 5.39495 4.8609 -3.21872,0
91,2,92,0,-164.271 -14.1236 -1.66583 1.12121,-260.306 5.4136 -5.24925 3.52706,0
91,2,92,1,-164.271 -14.0368 -0.925413 0.627534,-260.306 5.38032 -2.64119 1.78819,0
91,2,92,2,-164.271 -13.9999 -0.0312972 0.0301537,-260.306 5.3662 -0.0810973 0.0781128,0
91,2,92,3,-164.271 -14.0135 1.01388 -0.667894,-260.306 5.3714 2.42078 -1.59306,0
91,2,92,4,-164.271 -14.0773 2.20972 -1.46636,-260.306 5.39585 4.86471 -3.22554,0
91,3,92,1,-163.942 -14.1171 -1.66801 1.12228,-259.468 5.41451 -5.25534 3.53013,0
91,3,92,2,-163.942 -14.0303 -0.923841 0.624829,-259.468 5.3812 -2.63737 1.78137,0
91,3,92,3,-163.942 -13.9934 -0.0297775 0.0274906,-259.468 5.36706 -0.0772725 0.071306,0
91,3,92,4,-163.942 -14.007 1.01541 -0.670564,-259.468 5.37227 2.4246 -1.59987,0
91,3,92,5,-163.942 -14.0708 2.21132 -1.46909,-259.468 5.39674 4.86852 -3.23236,0
91,4,92,2,-163.614 -14.1107 -1.66633 1.1195,-258.63 5.41542 -5.25153 3.5233,0
91,4,92,3,-163.614 -14.0238 -0.922279 0.622134,-258.63 5.38207 -2.63355 1.77456,0
91,4,92,4,-163.614 -13.9869 -0.0282672 0.0248372,-258.63 5.36793 -0.0734476 0.0645016,0
91,4,92,5,-163.614 -14.0005 1.01693 -0.673224,-258.63 5.37313 2.42842 -1.60667,0
91,4,92,6,-163.614 -14.0644 2.21292 -1.4718,-258.63 5.39763 4.87233 -3.23918,0
91,5,92,3,-163.286 -14.1042 -1.66466 1.11672,-257.792 5.41632 -5.24772 3.51647,0
91,5,92,4,-163.286 -14.0173 -0.920726 0.619448,-257.792 5.38294 -2.62973 1.76775,0
91,5,92,5,-163.286 -13.9804 -0.0267661 0.0221933,-257.792 5.36879 -0.0696226 0.0576996,0
91,5,92,6,-163.286 -13.994 1.01844 -0.675875,-257.792 5.374 2.43224 -1.61347,0
91,5,92,7,-163.286 -14.0579 2.21451 -1.47451,-257.792 5.39852 4.87614 -3.24599,0
91,6,92,4,-162.958 -14.0978 -1.66301 1.11396,-256.954 5.41722 -5.24391 3.50964,0
91,6,92,5,-162.958 -14.0108 -0.919183 0.616772,-256.954 5.38382 -2.62591 1.76094,0
91,6,92,6,-162.958 -13.9739 -0.0252744 0.0195589,-256.954 5.36965 -0.0657975 0.0508999,0
91,6,92,7,-162.958 -13.9875 1.01995 -0.678516,-256.954 5.37486 2.43606 -1.62027,0
91,6,92,8,-162.958 -14.0514 2.21609 -1.4772,-256.954 5.39941 4.87994 -3.2528,0
91,7,92,5,-162.63 -14.0913 -1.66136 1.1112,-256.116 5.41812 -5.2401 3.50281,0
91,7,92,6,-162.63 -14.0043 -0.917649 0.614106,-256.116 5.38468 -2.62208 1.75413,0
91,7,92,7,-162.63 -13.9675 -0.023792 0.0169342,-256.116 5.3705 -0.0619723 0.0441027,0
91,7,92,8,-162.63 -13.981 1.02144 -0.681148,-256.116 5.37572 2.43988 -1.62707,0
91,7,92,9,-162.63 -14.0449 2.21765 -1.47989,-256.116 5.40029 4.88375 -3.25961,0
91,8,92,6,-162.301 -14.0848 -1.65972 1.10846,-255.278 5.41901 -5.23629 3.49599,0
91,8,92,7,-162.301 -13.9979 -0.916124 0.611449,-255.278 5.38555 -2.61826 1.74733,0
91,8,92,8,-162.301 -13.961 -0.0223188 0.014319,-255.278 5.37135 -0.0581471 0.0373079,0
91,8,92,9,-162.301 -13.9745 1.02293 -0.683769,-255.278 5.37658 2.4437 -1.63387,0
91,8,92,10,-162.301 -14.0385 2.21921 -1.48256,-255.278 5.40117 4.88756 -3.26642,0
91,9,92,7,-161.973 -14.0784 -1.65809 1.10572,-254.44 5.41991 -5.23248 3.48917,0
91,9,92,8,-161.973 -13.9914 -0.914608 0.608802,-254.44 5.38641 -2.61444 1.74052,0
91,9,92,9,-161.973 -13.9545 -0.020855 0.0117133,-254.44 5.3722 -0.0543218 0.0305155,0
91,9,92,10,-161.973 -13.9681 1.0244 -0.686382,-254.44 5.37744 2.44752 -1.64066,0
91,10,92,8,-161.645 -14.0719 -1.65647 1.10299,-253.602 5.4208 -5.22867 3.48235,0
91,10,92,9,-161.645 -13.9849 -0.913102 0.606165,-253.602 5.38727 -2.61062 1.73373,0
91,10,92,10,-161.645 -13.948 -0.0194004 0.00911719,-253.602 5.37305 -0.0504965 0.0237256,0
92,0,93,0,-178.939 -13.9519 0.0350108 -0.0350202,-256.615 5.4418 0.090631 -0.0906552,0
92,0,93,1,-178.939 -13.9786 1.0917 -0.739501,-256.615 5.45219 2.57678 -1.74815,0
92,0,93,2,-178.939 -14.0553 2.29823 -1.54377,-256.615 5.48211 5.00349 -3.36572,0
92,1,93,0,-178.605 -13.9836 -0.870515 0.568637,-255.779 5.45416 -2.45396 1.60567,0
92,1,93,1,-178.605 -13.9599 0.0350592 -0.0350592,-255.779 5.44493 0.0907557 -0.0907557,1
92,1,93,2,-178.605 -13.9866 1.09125 -0.73906,-255.779 5.45531 2.57574 -1.74707,0
92,1,93,3,-178.605 -14.0632 2.29766 -1.54324,-255.779 5.48521 5.00249 -3.36467,0
92,2,93,0,-178.272 -14.0692 -1.61821 1.06831,-254.943 5.47615 -5.03696 3.33079,0
92,2,93,1,-178.272 -13.9955 -0.86285 0.564798,-254.943 5.44745 -2.43415 1.59572,0
92,2,93,2,-178.272 -13.9718 0.0423047 -0.0384697,-254.943 5.43823 0.10933 -0.0994878,0
92,2,93,3,-178.272 -13.9984 1.09847 -0.74245,-254.943 5.4486 2.59436 -1.75583,0
92,2,93,4,-178.272 -14.0751 2.30479 -1.54657,-254.943 5.47843 5.02126 -3.37351,0
92,3,93,1,-177.938 -14.081 -1.61064 1.06455,-254.107 5.46935 -5.01697 3.32074,0
92,3,93,2,-177.938 -14.0073 -0.855645 0.561416,-254.107 5.44072 -2.4155 1.58695,0
92,3,93,3,-177.938 -13.9836 0.0495444 -0.041877,-254.107 5.43153 0.127931 -0.108232,0
92,3,93,4,-177.938 -14.0102 1.10569 -0.745838,-254.107 5.44187 2.61301 -1.7646,0
92,3,93,5,-177.938 -14.0869 2.31192 -1.54989,-254.107 5.47163 5.04006 -3.38236,0
92,4,93,2,-177.605 -14.0928 -1.60353 1.06124,-253.271 5.46254 -4.99814 3.31188,0
92,4,93,3,-177.605 -14.0191 -0.848447 0.558038,-253.271 5.43398 -2.39682 1.57817,0
92,4,93,4,-177.605 -13.9955 0.0567785 -0.0452812,-253.271 5.42481 0.146559 -0.11699,0
92,4,93,5,-177.605 -14.0221 1.1129 -0.749222,-253.271 5.43512 2.63169 -1.77338,0
92,4,93,6,-177.605 -14.0987 2.31905 -1.55321,-253.271 5.46481 5.05888 -3.39122,0
92,5,93,3,-177.271 -14.1046 -1.59644 1.05793,-252.435 5.45571 -4.97929 3.303,0
92,5,93,4,-177.271 -14.0309 -0.841253 0.554662,-252.435 5.42722 -2.37812 1.56937,0
92,5,93,5,-177.271 -14.0073 0.0640069 -0.0486822,-252.435 5.41807 0.165213 -0.12576,0
92,5,93,6,-177.271 -14.0339 1.1201 -0.752603,-252.435 5.42836 2.65039 -1.78218,0
92,5,93,7,-177.271 -14.1105 2.32617 -1.55653,-252.435 5.45798 5.07774 -3.40009,0
92,6,93,4,-176.937 -14.1164 -1.58934 1.05463,-251.6 5.44887 -4.96041 3.29411,0
92,6,93,5,-176.937 -14.0428 -0.834065 0.55129,-251.6 5.42045 -2.35938 1.56056,0
92,6,93,6,-176.937 -14.0191 0.0712295 -0.0520801,-251.6 5.41133 0.183894 -0.134542,0
92,6,93,7,-176.937 -14.0457 1.1273 -0.755981,-251.6 5.42159 2.66912 -1.79099,0
92,6,93,8,-176.937 -14.1223 2.33328 -1.55984,-251.6 5.45114 5.09662 -3.40898,0
92,7,93,5,-176.604 -14.1282 -1.58225 1.05133,-250.764 5.44202 -4.9415 3.28521,0
92,7,93,6,-176.604 -14.0546 -0.826884 0.547921,-250.764 5.41367 -2.34063 1.55174,0
92,7,93,7,-176.604 -14.031 0.0784464 -0.0554747,-250.764 5.40456 0.202601 -0.143337,0
92,7,93,8,-176.604 -14.0575 1.13449 -0.759356,-250.764 5.41481 2.68788 -1.79981,0
92,7,93,9,-176.604 -14.1341 2.34038 -1.56315,-250.764 5.44429 5.11552 -3.41788,0
92,8,93,6,-176.27 -14.14 -1.57517 1.04804,-249.928 5.43515 -4.92257 3.27629,0
92,8,93,7,-176.27 -14.0664 -0.819708 0.544555,-249.928 5.40687 -2.32184 1.5429,0
92,8,93,8,-176.27 -14.0428 0.0856575 -0.0588661,-249.928 5.39779 0.221335 -0.152145,0
92,8,93,9,-176.27 -14.0694 1.14167 -0.762727,-249.928 5.40801 2.70666 -1.80864,0
92,8,93,10,-176.27 -14.1459 2.34749 -1.56646,-249.928 5.43742 5.13445 -3.42679,0
92,9,93,7,-175.937 -14.1518 -1.5681 1.04474,-249.092 5.42827 -4.90361 3.26736,0
92,9,93,8,-175.937 -14.0782 -0.812537 0.541192,-249.092 5.40005 -2.30303 1.53405,0
92,9,93,9,-175.937 -14.0546 0.0928628 -0.0622543,-249.092 5.391 0.240096 -0.160966,0
92,9,93,10,-175.937 -14.0812 1.14885 -0.766096,-249.092 5.40119 2.72547 -1.81749,0
92,10,93,8,-175.603 -14.1636 -1.56103 1.04145,-248.256 5.42137 -4.88462 3.25843,0
92,10,93,9,-175.603 -14.09 -0.805373 0.537834,-248.256 5.39323 -2.2842 1.52519,0
92,10,93,10,-175.603 -14.0664 0.100062 -0.0656393,-248.256 5.38419 0.258883 -0.169799,0
93,0,94,0,-192.891 -13.9772 0.0421552 -0.0421556,-251.173 5.34734 0.111517 -0.111518,0
93,0,94,1,-192.891 -14.0062 1.08274 -0.735905,-251.173 5.35844 2.6045 -1.77358,0
93,0,94,2,-192.891 -14.0854 2.27103 -1.52718,-251.173 5.38874 5.0322 -3.38957,0
93,1,94,0,-192.565 -14.0064 -0.846773 0.550434,-250.334 5.35852 -2.43895 1.58871,0
93,1,94,1,-192.565 -13.9849 0.0421797 -0.0421797,-250.334 5.3503 0.111581 -0.111581,1
93,1,94,2,-192.565 -14.0139 1.07972 -0.7329,-250.334 5.36139 2.59655 -1.76563,0
93,1,94,3,-192.565 -14.0931 2.26787 -1.52407,-250.334 5.39168 5.02425 -3.3816,0
93,2,94,0,-192.24 -14.0854 -1.58589 1.04295,-249.495 5.3901 -5.04901 3.32814,0
93,2,94,1,-192.24 -14.0137 -0.847699 0.550892,-249.495 5.36267 -2.44124 1.58983,0
93,2,94,2,-192.24 -13.9922 0.0383 -0.0387533,-249.495 5.35445 0.101257 -0.102442,0
93,2,94,3,-192.24 -14.0212 1.07578 -0.729432,-249.495 5.36554 2.58622 -1.75648,0
93,2,94,4,-192.24 -14.1003 2.26378 -1.52049,-249.495 5.39581 5.0139 -3.37243,0
93,3,94,1,-191.914 -14.0926 -1.58695 1.04349,-248.656 5.39424 -5.05127 3.32923,0
93,3,94,2,-191.914 -14.0209 -0.85163 0.554354,-248.656 5.36681 -2.45157 1.59898,0
93,3,94,3,-191.914 -13.9995 0.0344112 -0.0353185,-248.656 5.3586 0.0909238 -0.0932947,0
93,3,94,4,-191.914 -14.0284 1.07184 -0.725957,-248.656 5.36968 2.57588 -1.74732,0
93,3,94,5,-191.914 -14.1075 2.25968 -1.51691,-248.656 5.39995 5.00355 -3.36324,0
93,4,94,2,-191.589 -14.0998 -1.59102 1.04705,-247.817 5.39837 -5.06161 3.3384,0
93,4,94,3,-191.589 -14.0282 -0.855569 0.557824,-247.817 5.37096 -2.46191 1.60813,0
93,4,94,4,-191.589 -14.0068 0.0305133 -0.0318751,-247.817 5.36275 0.0805805 -0.0841387,0
93,4,94,5,-191.589 -14.0357 1.06788 -0.722472,-247.817 5.37383 2.56552 -1.73815,0
93,4,94,6,-191.589 -14.1147 2.25558 -1.51331,-247.817 5.40409 4.99318 -3.35405,0
93,5,94,3,-191.263 -14.107 -1.59511 1.05063,-246.978 5.40251 -5.07197 3.34758,0
93,5,94,4,-191.263 -14.0355 -0.859518 0.561303,-246.978 5.37511 -2.47227 1.6173,0
93,5,94,5,-191.263 -14.014 0.0266063 -0.0284232,-246.978 5.3669 0.0702275 -0.0749743,0
93,5,94,6,-191.263 -14.043 1.06392 -0.718979,-246.978 5.37798 2.55516 -1.72897,0
93,5,94,7,-191.263 -14.122 2.25146 -1.50971,-246.978 5.40823 4.98281 -3.34485,0
93,6,94,4,-190.937 -14.1143 -1.5992 1.05421,-246.139 5.40665 -5.08233 3.35677,0
93,6,94,5,-190.937 -14.0427 -0.863475 0.56479,-246.139 5.37925 -2.48262 1.62647,0
93,6,94,6,-190.937 -14.0213 0.0226901 -0.0249628,-246.139 5.37105 0.0598648 -0.0658016,0
93,6,94,7,-190.937 -14.0502 1.05995 -0.715478,-246.139 5.38213 2.54479 -1.71979,0
93,6,94,8,-190.937 -14.1292 2.24734 -1.5061,-246.139 5.41237 4.97242 -3.33565,0
93,7,94,5,-190.612 -14.1215 -1.60331 1.0578,-245.3 5.41079 -5.0927 3.36596,0
93,7,94,6,-190.612 -14.05 -0.867443 0.568287,-245.3 5.3834 -2.49299 1.63565,0
93,7,94,7,-190.612 -14.0286 0.0187648 -0.0214939,-245.3 5.3752 0.0494925 -0.0566204,0
93,7,94,8,-190.612 -14.0575 1.05597 -0.711968,-245.3 5.38628 2.53441 -1.7106,0
93,7,94,9,-190.612 -14.1364 2.2432 -1.50248,-245.3 5.41651 4.96203 -3.32643,0
93,8,94,6,-190.286 -14.1287 -1.60742 1.0614,-244.461 5.41493 -5.10309 3.37517,0
93,8,94,7,-190.286 -14.0573 -0.871419 0.571791,-244.461 5.38755 -2.50337 1.64484,0
93,8,94,8,-190.286 -14.0359 0.0148304 -0.0180164,-244.461 5.37936 0.0391105 -0.0474308,0
93,8,94,9,-190.286 -14.0648 1.05198 -0.708449,-244.461 5.39043 2.52402 -1.7014,0
93,8,94,10,-190.286 -14.1436 2.23906 -1.49886,-244.461 5.42065 4.95162 -3.31721,0
93,9,94,7,-189.961 -14.1359 -1.61154 1.065,-243.622 5.41907 -5.11348 3.38438,0
93,9,94,8,-189.961 -14.0645 -0.875403 0.575304,-243.622 5.39171 -2.51376 1.65404,0
93,9,94,9,-189.961 -14.0432 0.0108869 -0.0145304,-243.622 5.38351 0.0287188 -0.0382328,0
93,9,94,10,-189.961 -14.072 1.04798 -0.704923,-243.622 5.39458 2.51362 -1.69219,0
93,10,94,8,-189.635 -14.1432 -1.61568 1.06862,-242.783 5.42322 -5.12388 3.3936,0
93,10,94,9,-189.635 -14.0718 -0.879398 0.578825,-242.783 5.39586 -2.52416 1.66325,0
93,10,94,10,-189.635 -14.0505 0.00693415 -0.0110359,-242.783 5.38767 0.0183174 -0.0290264,0
94,0,95,0,-206.868 -14.0549 1.02621 -0.686019,-245.826 5.24913 2.51611 -1.68245,0
94,0,95,1,-206.868 -14.1326 2.19357 -1.46286,-245.826 5.27813 4.94939 -3.30086,0
94,0,95,2,-206.868 -14.2598 3.50941 -2.33865,-245.826 5.32563 7.32704 -4.88214,0
94,1,95,0,-206.55 -14.0326 0.00562984 -0.00562984,-244.984 5.24078 0.0150991 -0.0150991,1
94,1,95,1,-206.55 -14.0599 1.02196 -0.681779,-244.984 5.25098 2.50479 -1.67112,0
94,1,95,2,-206.55 -14.1375 2.18921 -1.45853,-244.984 5.27997 4.93804 -3.2895,0
94,2,95,0,-206.232 -14.0578 -0.869101 0.57652,-244.142 5.25936 -2.55862 1.69803,0
94,2,95,1,-206.232 -14.0345 -0.00457921 0.00158289,-244.142 5.25065 -0.0122457 0.00422977,0
94,2,95,2,-206.232 -14.0618 1.0117 -0.674524,-244.142 5.26086 2.4774 -1.65176,0
94,2,95,3,-206.232 -14.1394 2.1788 -1.45117,-244.142 5.28989 4.91053 -3.27005,0
94,3,95,0,-205.915 -14.1333 -1.59297 1.05807,-243.3 5.29681 -5.18883 3.44877,0
94,3,95,1,-205.915 -14.0598 -0.879369 0.583771,-243.3 5.26924 -2.58601 1.71739,0
94,3,95,2,-205.915 -14.0365 -0.0148137 0.00881436,-243.3 5.26052 -0.0396026 0.023567,0
94,3,95,3,-205.915 -14.0638 1.0014 -0.667251,-243.3 5.27075 2.45 -1.63239,0
94,3,95,4,-205.915 -14.1413 2.16836 -1.44379,-243.3 5.29981 4.883 -3.25059,0
94,4,95,1,-205.597 -14.1352 -1.60338 1.06542,-242.458 5.30673 -5.21635 3.46822,0
94,4,95,2,-205.597 -14.0617 -0.889663 0.591041,-242.458 5.27913 -2.61342 1.73676,0
94,4,95,3,-205.597 -14.0384 -0.025074 0.0160649,-242.458 5.2704 -0.066973 0.0429134,0
94,4,95,4,-205.597 -14.0657 0.991088 -0.659958,-242.458 5.28064 2.42259 -1.61302,0
94,4,95,5,-205.597 -14.1432 2.1579 -1.4364,-242.458 5.30973 4.85547 -3.23113,0
94,5,95,2,-205.279 -14.1371 -1.61382 1.07279,-241.616 5.31666 -5.24388 3.48768,0
94,5,95,3,-205.279 -14.0636 -0.899983 0.59833,-241.616 5.28902 -2.64084 1.75614,0
94,5,95,4,-205.279 -14.0404 -0.0353596 0.0233341,-241.616 5.28028 -0.0943552 0.0622679,0
94,5,95,5,-205.279 -14.0676 0.980745 -0.652647,-241.616 5.29053 2.39516 -1.59363,0
94,5,95,6,-205.279 -14.1451 2.14741 -1.42898,-241.616 5.31966 4.82792 -3.21165,0
94,6,95,3,-204.961 -14.139 -1.62429 1.08018,-240.774 5.32659 -5.27142 3.50715,0
94,6,95,4,-204.961 -14.0655 -0.910327 0.605637,-240.774 5.29892 -2.66826 1.77553,0
94,6,95,5,-204.961 -14.0423 -0.0456703 0.0306218,-240.774 5.29017 -0.121749 0.0816299,0
94,6,95,6,-204.961 -14.0696 0.970377 -0.645316,-240.774 5.30043 2.36772 -1.57424,0
94,6,95,7,-204.961 -14.147 2.1369 -1.42155,-240.774 5.3296 4.80036 -3.19217,0
94,7,95,4,-204.643 -14.1409 -1.63479 1.08759,-239.932 5.33652 -5.29897 3.52662,0
94,7,95,5,-204.643 -14.0675 -0.920697 0.612963,-239.932 5.30882 -2.69571 1.79492,0
94,7,95,6,-204.643 -14.0443 -0.0560076 0.037929,-239.932 5.30006 -0.149157 0.101002,0
94,7,95,7,-204.643 -14.0715 0.959984 -0.637967,-239.932 5.31033 2.34027 -1.55483,0
94,7,95,8,-204.643 -14.1489 2.12636 -1.4141,-239.932 5.33953 4.77279 -3.17268,0
94,8,95,5,-204.325 -14.1427 -1.6453 1.09501,-239.09 5.34646 -5.32654 3.54611,0
94,8,95,6,-204.325 -14.0694 -0.931093 0.620309,-239.09 5.31872 -2.72316 1.81433,0
94,8,95,7,-204.325 -14.0462 -0.0663699 0.0452548,-239.09 5.30995 -0.176576 0.120382,0
94,8,95,8,-204.325 -14.0734 0.949565 -0.630599,-239.09 5.32024 2.31281 -1.53542,0
94,8,95,9,-204.325 -14.1507 2.11579 -1.40663,-239.09 5.34948 4.7452 -3.15318,0
94,9,95,6,-204.008 -14.1446 -1.65585 1.10246,-238.248 5.3564 -5.35412 3.5656,0
94,9,95,7,-204.008 -14.0713 -0.941515 0.627673,-238.248 5.32863 -2.75063 1.83374,0
94,9,95,8,-204.008 -14.0481 -0.0767574 0.0525991,-238.248 5.31985 -0.204007 0.13977,0
94,9,95,9,-204.008 -14.0753 0.93912 -0.623212,-238.248 5.33015 2.28533 -1.516,0
94,10,95,7,-203.69 -14.1464 -1.66642 1.10992,-237.406 5.36634 -5.38171 3.5851,0
94,10,95,8,-203.69 -14.0732 -0.951962 0.635056,-237.406 5.33854 -2.77811 1.85316,0
94,10,95,9,-203.69 -14.05 -0.0871719 0.0599633,-237.406 5.32975 -0.231454 0.159168,0
95,0,96,0,-220.583 -14.0473 -0.0481537 0.0481537,-239.743 5.22906 -0.127582 0.127582,1
95,0,96,1,-220.583 -14.0704 0.96635 -0.627074,-239.743 5.23767 2.36584 -1.5318,0
95,0,96,2,-220.583 -14.1439 2.13169 -1.40279,-239.743 5.26503 4.80249 -3.15316,0
95,1,96,0,-220.27 -14.0673 -0.92271 0.629809,-238.899 5.24941 -2.70911 1.8449,0
95,1,96,1,-220.27 -14.0398 -0.0598241 0.0556037,-238.899 5.23917 -0.158661 0.147338,0
95,1,96,2,-220.27 -14.063 0.954673 -0.619618,-238.899 5.2478 2.33471 -1.51201,0
95,1,96,3,-220.27 -14.1364 2.12 -1.39533,-238.899 5.27523 4.77118 -3.13326,0
95,2,96,0,-219.957 -14.1375 -1.64653 1.11101,-238.055 5.28862 -5.34755 3.60026,0
95,2,96,1,-219.957 -14.0598 -0.934399 0.637268,-238.055 5.25953 -2.74024 1.86468,0
95,2,96,2,-219.957 -14.0323 -0.0715125 0.0630645,-238.055 5.24926 -0.189718 0.167079,0
95,2,96,3,-219.957 -14.0555 0.942978 -0.612152,-238.055 5.25792 2.30359 -1.49224,0
95,2,96,4,-219.957 -14.129 2.10829 -1.38785,-238.055 5.28541 4.73989 -3.11337,0
95,3,96,1,-219.644 -14.13 -1.65824 1.11848,-237.211 5.2988 -5.37885 3.62016,0
95,3,96,2,-219.644 -14.0523 -0.946105 0.644738,-237.211 5.26965 -2.77135 1.88446,0
95,3,96,3,-219.644 -14.0248 -0.0832188 0.070536,-237.211 5.25935 -0.220751 0.186806,0
95,3,96,4,-219.644 -14.048 0.931266 -0.604676,-237.211 5.26803 2.27251 -1.47248,0
95,3,96,5,-219.644 -14.1215 2.09657 -1.38037,-237.211 5.29559 4.70862 -3.0935,0
95,4,96,2,-219.331 -14.1225 -1.66998 1.12597,-236.368 5.30897 -5.41013 3.64005,0
95,4,96,3,-219.331 -14.0448 -0.95783 0.652219,-236.368 5.27975 -2.80243 1.90422,0
95,4,96,4,-219.331 -14.0173 -0.0949429 0.0780183,-236.368 5.26943 -0.251761 0.206518,0
95,4,96,5,-219.331 -14.0405 0.919535 -0.597188,-236.368 5.27813 2.24144 -1.45273,0
95,4,96,6,-219.331 -14.1139 2.08482 -1.37287,-236.368 5.30576 4.67738 -3.07364,0
95,5,96,3,-219.018 -14.115 -1.68173 1.13346,-235.524 5.31914 -5.44139 3.65992,0
95,5,96,4,-219.018 -14.0373 -0.969573 0.65971,-235.524 5.28985 -2.83349 1.92396,0
95,5,96,5,-219.018 -14.0098 -0.106685 0.0855113,-235.524 5.27951 -0.282748 0.226216,0
95,5,96,6,-219.018 -14.0329 0.907786 -0.589689,-235.524 5.28823 2.2104 -1.433,0
95,5,96,7,-219.018 -14.1064 2.07306 -1.36536,-235.524 5.31591 4.64616 -3.0538,0
95,6,96,4,-218.706 -14.1075 -1.6935 1.14097,-234.68 5.3293 -5.47262 3.67978,0
95,6,96,5,-218.706 -14.0297 -0.981333 0.667212,-234.68 5.29994 -2.86452 1.94369,0
95,6,96,6,-218.706 -14.0023 -0.118445 0.0930151,-234.68 5.28957 -0.313711 0.245899,0
95,6,96,7,-218.706 -14.0254 0.89602 -0.582181,-234.68 5.29831 2.17939 -1.41329,0
95,6,96,8,-218.706 -14.0989 2.06128 -1.35784,-234.68 5.32606 4.61496 -3.03397,0
95,7,96,5,-218.393 -14.0999 -1.70528 1.14848,-233.836 5.33944 -5.50382 3.69962,0
95,7,96,6,-218.393 -14.0222 -0.993112 0.674725,-233.836 5.31001 -2.89553 1.96341,0
95,7,96,7,-218.393 -13.9948 -0.130223 0.10053,-233.836 5.29963 -0.344652 0.265568,0
95,7,96,8,-218.393 -14.0179 0.884236 -0.574661,-233.836 5.30839 2.14839 -1.39359,0
95,7,96,9,-218.393 -14.0914 2.04948 -1.35031,-233.836 5.33621 4.58379 -3.01415,0
95,8,96,6,-218.08 -14.0924 -1.71709 1.15601,-232.992 5.34958 -5.53501 3.71945,0
95,8,96,7,-218.08 -14.0147 -1.00491 0.682249,-232.992 5.32009 -2.92652 1.98311,0
95,8,96,8,-218.08 -13.9872 -0.142018 0.108055,-232.992 5.30967 -0.375569 0.285222,0
95,8,96,9,-218.08 -14.0104 0.872433 -0.56713,-232.992 5.31845 2.11742 -1.3739,0
95,9,96,7,-217.767 -14.0848 -1.72891 1.16354,-232.148 5.35972 -5.56617 3.73926,0
95,9,96,8,-217.767 -14.0071 -1.01672 0.689783,-232.148 5.33015 -2.95749 2.0028,0
95,9,96,9,-217.767 -13.9797 -0.153831 0.11559,-232.148 5.31971 -0.406462 0.304861,0
96,0,97,0,-234.63 -14.0001 -0.106441 0.106441,-234.514 5.35701 -0.270299 0.270299,1
96,0,97,1,-234.63 -14.0186 0.94311 -0.596264,-234.514 5.36409 2.24466 -1.41377,0
96,0,97,2,-234.63 -14.0873 2.14299 -1.39908,-234.514 5.39038 4.70124 -3.05868,0
96,1,97,0,-234.314 -14.0166 -1.00231 0.702652,-233.671 5.37303 -2.83822 1.97955,0
96,1,97,1,-234.314 -13.9846 -0.103701 0.100459,-233.671 5.36079 -0.264395 0.255931,0
96,1,97,2,-234.314 -14.0032 0.945873 -0.602252,-233.671 5.36789 2.25054 -1.42814,0
96,1,97,3,-234.314 -14.0719 2.14592 -1.40518,-233.671 5.39425 4.70707 -3.07306,0
96,2,97,0,-233.998 -14.0832 -1.748 1.19887,-232.829 5.40834 -5.46492 3.72828,0
96,2,97,1,-233.998 -14.0011 -0.999499 0.69662,-232.829 5.37682 -2.83232 1.96517,0
96,2,97,2,-233.998 -13.9692 -0.101012 0.0945297,-232.829 5.36455 -0.258483 0.241572,0
96,2,97,3,-233.998 -13.9877 0.948585 -0.608187,-232.829 5.37167 2.25643 -1.4425,0
96,2,97,4,-233.998 -14.0565 2.14879 -1.41123,-232.829 5.3981 4.71291 -3.08743,0
96,3,97,1,-233.682 -14.0678 -1.74499 1.19268,-231.986 5.41219 -5.45904 3.71387,0
96,3,97,2,-233.682 -13.9857 -0.996744 0.690639,-231.986 5.38059 -2.82641 1.9508,0
96,3,97,3,-233.682 -13.9537 -0.0983752 0.0886521,-231.986 5.3683 -0.252562 0.227221,0
96,3,97,4,-233.682 -13.9723 0.951245 -0.614071,-231.986 5.37544 2.26233 -1.45684,0
96,3,97,5,-233.682 -14.0412 2.15161 -1.41723,-231.986 5.40193 4.71876 -3.1018,0
96,4,97,2,-233.366 -14.0524 -1.74203 1.18654,-231.143 5.41603 -5.45316 3.69947,0
96,4,97,3,-233.366 -13.9703 -0.99404 0.684711,-231.143 5.38435 -2.82049 1.93644,0
96,4,97,4,-233.366 -13.9383 -0.0957896 0.0828265,-231.143 5.37203 -0.246633 0.212877,0
96,4,97,5,-233.366 -13.9569 0.953854 -0.619902,-231.143 5.37919 2.26824 -1.47118,0
96,4,97,6,-233.366 -14.0258 2.15439 -1.42317,-231.143 5.40575 4.72461 -3.11615,0
96,5,97,3,-233.049 -14.0371 -1.73912 1.18045,-230.301 5.41984 -5.44727 3.68508,0
96,5,97,4,-233.049 -13.9548 -0.991388 0.678834,-230.301 5.38809 -2.81456 1.92208,0
96,5,97,5,-233.049 -13.9228 -0.0932553 0.0770529,-230.301 5.37574 -0.240695 0.198542,0
96,5,97,6,-233.049 -13.9414 0.956411 -0.625682,-230.301 5.38292 2.27415 -1.48552,0
96,5,97,7,-233.049 -14.0104 2.15711 -1.42906,-230.301 5.40955 4.73047 -3.13049,0
96,6,97,4,-232.733 -14.0217 -1.73626 1.17441,-229.458 5.42364 -5.44137 3.67069,0
96,6,97,5,-232.733 -13.9394 -0.988786 0.673009,-229.458 5.39182 -2.80862 1.90773,0
96,6,97,6,-232.733 -13.9074 -0.0907722 0.0713311,-229.458 5.37944 -0.234749 0.184216,0
96,6,97,7,-232.733 -13.926 0.958918 -0.63141,-229.458 5.38663 2.28008 -1.49984,0
96,6,97,8,-232.733 -13.995 2.15978 -1.43491,-229.458 5.41333 4.73634 -3.14483,0
96,7,97,5,-232.417 -14.0063 -1.73345 1.16843,-228.615 5.42743 -5.43546 3.65632,0
96,7,97,6,-232.417 -13.9239 -0.986236 0.667236,-228.615 5.39553 -2.80267 1.8934,0
96,7,97,7,-232.417 -13.8919 -0.0883402 0.065661,-228.615 5.38312 -0.228794 0.169897,0
96,7,97,8,-232.417 -13.9105 0.961374 -0.637086,-228.615 5.39033 2.28601 -1.51415,0
96,7,97,9,-232.417 -13.9796 2.16239 -1.4407,-228.615 5.4171 4.74222 -3.15916,0
96,8,97,6,-232.101 -13.9909 -1.7307 1.1625,-227.773 5.43119 -5.42954 3.64195,0
96,8,97,7,-232.101 -13.9085 -0.983737 0.661515,-227.773 5.39922 -2.79672 1.87907,0
96,8,97,8,-232.101 -13.8765 -0.0859592 0.0600426,-227.773 5.38678 -0.222832 0.155588,0
96,8,97,9,-232.101 -13.8951 0.963778 -0.642711,-227.773 5.39402 2.29195 -1.52846,0
96,8,97,10,-232.101 -13.9642 2.16496 -1.44644,-227.773 5.42085 4.74811 -3.17348,0
96,9,97,7,-231.785 -13.9755 -1.72799 1.15662,-226.93 5.43494 -5.42362 3.62759,0
96,9,97,8,-231.785 -13.8931 -0.981289 0.655845,-226.93 5.40289 -2.79075 1.86474,0
96,9,97,9,-231.785 -13.861 -0.0836292 0.0544758,-226.93 5.39043 -0.216861 0.141287,0
96,9,97,10,-231.785 -13.8797 0.966133 -0.648285,-226.93 5.39768 2.2979 -1.54276,0
97,0,98,0,-248.63 -13.9268 -1.205 0.892171,-229.157 5.64071 -3.15053 2.30631,0
97,0,98,1,-248.63 -13.8902 -0.26581 0.26581,-229.157 5.62591 -0.616246 0.616246,1
97,0,98,2,-248.63 -13.9037 0.870458 -0.507585,-229.157 5.63138 1.96066 -1.1367,0
97,0,98,3,-248.63 -13.9671 2.15507 -1.37943,-229.157 5.65706 4.47605 -2.84835,0
97,1,98,0,-248.302 -14.0013 -1.97695 1.41029,-228.319 5.64438 -5.70111 4.01526,0
97,1,98,1,-248.302 -13.9149 -1.18621 0.882561,-228.319 5.60956 -3.10444 2.28282,0
97,1,98,2,-248.302 -13.8783 -0.199398 0.208513,-228.319 5.59481 -0.464841 0.4874,0
97,1,98,3,-248.302 -13.8919 0.936153 -0.56412,-228.319 5.60027 2.11237 -1.26585,0
97,1,98,4,-248.302 -13.9554 2.22051 -1.43555,-228.319 5.62589 4.62852 -2.9782,0
97,2,98,1,-247.973 -13.9895 -1.95784 1.40046,-227.481 5.61319 -5.65499 3.99178,0
97,2,98,2,-247.973 -13.903 -1.11971 0.825173,-227.481 5.57847 -2.95295 2.15388,0
97,2,98,3,-247.973 -13.8663 -0.134075 0.152241,-227.481 5.56376 -0.313498 0.358561,0
97,2,98,4,-247.973 -13.8799 1.00076 -0.61963,-227.481 5.56921 2.26402 -1.39498,0
97,2,98,5,-247.973 -13.9436 2.28485 -1.49064,-227.481 5.59477 4.78091 -3.10802,0
97,3,98,2,-247.645 -13.9777 -1.89079 1.34263,-226.643 5.58205 -5.50297 3.86235,0
97,3,98,3,-247.645 -13.891 -1.0543 0.76881,-226.643 5.54743 -2.80153 2.02495,0
97,3,98,4,-247.645 -13.8543 -0.0698389 0.0969921,-226.643 5.53276 -0.162223 0.229737,0
97,3,98,5,-247.645 -13.8679 1.06428 -0.674116,-226.643 5.5382 2.41559 -1.5241,0
97,3,98,6,-247.645 -13.9318 2.3481 -1.54471,-226.643 5.56371 4.93323 -3.23782,0
97,4,98,3,-247.317 -13.9659 -1.82482 1.28582,-225.805 5.55097 -5.35102 3.73293,0
97,4,98,4,-247.317 -13.879 -0.989971 0.71347,-225.805 5.51644 -2.65017 1.89603,0
97,4,98,5,-247.317 -13.8422 -0.00668976 0.0427656,-225.805 5.50181 -0.011026 0.100937,0
97,4,98,6,-247.317 -13.8559 1.12671 -0.727578,-225.805 5.50725 2.56707 -1.65318,0
97,4,98,7,-247.317 -13.9199 2.41026 -1.59774,-225.805 5.5327 5.08546 -3.36759,0
97,5,98,4,-246.988 -13.9539 -1.75995 1.23004,-224.967 5.51994 -5.19912 3.60352,0
97,5,98,5,-246.988 -13.8669 -0.926732 0.659153,-224.967 5.48551 -2.49889 1.76714,0
97,5,98,6,-246.988 -13.83 0.0553737 -0.0104395,-224.967 5.47092 0.140083 -0.0278296,0
97,5,98,7,-246.988 -13.8437 1.18805 -0.780019,-224.967 5.47636 2.71846 -1.78222,0
97,5,98,8,-246.988 -13.9079 2.47133 -1.64976,-224.967 5.50174 5.23759 -3.49731,0
97,6,98,5,-246.66 -13.9419 -1.69616 1.17529,-224.129 5.48896 -5.0473 3.47413,0
97,6,98,6,-246.66 -13.8547 -0.864577 0.605857,-224.129 5.45463 -2.34769 1.63828,0
97,6,98,7,-246.66 -13.8178 0.116355 -0.0626254,-224.129 5.44009 0.291101 -0.156558,0
97,6,98,8,-246.66 -13.8316 1.24832 -0.831441,-224.129 5.44551 2.86976 -1.91122,0
97,6,98,9,-246.66 -13.8959 2.53132 -1.70075,-224.129 5.47084 5.38962 -3.62698,0
97,7,98,6,-246.332 -13.9299 -1.63347 1.12156,-223.291 5.45804 -4.89556 3.34476,0
97,7,98,7,-246.332 -13.8425 -0.803507 0.553582,-223.291 5.4238 -2.19659 1.50945,0
97,7,98,8,-246.332 -13.8055 0.176253 -0.113792,-223.291 5.40931 0.442016 -0.285238,0
97,7,98,9,-246.332 -13.8193 1.3075 -0.881843,-223.291 5.41472 3.02094 -2.04016,0
97,7,98,10,-246.332 -13.8838 2.59022 -1.75072,-223.291 5.43999 5.54154 -3.7566,0
97,8,98,7,-246.003 -13.9177 -1.57186 1.06885,-222.453 5.42717 -4.74391 3.21543,0
97,8,98,8,-246.003 -13.8302 -0.743519 0.502325,-222.453 5.39303 -2.04559 1.38068,0
97,8,98,9,-246.003 -13.7931 0.23507 -0.163942,-222.453 5.37858 0.592818 -0.413862,0
97,8,98,10,-246.003 -13.807 1.36559 -0.931228,-222.453 5.38399 3.17201 -2.16904,0
97,9,98,8,-245.675 -13.9056 -1.51133 1.01716,-221.615 5.39636 -4.59236 3.08615,0
97,9,98,9,-245.675 -13.8178 -0.684611 0.452086,-221.615 5.36231 -1.8947 1.25196,0
97,9,98,10,-245.675 -13.7807 0.292809 -0.213077,-221.615 5.34791 0.743506 -0.542424,0
97,10,98,8,-245.347 -14.031 -2.12915 1.43207,-220.777 5.41877 -7.19695 4.83036,0
97,10,98,9,-245.347 -13.8933 -1.45188 0.966498,-220.777 5.3656 -4.44091 2.95692,0
97,10,98,10,-245.347 -13.8054 -0.626783 0.402863,-220.777 5.33165 -1.74393 1.1233,0
98,0,99,0,-262.87 -13.7134 -1.50762 1.15727,-224.36 6.28295 -3.40105 2.57187,0
98,0,99,1,-262.87 -13.6666 -1.20578 1.20574,-224.36 6.26151 -2.14752 2.14744,0
98,0,99,2,-262.87 -13.6688 -0.00830342 0.407483,-224.36 6.26247 0.272207 0.534394,0
98,0,99,3,-262.87 -13.7197 1.57368 -0.726399,-224.36 6.28583 2.98755 -1.39666,0
98,1,99,0,-262.52 -13.7613 -2.41383 1.76194,-223.531 6.30487 -5.95825 4.27773,0
98,1,99,1,-262.52 -13.6658 -2.25629 1.90605,-223.531 6.26113 -4.63453 3.8054,0
98,1,99,2,-262.52 -13.6189 -1.20145 1.20145,-223.531 6.23965 -2.13977 2.13977,1
98,1,99,3,-262.52 -13.6211 0.236723 0.162587,-223.531 6.24066 0.647643 0.159002,0
98,1,99,4,-262.52 -13.6724 1.8086 -0.960931,-223.531 6.26414 3.36961 -1.7788,0
98,2,99,1,-262.171 -13.7621 -3.06805 2.4647,-222.702 6.17693 -6.98396 5.40962,0
98,2,99,2,-262.171 -13.666 -2.15605 1.85377,-222.702 6.13382 -4.41591 3.69232,0
98,2,99,3,-262.171 -13.6189 -0.862219 0.909933,-222.702 6.11267 -1.55529 1.6605,0
98,2,99,4,-262.171 -13.6212 0.564584 -0.11746,-222.702 6.1137 1.23767 -0.325832,0
98,2,99,5,-262.171 -13.6729 2.12658 -1.23065,-222.702 6.1369 3.96673 -2.27044,0
98,3,99,2,-261.822 -13.7617 -2.96871 2.41276,-221.872 6.04936 -6.76498 5.29644,0
98,3,99,3,-261.822 -13.6651 -1.81856 1.5631,-221.872 6.00688 -3.83159 3.21317,0
98,3,99,4,-261.822 -13.6177 -0.537778 0.63206,-221.872 5.98606 -0.967283 1.17734,0
98,3,99,5,-261.822 -13.6201 0.877539 -0.383747,-221.872 5.98711 1.83085 -0.814198,0
98,3,99,6,-261.822 -13.6723 2.4295 -1.48646,-221.872 6.01003 4.56667 -2.76529,0
98,4,99,3,-261.472 -13.7602 -2.63126 2.12155,-221.043 5.92216 -6.17899 4.81587,0
98,4,99,4,-261.472 -13.663 -1.49585 1.28605,-221.043 5.88033 -3.24376 2.73012,0
98,4,99,5,-261.472 -13.6154 -0.228196 0.367904,-221.043 5.85984 -0.376175 0.690683,0
98,4,99,6,-261.472 -13.6179 1.17553 -0.636211,-221.043 5.86091 2.42677 -1.30569,0
98,4,99,7,-261.472 -13.6705 2.71733 -1.72832,-221.043 5.88354 5.16904 -3.26293,0
98,5,99,4,-261.123 -13.7576 -2.30861 1.84401,-220.213 5.79535 -5.58946 4.33138,0
98,5,99,5,-261.123 -13.6598 -1.18799 1.02272,-220.213 5.75416 -2.65283 2.24359,0
98,5,99,6,-261.123 -13.612 0.0664688 0.11753,-220.213 5.73401 0.217625 0.200942,0
98,5,99,7,-261.123 -13.6146 1.45851 -0.874799,-220.213 5.7351 3.02503 -1.79991,0
98,5,99,8,-261.123 -13.6676 2.99003 -1.95618,-220.213 5.75744 5.7734 -3.76296,0
98,6,99,5,-260.774 -13.7538 -2.00083 1.58021,-219.384 5.66894 -4.99681 3.84337,0
98,6,99,6,-260.774 -13.6555 -0.895027 0.773166,-219.384 5.6284 -2.05922 1.75397,0
98,6,99,7,-260.774 -13.6074 0.346175 -0.119012,-219.384 5.60858 0.813708 -0.291486,0
98,6,99,8,-260.774 -13.6101 1.72645 -1.09947,-219.384 5.6097 3.6252 -2.29644,0
98,6,99,9,-260.774 -13.6636 3.24758 -2.17002,-219.384 5.63173 6.37935 -4.26498,0
98,7,99,6,-260.424 -13.7489 -1.70797 1.3302,-218.555 5.54294 -4.40145 3.35224,0
98,7,99,7,-260.424 -13.65 -0.617016 0.537432,-218.555 5.50306 -1.46335 1.26167,0
98,7,99,8,-260.424 -13.6017 0.610887 -0.341685,-218.555 5.48357 1.41166 -0.786195,0
98,7,99,9,-260.424 -13.6045 1.97933 -1.3102,-218.555 5.4847 4.22687 -2.79489,0
98,7,99,10,-260.424 -13.6584 3.48997 -2.36981,-218.555 5.50644 6.98646 -4.76857,0
98,8,99,7,-260.075 -13.7429 -1.43009 1.09405,-217.725 5.41735 -3.80379 2.8584,0
98,8,99,8,-260.075 -13.6434 -0.353987 0.315561,-217.725 5.37813 -0.865615 0.767096,0
98,8,99,9,-260.075 -13.5949 0.860585 -0.550461,-217.725 5.35899 2.01106 -1.28278,0
98,8,99,10,-260.075 -13.5978 2.21714 -1.50698,-217.725 5.36014 4.82963 -3.29485,0
98,9,99,8,-259.725 -13.7358 -1.16721 0.871788,-216.896 5.29219 -3.20425 2.36225,0
98,9,99,9,-259.725 -13.6357 -0.105958 0.107579,-216.896 5.25364 -0.266438 0.270643,0
98,9,99,10,-259.725 -13.5869 1.09526 -0.745328,-216.896 5.23484 2.61151 -1.78085,0
98,10,99,8,-259.376 -13.8787 -1.8296 1.32768,-216.066 5.22435 -5.6012 3.99762,0
98,10,99,9,-259.376 -13.7276 -0.919368 0.663448,-216.066 5.16747 -2.60325 1.8642,0
98,10,99,10,-259.376 -13.6269 0.127062 -0.086501,-216.066 5.12959 0.33377 -0.227285,0
99,0,100,1,-276.934 -13.8485 -2.23985 2.11481,-218.907 7.51764 -3.41911 3.18406,0
99,0,100,2,-276.934 -13.6689 -1.36194 1.66243,-218.907 7.42013 -1.5681 2.09673,0
99,0,100,3,-276.934 -13.5332 -0.368684 1.13862,-218.907 7.34647 0.229728 1.03874,0
99,0,100,4,-276.934 -13.4427 0.740633 0.543994,-218.907 7.29736 1.96764 0.0161107,0
99,0,100,5,-276.934 -13.3984 2.43346 -0.587978,-218.907 7.27331 4.05143 -1.37746,0
99,1,100,2,-276.536 -12.8546 -4.21526 3.30431,-218.099 8.67438 -6.46864 4.93537,0
99,1,100,3,-276.536 -12.6841 -3.32635 2.85009,-218.099 8.55935 -4.5504 3.79834,0
99,1,100,4,-276.536 -12.5557 -2.32511 2.32562,-218.099 8.47271 -2.69638 2.69713,0
99,1,100,5,-276.536 -12.4707 -0.748914 1.26957,-218.099 8.41535 -0.507499 1.23178,0
99,1,100,6,-276.536 -12.43 1.59616 -0.511087,-218.099 8.38786 2.20867 -0.790721,0
99,2,100,3,-276.139 -12.6475 -4.62198 3.71202,-217.291 8.53466 -6.89267 5.35764,0
99,2,100,4,-276.139 -12.476 -3.74094 3.26458,-217.291 8.41889 -4.94073 4.18765,0
99,2,100,5,-276.139 -12.3472 -2.28799 2.28799,-217.291 8.33198 -2.6538 2.6538,1
99,2,100,6,-276.139 -12.2625 -0.0752816 0.595758,-217.291 8.27484 0.152333 0.570982,0
99,2,100,7,-276.139 -12.2229 2.22203 -1.13604,-217.291 8.24808 2.89047 -1.47423,0
99,3,100,4,-275.742 -12.6814 -4.55038 3.88229,-216.484 8.02652 -6.54741 5.37904,0
99,3,100,5,-275.742 -12.5053 -3.22764 2.98869,-216.484 7.91511 -4.17243 3.78164,0
99,3,100,6,-275.742 -12.3736 -1.1517 1.38619,-216.484 7.83175 -1.28047 1.63922,0
99,3,100,7,-275.742 -12.2877 1.00602 -0.252345,-216.484 7.77733 1.5415 -0.462157,0
99,3,100,8,-275.742 -12.2484 3.2536 -1.93404,-216.484 7.75248 4.2957 -2.52532,0
99,4,100,5,-275.345 -12.6965 -4.06456 3.61967,-215.676 7.52389 -5.78245 4.97523,0
99,4,100,6,-275.345 -12.5161 -2.12649 2.10633,-215.676 7.41698 -2.80765 2.77353,0
99,4,100,7,-275.345 -12.3816 -0.111226 0.561676,-215.676 7.33724 0.0963401 0.61544,0
99,4,100,8,-275.345 -12.2944 1.99124 -1.0228,-215.676 7.28559 2.93032 -1.50071,0
99,4,100,9,-275.345 -12.2556 4.18903 -2.65421,-215.676 7.26261 5.69705 -3.57829,0
99,5,100,6,-274.948 -12.6933 -2.99201 2.75197,-214.868 7.02742 -4.42374 3.97152,0
99,5,100,7,-274.948 -12.5086 -1.1203 1.30067,-214.868 6.92514 -1.44074 1.75697,0
99,5,100,8,-274.948 -12.3713 0.834054 -0.185821,-214.868 6.84913 1.47119 -0.412766,0
99,5,100,9,-274.948 -12.283 2.88126 -1.71613,-214.868 6.80026 4.31339 -2.53993,0
99,5,100,10,-274.948 -12.2449 5.02945 -3.29733,-214.868 6.77913 7.08918 -4.62842,0
99,6,100,7,-274.551 -12.6722 -2.01352 1.9604,-214.061 6.53774 -3.0639 2.95988,0
99,6,100,8,-274.551 -12.4832 -0.208385 0.571421,-214.061 6.44023 -0.077066 0.736728,0
99,6,100,9,-274.551 -12.3433 1.68509 -0.856861,-214.061 6.36802 2.83871 -1.44067,0
99,6,100,10,-274.551 -12.254 3.67728 -2.33315,-214.061 6.32198 5.68539 -3.57513,0
99,7,100,8,-274.154 -12.6335 -1.12839 1.24463,-213.253 6.05547 -1.70824 1.94502,0
99,7,100,9,-274.154 -12.4404 0.610244 -0.0820191,-213.253 5.96288 1.27805 -0.282511,0
99,7,100,10,-274.154 -12.2978 2.44314 -1.4523,-213.253 5.89456 4.19365 -2.46362,0
99,8,100,8,-273.757 -12.8248 -1.92042 1.83086,-212.446 5.69088 -3.41468 3.2084,0
99,8,100,9,-273.757 -12.5777 -0.335571 0.604059,-212.446 5.58123 -0.362039 0.93158,0
99,8,100,10,-273.757 -12.3805 1.33691 -0.660537,-212.446 5.49369 2.6194 -1.29614,0
99,9,100,8,-273.36 -13.0588 -2.58131 2.32862,-211.638 5.34203 -5.18739 4.5223,0
99,9,100,9,-273.36 -12.7579 -1.14698 1.1985,-211.638 5.21892 -2.07351 2.19771,0
99,9,100,10,-273.36 -12.5053 0.366282 0.037776,-211.638 5.11558 0.969579 -0.0758663,0
99,10,100,8,-272.962 -13.3363 -3.11027 2.73791,-210.83 5.00419 -7.01632 5.88143,0
99,10,100,9,-272.962 -12.9823 -1.82114 1.7,-210.83 4.87138 -3.84708 3.51116,0
99,10,100,10,-272.962 -12.6746 -0.463538 0.639849,-210.83 4.75592 -0.747407 1.19312,0
100,0,101,1,-291.512 -8.09645 -1.93982 1.87651,-212.29 6.35906 -1.99152 1.91008,0
100,0,101,2,-291.512 -7.92526 -0.38522 0.87896,-212.29 6.22461 -0.0825268 0.664387,0
100,0,101,3,-291.512 -7.81467 1.34014 -0.22876,-212.29 6.13775 1.67684 -0.47927,0
100,0,101,4,-291.512 -7.76726 3.23989 -1.44769,-212.29 6.10051 3.27709 -1.51344,0
100,0,101,5,-291.512 -7.78418 5.31346 -2.77612,-212.29 6.1138 4.71251 -2.43329,0
100,1,101,2,-290.907 -7.69181 -2.64568 2.30081,-211.624 6.56715 -2.79525 2.3684,0
100,1,101,3,-290.907 -7.52454 -1.08069 1.29679,-211.624 6.42434 -0.860119 1.10492,0
100,1,101,4,-290.907 -7.41691 0.652972 0.18372,-211.624 6.33244 0.916672 -0.0511207,0
100,1,101,5,-290.907 -7.37152 2.5589 -1.03937,-211.624 6.29369 2.5251 -1.09195,0
100,1,101,6,-290.907 -7.38953 4.6364 -2.37063,-211.624 6.30906 3.95927 -2.01264,0
100,2,101,3,-290.302 -7.28402 -3.35446 2.72488,-210.958 6.75306 -3.54756 2.79746,0
100,2,101,4,-290.302 -7.12101 -1.7782 1.71384,-210.958 6.60193 -1.58638 1.51627,0
100,2,101,5,-290.302 -7.01653 -0.0356561 0.595047,-210.958 6.50507 0.207622 0.347973,0
100,2,101,6,-290.302 -6.97323 1.87672 -0.632398,-210.958 6.46493 1.82386 -0.699272,0
100,2,101,7,-290.302 -6.99223 3.95806 -1.96651,-210.958 6.48255 3.25627 -1.62045,0
100,3,101,4,-289.697 -6.8742 -4.06374 3.14741,-210.292 6.9169 -4.24877 3.19752,0
100,3,101,5,-289.697 -6.71579 -2.47532 2.12881,-210.292 6.7575 -2.26167 1.89866,0
100,3,101,6,-289.697 -6.61468 -0.723314 1.00392,-210.292 6.65577 -0.450684 0.718263,0
100,3,101,7,-289.697 -6.57351 1.19575 -0.228074,-210.292 6.61435 1.173 -0.335149,0
100,3,101,8,-289.697 -6.59342 3.43499 -1.71918,-210.292 6.63438 2.69539 -1.34873,0
100,4,101,5,-289.092 -6.46347 -4.77111 3.56712,-209.626 7.05883 -4.89936 3.56885,0
100,4,101,6,-289.092 -6.31 -3.16964 2.54041,-209.626 6.89123 -2.88646 2.2524,0
100,4,101,7,-289.092 -6.21245 -1.4076 1.40905,-209.626 6.78469 -1.05873 1.06006,0
100,4,101,8,-289.092 -6.17347 0.669022 0.0216844,-209.626 6.74213 0.662178 -0.0894352,0
100,4,101,9,-289.092 -6.19418 4.26656 -2.82692,-209.626 6.76474 3.18936 -2.11038,0
100,5,101,6,-288.486 -6.34143 -4.8972 3.69424,-208.959 6.92555 -4.99285 3.6583,0
100,5,101,7,-288.486 -6.18618 -3.2959 2.66593,-208.959 6.75601 -2.9667 2.33054,0
100,5,101,8,-288.486 -6.08792 -1.38365 1.38365,-208.959 6.6487 -1.04141 1.04141,1
100,5,101,9,-288.486 -6.04943 2.01806 -1.32833,-208.959 6.60666 1.66621 -1.09532,0
100,6,101,7,-287.881 -6.61517 -4.22765 3.42151,-208.293 6.40764 -4.31056 3.35659,0
100,6,101,8,-287.881 -6.44809 -2.49851 2.25352,-208.293 6.2458 -2.2019 1.93862,0
100,6,101,9,-287.881 -6.34279 0.704024 -0.326081,-208.293 6.14381 0.687996 -0.320432,0
100,7,101,7,-287.276 -7.09038 -5.02167 4.08558,-207.627 6.08858 -5.78708 4.486,0
100,7,101,8,-287.276 -6.85023 -3.48246 3.03446,-207.627 5.88236 -3.51807 2.95206,0
100,7,101,9,-287.276 -6.6716 -0.47838 0.579973,-207.627 5.72897 -0.453622 0.56985,0
100,8,101,7,-286.671 -7.61693 -5.66963 4.65494,-206.961 5.78555 -7.36656 5.70233,0
100,8,101,8,-286.671 -7.30228 -4.32041 3.71931,-206.961 5.54656 -4.96498 4.06859,0
100,8,101,9,-286.671 -7.04673 -1.50661 1.37818,-206.961 5.35245 -1.74011 1.56668,0
100,9,101,7,-286.066 -8.19648 -6.17112 5.13082,-206.295 5.48397 -9.01509 6.98628,0
100,9,101,8,-286.066 -7.80853 -5.00589 4.30588,-206.295 5.22441 -6.51125 5.27085,0
100,9,101,9,-286.066 -7.47551 -2.36718 2.06238,-206.295 5.00159 -3.14487 2.65613,0
100,10,101,7,-285.461 -8.82747 -6.53276 5.5183,-205.629 5.16892 -10.6971 8.31717,0
100,10,101,8,-285.461 -8.36957 -5.54077 4.79664,-205.629 4.90079 -8.12166 6.5387,0
100,10,101,9,-285.461 -7.96125 -3.05629 2.63208,-205.629 4.6617 -4.63539 3.82037,0
101,0,102,0,-300.4 -4.51853 -1.18411 1.22795,-206.542 5.54846 -0.744042 0.779455,0
101,0,102,1,-300.4 -4.44323 0.945346 -0.178533,-206.542 5.45599 0.764076 -0.22056,0
101,0,102,2,-300.4 -4.43998 3.26978 -1.70794,-206.542 5.45201 1.99385 -1.03071,0
101,0,102,3,-300.4 -4.50895 5.78661 -3.35753,-206.542 5.53669 2.94322 -1.64912,0
101,1,102,0,-299.672 -4.47193 -3.41785 2.68686,-206.013 5.71187 -2.74561 2.08876,0
101,1,102,1,-299.672 -4.32968 -1.47209 1.39712,-206.013 5.53018 -0.959264 0.899747,0
101,1,102,2,-299.672 -4.25556 0.661195 -0.0120071,-206.013 5.4355 0.555858 -0.105058,0
101,1,102,3,-299.672 -4.25312 2.98868 -1.54365,-206.013 5.43239 1.78399 -0.914432,0
101,1,102,4,-299.672 -4.32249 5.50761 -3.19494,-206.013 5.52099 2.72319 -1.5266,0
101,2,102,1,-298.944 -4.28382 -3.70387 2.85482,-205.484 5.69358 -2.96399 2.21222,0
101,2,102,2,-298.944 -4.14326 -1.75318 1.56184,-205.484 5.50676 -1.16252 1.01321,0
101,2,102,3,-298.944 -4.07034 0.384015 0.150005,-205.484 5.40985 0.35966 0.00358206,0
101,2,102,4,-298.944 -4.06871 2.71454 -1.38389,-205.484 5.40768 1.58594 -0.804882,0
101,2,102,5,-298.944 -4.13844 5.23549 -3.03683,-205.484 5.50035 2.51453 -1.4105,0
101,3,102,2,-298.216 -4.09818 -3.98293 3.01828,-204.955 5.67033 -3.17088 2.32916,0
101,3,102,3,-298.216 -3.95939 -2.02712 1.72196,-204.955 5.4783 -1.35402 1.11996,0
101,3,102,4,-298.216 -3.88772 0.114086 0.307351,-204.955 5.37913 0.175275 0.105478,0
101,3,102,5,-298.216 -3.88687 2.44766 -1.22879,-204.955 5.37796 1.39949 -0.70193,0
101,3,102,6,-298.216 -3.9569 4.9705 -2.88333,-204.955 5.47486 2.317 -1.30069,0
101,4,102,3,-297.487 -3.91513 -4.25475 3.1771,-204.426 5.64222 -3.36653 2.4397,0
101,4,102,4,-297.487 -3.77819 -2.29363 1.87731,-204.426 5.44488 -1.53398 1.22014,0
101,4,102,5,-297.487 -3.7078 -0.148323 0.459886,-204.426 5.34343 0.00249108 0.200754,0
101,4,102,6,-297.487 -3.70774 2.18829 -1.07851,-204.426 5.34334 1.22442 -0.605448,0
101,4,102,7,-297.487 -3.77801 4.71291 -2.73459,-204.426 5.44462 2.13037 -1.19703,0
101,5,102,4,-296.759 -3.73479 -4.51908 3.33113,-203.897 5.60935 -3.55116 2.544,0
101,5,102,5,-296.759 -3.59979 -2.55245 2.02777,-203.897 5.4066 -1.70263 1.31386,0
101,5,102,6,-296.759 -3.53071 -0.402943 0.607466,-203.897 5.30284 -0.158912 0.289534,0
101,5,102,7,-296.759 -3.53142 1.9367 -0.93319,-203.897 5.30391 1.0605 -0.515305,0
101,5,102,8,-296.759 -3.60188 4.46298 -2.59074,-203.897 5.40973 1.95437 -1.09936,0
101,6,102,5,-296.031 -3.55728 -4.77566 3.48025,-203.368 5.57183 -3.72504 2.64219,0
101,6,102,6,-296.031 -3.42431 -2.8033 2.1732,-203.368 5.36355 -1.8602 1.40126,0
101,6,102,7,-296.031 -3.35658 -0.64951 0.749948,-203.368 5.25747 -0.309156 0.371946,0
101,6,102,8,-296.031 -3.35805 1.69315 -0.792966,-203.368 5.25977 0.907496 -0.431365,0
101,6,102,9,-296.031 -3.42862 4.27852 -2.50949,-203.368 5.37031 1.81184 -1.03061,0
101,7,102,6,-295.303 -3.38272 -5.02425 3.62432,-202.84 5.52976 -3.88843 2.73443,0
101,7,102,7,-295.303 -3.25186 -3.04595 2.31344,-202.84 5.31585 -2.00693 1.48249,0
101,7,102,8,-295.303 -3.18552 -0.887771 0.887195,-202.84 5.2074 -0.448475 0.448122,0
101,7,102,9,-295.303 -3.18773 1.51307 -0.713162,-202.84 5.21102 0.787291 -0.375618,0
101,8,102,7,-294.574 -3.31593 -5.05516 3.65848,-202.311 5.42058 -3.91621 2.75819,0
101,8,102,8,-294.574 -3.18308 -3.0791 2.34786,-202.311 5.20341 -2.02271 1.4975,0
101,8,102,9,-294.574 -3.11605 -0.86672 0.86672,-202.311 5.09384 -0.43766 0.43766,1
101,9,102,7,-293.846 -4.41858 -4.94029 3.91804,-201.782 4.90096 -4.68897 3.52172,0
101,9,102,8,-293.846 -4.16939 -3.2434 2.77024,-201.782 4.62457 -2.56902 2.09381,0
101,9,102,9,-293.846 -3.99627 -1.29221 1.4442,-201.782 4.43255 -0.698564 0.831011,0
102,0,103,0,-304.875 -3.31328 -2.55794 2.26105,-200.958 6.61924 -1.069 0.911868,0
102,0,103,1,-304.875 -3.25779 -0.134052 0.638558,-200.958 6.50839 0.097389 0.131562,0
102,0,103,2,-304.875 -3.25165 2.41305 -1.05781,-200.958 6.49611 0.959204 -0.442733,0
102,0,103,3,-304.875 -3.29511 5.08368 -2.82809,-200.958 6.58295 1.51465 -0.809779,0
102,1,103,0,-304.077 -3.28413 -4.99311 3.86879,-200.542 6.72373 -2.60364 1.92637,0
102,1,103,1,-304.077 -3.18236 -2.68576 2.31655,-200.542 6.51537 -1.13699 0.943322,0
102,1,103,2,-304.077 -3.12752 -0.260497 0.693332,-200.542 6.40309 0.0333306 0.160519,0
102,1,103,3,-304.077 -3.12208 2.28849 -1.00422,-200.542 6.39195 0.891618 -0.411388,0
102,1,103,4,-304.077 -3.16629 4.96147 -2.7761,-200.542 6.48247 1.43617 -0.771225,0
102,2,103,1,-303.278 -3.15492 -5.11689 3.92196,-200.126 6.62187 -2.67882 1.96301,0
102,2,103,2,-303.278 -3.0538 -2.8085 2.36935,-200.126 6.40964 -1.2012 0.972862,0
102,2,103,3,-303.278 -2.99961 -0.381871 0.745399,-200.126 6.29589 -0.0268285 0.187483,0
102,2,103,4,-303.278 -2.99487 2.16902 -0.953348,-200.126 6.28595 0.827745 -0.381914,0
102,2,103,5,-303.278 -3.03983 4.84436 -2.72685,-200.126 6.38032 1.36093 -0.73423,0
102,3,103,2,-302.48 -3.02808 -5.23554 3.97239,-199.711 6.5183 -2.75067 1.99803,0
102,3,103,3,-302.48 -2.92763 -2.92612 2.4194,-199.711 6.30208 -1.26171 1.00053,0
102,3,103,4,-302.48 -2.87409 -0.498122 0.794734,-199.711 6.18681 -0.0831607 0.21249,0
102,3,103,5,-302.48 -2.87006 2.05469 -0.905219,-199.711 6.17815 0.767499 -0.354265,0
102,3,103,6,-302.48 -2.91576 4.73241 -2.68037,-199.711 6.27653 1.28882 -0.698731,0
102,4,103,3,-301.682 -2.90364 -5.34903 4.02004,-199.295 6.41308 -2.81931 2.03149,0
102,4,103,4,-301.682 -2.80387 -3.03858 2.4667,-199.295 6.19273 -1.3186 1.02637,0
102,4,103,5,-301.682 -2.75098 -0.609205 0.841314,-199.295 6.0759 -0.13574 0.235578,0
102,4,103,6,-301.682 -2.74766 1.94553 -0.859858,-199.295 6.06858 0.710795 -0.328398,0
102,4,103,7,-301.682 -2.79411 4.62567 -2.63668,-199.295 6.17116 1.21972 -0.664662,0
102,5,103,4,-300.884 -2.78162 -5.4573 4.0649,-198.879 6.30625 -2.88484 2.06346,0
102,5,103,5,-300.884 -2.68254 -3.14582 2.51122,-198.879 6.08162 -1.37194 1.05042,0
102,5,103,6,-300.884 -2.63031 -0.715072 0.885115,-198.879 5.9632 -0.184641 0.256784,0
102,5,103,7,-300.884 -2.62771 1.84161 -0.817291,-198.879 5.9573 0.657545 -0.304264,0
102,5,103,8,-300.884 -2.67489 4.52419 -2.5958,-198.879 6.06426 1.15351 -0.631955,0
102,6,103,5,-300.085 -2.66205 -5.5603 4.10693,-198.464 6.19785 -2.94738 2.09399,0
102,6,103,6,-300.085 -2.56367 -3.24779 2.55292,-198.464 5.96881 -1.42184 1.07273,0
102,6,103,7,-300.085 -2.5121 -0.815672 0.926111,-198.464 5.84873 -0.229936 0.276146,0
102,6,103,8,-300.085 -2.51021 1.74298 -0.777543,-198.464 5.84434 0.607659 -0.281818,0
102,6,103,9,-300.085 -2.55812 4.428 -2.55778,-198.464 5.95589 1.09007 -0.600537,0
102,7,103,6,-299.287 -2.54495 -5.65799 4.14612,-198.048 6.08796 -3.00705 2.12315,0
102,7,103,7,-299.287 -2.44728 -3.34445 2.5918,-198.048 5.85432 -1.46838 1.09335,0
102,7,103,8,-299.287 -2.39637 -0.910965 0.964282,-198.048 5.73254 -0.271703 0.293701,0
102,7,103,9,-299.287 -2.3952 1.64966 -0.740633,-198.048 5.72974 0.561045 -0.261009,0
102,7,103,10,-299.287 -2.44384 4.34435 -2.5298,-198.048 5.8461 1.0308 -0.571886,0
102,8,103,7,-298.489 -2.43033 -5.75032 4.18244,-197.633 5.9766 -3.06397 2.15102,0
102,8,103,8,-298.489 -2.33339 -3.43576 2.62782,-197.633 5.73821 -1.51163 1.11232,0
102,8,103,9,-298.489 -2.28315 -1.0009 0.999607,-197.633 5.61467 -0.310017 0.309489,0
102,8,103,10,-298.489 -2.2827 1.56858 -0.713448,-197.633 5.61356 0.519095 -0.243273,0
102,9,103,8,-297.69 -2.37519 -5.7233 4.15889,-197.217 5.84101 -3.07257 2.15482,0
102,9,103,9,-297.69 -2.27663 -3.41246 2.60636,-197.217 5.59862 -1.50792 1.10779,0
102,9,103,10,-297.69 -2.22584 -0.971985 0.971985,-197.217 5.47374 -0.300691 0.300691,1
103,0,104,0,-308.485 -1.69455 -1.493 1.56804,-194.496 7.4297 -0.140607 0.157324,0
103,0,104,1,-308.485 -1.6875 1.20317 -0.241633,-194.496 7.39878 0.275595 -0.120397,0
103,0,104,2,-308.485 -1.70409 3.94687 -2.0752,-194.496 7.4715 0.378325 -0.188288,0
103,1,104,0,-307.628 -1.67848 -4.09569 3.29777,-194.22 7.39872 -0.870586 0.643045,0
103,1,104,1,-307.628 -1.64798 -1.44663 1.51176,-194.22 7.26427 -0.141174 0.155644,0
103,1,104,2,-307.628 -1.64124 1.24938 -0.297437,-194.22 7.23456 0.271463 -0.119726,0
103,1,104,3,-307.628 -1.65855 3.99419 -2.13139,-194.22 7.31087 0.363465 -0.180479,0
103,2,104,0,-306.771 -1.68588 -6.65175 5.00435,-193.945 7.47144 -1.91432 1.33882,0
103,2,104,1,-306.771 -1.63239 -4.04846 3.24113,-193.945 7.2344 -0.874583 0.643682,0
103,2,104,2,-306.771 -1.60178 -1.40083 1.45644,-193.945 7.09874 -0.141434 0.153753,0
103,2,104,3,-306.771 -1.59537 1.29505 -0.352311,-193.945 7.0703 0.267457 -0.119141,0
103,2,104,4,-306.771 -1.61343 4.04106 -2.1867,-193.945 7.15037 0.348229 -0.172419,0
103,3,104,1,-305.914 -1.6407 -6.60243 4.94653,-193.67 7.31062 -1.92893 1.34657,0
103,3,104,2,-305.914 -1.58671 -4.00177 3.18542,-193.67 7.07004 -0.878443 0.644223,0
103,3,104,3,-305.914 -1.55597 -1.35559 1.40206,-193.67 6.93311 -0.141396 0.151662,0
103,3,104,4,-305.914 -1.54989 1.3402 -0.406257,-193.67 6.90601 0.263556 -0.118627,0
103,3,104,5,-305.914 -1.56874 4.08749 -2.24115,-193.67 6.99 0.332561 -0.16407,0
103,4,104,2,-305.058 -1.59594 -6.55357 4.88957,-193.395 7.14992 -1.94389 1.35455,0
103,4,104,3,-305.058 -1.54141 -3.95561 3.13064,-193.395 6.90564 -0.882188 0.644685,0
103,4,104,4,-305.058 -1.51055 -1.31092 1.34864,-193.395 6.76739 -0.14107 0.149379,0
103,4,104,5,-305.058 -1.50482 1.38481 -0.459274,-193.395 6.74168 0.259735 -0.118163,0
103,4,104,6,-305.058 -1.52448 4.1335 -2.29474,-193.395 6.8298 0.3164 -0.155388,0
103,5,104,3,-304.201 -1.5516 -6.50515 4.83349,-193.119 6.98936 -1.95926 1.36281,0
103,5,104,4,-304.201 -1.49652 -3.90998 3.07679,-193.119 6.74121 -0.885841 0.645086,0
103,5,104,5,-304.201 -1.46552 -1.26681 1.29616,-193.119 6.60157 -0.140464 0.146912,0
103,5,104,6,-304.201 -1.46014 1.42889 -0.511364,-193.119 6.57734 0.25597 -0.117733,0
103,5,104,7,-304.201 -1.48066 4.17908 -2.34748,-193.119 6.66978 0.299681 -0.146327,0
103,6,104,4,-303.344 -1.5077 -6.45716 4.77827,-192.844 6.82895 -1.97511 1.37138,0
103,6,104,5,-303.344 -1.45202 -3.86489 3.02386,-192.844 6.57676 -0.889424 0.645443,0
103,6,104,6,-303.344 -1.42087 -1.22327 1.24464,-192.844 6.43565 -0.139587 0.144269,0
103,6,104,7,-303.344 -1.41586 1.47245 -0.562532,-192.844 6.41297 0.252237 -0.117317,0
103,6,104,8,-303.344 -1.43727 4.22425 -2.39937,-192.844 6.50996 0.282334 -0.136839,0
103,7,104,5,-302.487 -1.46423 -6.4096 4.7239,-192.569 6.66872 -1.99149 1.3803,0
103,7,104,6,-302.487 -1.40792 -3.82031 2.97186,-192.569 6.41228 -0.892964 0.645776,0
103,7,104,7,-302.487 -1.3766 -1.18029 1.19407,-192.569 6.26965 -0.138449 0.141459,0
103,7,104,8,-302.487 -1.37198 1.51549 -0.612777,-192.569 6.2486 0.248506 -0.116893,0
103,7,104,9,-302.487 -1.39433 4.26903 -2.45043,-192.569 6.35036 0.264283 -0.126869,0
103,8,104,6,-301.63 -1.42119 -6.36245 4.67039,-192.294 6.50868 -2.00847 1.38964,0
103,8,104,7,-301.63 -1.36422 -3.77626 2.92079,-192.294 6.2478 -0.896488 0.646106,0
103,8,104,8,-301.63 -1.33273 -1.13787 1.14445,-192.294 6.10354 -0.137059 0.13849,0
103,8,104,9,-301.63 -1.32851 1.558 -0.662101,-192.294 6.08422 0.244749 -0.116439,0
103,8,104,10,-301.63 -1.35183 4.28878 -2.47601,-192.294 6.19101 0.244607 -0.115525,0
103,9,104,7,-300.773 -1.37859 -6.31571 4.61772,-192.018 6.34887 -2.02614 1.39944,0
103,9,104,8,-300.773 -1.32093 -3.73273 2.87063,-192.018 6.0833 -0.900023 0.646454,0
103,9,104,9,-300.773 -1.28924 -1.09603 1.09578,-192.018 5.93735 -0.135425 0.135371,0
103,9,104,10,-300.773 -1.28544 1.57646 -0.686952,-192.018 5.91985 0.240134 -0.115134,0
103,10,104,8,-299.916 -1.34361 -6.25502 4.55871,-191.743 6.18775 -2.04146 1.40821,0
103,10,104,9,-299.916 -1.28489 -3.67601 2.81454,-191.743 5.91733 -0.900636 0.64536,0
103,10,104,10,-299.916 -1.25281 -1.06434 1.06434,-191.743 5.76961 -0.131442 0.131442,1
104,0,105,0,-310.105 0.0236877 0.310005 0.32919,-187.049 7.65847 0.0895947 -0.1183,0
104,0,105,1,-310.105 0.0239009 3.04218 -1.50531,-187.049 7.72738 -0.311873 0.152647,0
104,0,105,2,-310.105 0.0244313 5.75432 -3.32009,-187.049 7.89889 -1.01894 0.626583,0
104,1,105,0,-309.211 -0.00600739 -2.28298 2.05832,-186.942 7.52574 0.162097 -0.165631,0
104,1,105,1,-309.211 -0.00597915 0.470134 0.203066,-186.942 7.49037 0.0714286 -0.101203,0
104,1,105,2,-309.211 -0.00603689 3.20156 -1.63041,-186.942 7.56269 -0.339729 0.176009,0
104,2,105,0,-308.318 -0.0351682 -4.89969 3.81064,-186.834 7.49931 -0.0819692 -0.00269155,0
104,2,105,1,-308.318 -0.0344982 -2.12589 1.93406,-186.834 7.35643 0.147595 -0.150996,0
104,2,105,2,-308.318 -0.0343376 0.625379 0.0805174,-186.834 7.32219 0.0541983 -0.0849787,0
104,2,105,3,-308.318 -0.0346936 3.35612 -1.75198,-186.834 7.3981 -0.367128 0.198822,0
104,3,105,0,-307.424 -0.0650461 -7.53787 5.58515,-186.726 7.58029 -0.645905 0.37271,0
104,3,105,1,-307.424 -0.062909 -4.74457 3.6876,-186.726 7.33124 -0.100221 0.0144564,0
104,3,105,2,-307.424 -0.0616714 -1.97372 1.8134,-186.726 7.18702 0.134159 -0.137323,0
104,3,105,3,-307.424 -0.0613879 0.775734 -0.0384485,-186.726 7.15397 0.0378533 -0.0695893,0
104,3,105,4,-307.424 -0.0620713 3.50586 -1.87001,-186.726 7.23362 -0.394151 0.221148,0
104,4,105,1,-306.53 -0.0924954 -7.38355 5.46262,-186.619 7.41587 -0.675284 0.397326,0
104,4,105,2,-306.53 -0.089343 -4.59433 3.56813,-186.619 7.16313 -0.117611 0.0307781,0
104,4,105,3,-306.53 -0.0875268 -1.82647 1.69634,-186.619 7.01751 0.121751 -0.124581,0
104,4,105,4,-306.53 -0.0871302 0.921191 -0.153825,-186.619 6.98571 0.0223423 -0.0549943,0
104,4,105,5,-306.53 -0.0881724 3.65079 -1.98449,-186.619 7.06927 -0.420882 0.243047,0
104,5,105,2,-305.637 -0.11867 -7.23402 5.3436,-186.511 7.25159 -0.704326 0.421466,0
104,5,105,3,-305.637 -0.114471 -4.44898 3.45225,-186.511 6.99499 -0.134191 0.0463147,0
104,5,105,4,-305.637 -0.112064 -1.68414 1.58289,-186.511 6.8479 0.11033 -0.112736,0
104,5,105,5,-305.637 -0.111565 1.06175 -0.265606,-186.511 6.81742 0.0076125 -0.0411531,0
104,5,105,6,-305.637 -0.113 3.7909 -2.09544,-186.511 6.90508 -0.44741 0.264585,0
104,6,105,3,-304.743 -0.143573 -7.08929 5.22812,-186.404 7.08748 -0.733119 0.445195,0
104,6,105,4,-304.743 -0.138293 -4.30852 3.33995,-186.404 6.82685 -0.150016 0.0611082,0
104,6,105,5,-304.743 -0.135282 -1.54674 1.47305,-186.404 6.67822 0.099857 -0.101757,0
104,6,105,6,-304.743 -0.134693 1.19739 -0.373784,-186.404 6.64911 -0.00638996 -0.0280239,0
104,6,105,7,-304.743 -0.136556 3.92619 -2.20283,-186.404 6.74108 -0.47383 0.285831,0
104,7,105,4,-303.85 -0.167207 -6.94937 5.11616,-186.296 6.92356 -0.761756 0.468579,0
104,7,105,5,-303.85 -0.16081 -4.17296 3.23125,-186.296 6.6587 -0.165144 0.0752021,0
104,7,105,6,-303.85 -0.157182 -1.41429 1.36683,-186.296 6.50846 0.0902911 -0.0916103,0
104,7,105,7,-303.85 -0.156514 1.32812 -0.478355,-186.296 6.48081 -0.0197206 -0.0155641,0
104,7,105,8,-303.85 -0.158844 4.05667 -2.30669,-186.296 6.57729 -0.500241 0.306856,0
104,8,105,5,-302.956 -0.189575 -6.81423 5.00773,-186.189 6.75984 -0.790334 0.491691,0
104,8,105,6,-302.956 -0.182024 -4.0423 3.12614,-186.189 6.49057 -0.179631 0.0886409,0
104,8,105,7,-302.956 -0.177763 -1.28678 1.26425,-186.189 6.33863 0.0815924 -0.0822645,0
104,8,105,8,-302.956 -0.17703 1.45393 -0.579314,-186.189 6.31251 -0.0324365 -0.0037298,0
104,8,105,9,-302.956 -0.179869 4.13735 -2.36201,-186.189 6.41374 -0.519749 0.320739,0
104,9,105,6,-302.063 -0.210682 -6.68389 4.90284,-186.081 6.59638 -0.818957 0.514604,0
104,9,105,7,-302.063 -0.201934 -3.91655 3.02464,-186.081 6.32247 -0.193538 0.10147,0
104,9,105,8,-302.063 -0.197024 -1.16423 1.16529,-186.081 6.16875 0.0737206 -0.0736867,0
104,9,105,9,-302.063 -0.196241 1.53173 -0.633556,-186.081 6.14424 -0.0378918 0.00081911,0
104,9,105,10,-302.063 -0.199634 3.54597 -1.74652,-186.081 6.25046 -0.395561 0.190652,0
104,10,105,7,-301.169 -0.205497 -6.60841 4.82651,-185.974 6.43403 -0.849432 0.538246,0
104,10,105,8,-301.169 -0.196592 -3.84361 2.9507,-185.974 6.15523 -0.208551 0.114548,0
104,10,105,9,-301.169 -0.191622 -1.13541 1.13541,-185.974 5.99961 0.0716003 -0.0716003,1
104,10,105,10,-301.169 -0.190893 0.920196 -0.023036,-185.974 5.97679 0.0931502 -0.131957,0
105,0,106,0,-309.442 1.5892 -2.97721 2.55818,-179.419 7.28981 0.839506 -0.760627,0
105,0,106,1,-309.442 1.58437 -0.234085 0.693434,-179.419 7.26764 0.204428 -0.320003,0
105,0,106,2,-309.442 1.60262 2.41794 -1.1033,-179.419 7.35135 -0.739082 0.323173,0
105,1,106,0,-308.544 1.53214 -5.54533 4.28548,-179.481 7.27572 1.07559 -0.92101,0
105,1,106,1,-308.544 1.50511 -2.71155 2.35227,-179.481 7.14736 0.751026 -0.684706,0
105,1,106,2,-308.544 1.50068 0.0285223 0.490169,-179.481 7.12634 0.115327 -0.244603,0
105,1,106,3,-308.544 1.51905 2.67865 -1.30479,-179.481 7.21359 -0.836401 0.403257,0
105,2,106,0,-307.646 1.49695 -8.2053 6.08275,-179.543 7.36746 1.00285 -0.878385,0
105,2,106,1,-307.646 1.44946 -5.28335 4.08183,-179.543 7.13376 0.985293 -0.843752,0
105,2,106,2,-307.646 1.42312 -2.45371 2.15207,-179.543 7.0041 0.667811 -0.613232,0
105,2,106,3,-307.646 1.41909 0.283279 0.292658,-179.543 6.98428 0.0312531 -0.173468,0
105,2,106,4,-307.646 1.43756 2.93155 -1.50054,-179.543 7.07521 -0.92921 0.479444,0
105,3,106,1,-306.748 1.41536 -7.94583 5.88052,-179.604 7.22839 0.903128 -0.794595,0
105,3,106,2,-306.748 1.36889 -5.02918 3.88389,-179.604 6.99105 0.900054 -0.770806,0
105,3,106,3,-306.748 1.34324 -2.20377 1.95767,-179.604 6.86004 0.589724 -0.54609,0
105,3,106,4,-306.748 1.3396 0.530105 0.100974,-179.604 6.84148 -0.04794 -0.106478,0
105,3,106,5,-306.748 1.35816 3.17656 -1.69049,-179.604 6.93625 -1.01768 0.551872,0
105,4,106,2,-305.85 1.33586 -7.69409 5.68393,-179.666 7.08873 0.807982 -0.714794,0
105,4,106,3,-305.85 1.29042 -4.7829 3.69173,-179.666 6.84762 0.819732 -0.702052,0
105,4,106,4,-305.85 1.26547 -1.96181 1.76913,-179.666 6.71521 0.51663 -0.483167,0
105,4,106,5,-305.85 1.26222 0.768919 -0.0848087,-179.666 6.69797 -0.122401 -0.04351,0
105,4,106,6,-305.85 1.28084 3.4136 -1.87457,-179.666 6.79675 -1.102 0.620685,0
105,5,106,3,-304.952 1.25846 -7.45016 5.49307,-179.727 6.94852 0.717241 -0.638845,0
105,5,106,4,-304.952 1.21408 -4.54459 3.50542,-179.727 6.70349 0.744179 -0.63737,0
105,5,106,5,-304.952 1.18983 -1.72792 1.58653,-179.727 6.56963 0.448391 -0.424349,0
105,5,106,6,-304.952 1.18696 0.999643 -0.26462,-179.727 6.55377 -0.192281 0.0155594,0
105,5,106,7,-304.952 1.20561 3.64262 -2.05271,-179.727 6.65676 -1.18235 0.686029,0
105,6,106,4,-304.054 1.18314 -7.21411 5.30798,-179.789 6.8078 0.630726 -0.566608,0
105,6,106,5,-304.054 1.13985 -4.31433 3.32504,-179.789 6.55868 0.673246 -0.576637,0
105,6,106,6,-304.054 1.11633 -1.50218 1.40995,-179.789 6.42332 0.384867 -0.369519,0
105,6,106,7,-304.054 1.11382 1.22221 -0.438393,-179.789 6.40893 -0.257734 0.0708576,0
105,6,106,8,-304.054 1.13248 3.86355 -2.22485,-179.789 6.5163 -1.25892 0.748056,0
105,7,106,5,-303.157 1.10993 -6.98602 5.12875,-179.851 6.66659 0.548257 -0.497938,0
105,7,106,6,-303.157 1.06775 -4.0922 3.15065,-179.851 6.41324 0.60678 -0.519727,0
105,7,106,7,-303.157 1.04496 -1.28465 1.23945,-179.851 6.27631 0.325919 -0.31856,0
105,7,106,8,-303.157 1.04281 1.43654 -0.606062,-179.851 6.26345 -0.318916 0.122512,0
105,7,106,9,-303.157 1.06146 3.98239 -2.29701,-179.851 6.37542 -1.29983 0.774846,0
105,8,106,6,-302.259 1.03883 -6.76595 4.95544,-179.912 6.52495 0.469646 -0.432687,0
105,8,106,7,-302.259 0.997788 -3.87826 2.98234,-179.912 6.26718 0.544627 -0.466514,0
105,8,106,8,-302.259 0.975729 -1.07542 1.0751,-179.912 6.12862 0.271404 -0.271353,0
105,8,106,9,-302.259 0.97394 1.55254 -0.677531,-179.912 6.11738 -0.345248 0.139915,0
105,8,106,10,-302.259 0.992531 3.07066 -1.3407,-179.912 6.23416 -0.874471 0.335741,0
105,9,106,7,-301.361 1.01509 -6.64449 4.83337,-179.974 6.37587 0.408784 -0.377745,0
105,9,106,8,-301.361 0.973365 -3.75939 2.86355,-179.974 6.11377 0.500135 -0.423621,0
105,9,106,9,-301.361 0.951059 -1.04729 1.04729,-179.974 5.97367 0.264392 -0.264392,1
105,9,106,10,-301.361 0.949544 0.59774 0.277317,-179.974 5.96415 0.0882764 -0.295383,0
105,10,106,8,-300.463 1.66646 -7.87715 5.39032,-180.036 6.0813 0.641644 -0.471042,0
105,10,106,9,-300.463 1.59511 -5.02463 3.48269,-180.036 5.82092 0.767368 -0.553004,0
105,10,106,10,-300.463 1.55717 -3.23859 2.60813,-180.036 5.6825 0.964561 -0.828401,0
106,0,107,0,-308.272 3.26014 -1.36356 1.3517,-172.051 6.58753 0.862868 -0.857011,0
106,0,107,1,-308.272 3.30064 1.1188 -0.348243,-172.051 6.66937 -0.583361 0.142961,0
106,0,107,2,-308.272 3.38802 3.45254 -1.94644,-172.051 6.84593 -2.30378 1.3224,0
106,1,107,0,-307.398 3.09931 -3.57645 2.85187,-172.267 6.51228 1.77098 -1.47325,0
106,1,107,1,-307.398 3.09201 -0.935874 1.04152,-172.267 6.49693 0.607653 -0.658994,0
106,1,107,2,-307.398 3.1328 1.54543 -0.657661,-172.267 6.58265 -0.844388 0.342914,0
106,2,107,0,-306.524 2.98772 -5.95704 4.47051,-172.484 6.53457 2.39734 -1.90528,0
106,2,107,1,-306.524 2.93398 -3.15637 2.5465,-172.484 6.41704 1.52828 -1.2831,0
106,2,107,2,-306.524 2.92747 -0.51888 0.738443,-172.484 6.40281 0.368092 -0.473106,0
106,2,107,3,-306.524 2.96851 1.96134 -0.9599,-172.484 6.49257 -1.09038 0.531184,0
106,3,107,0,-305.651 2.92124 -8.49789 6.2043,-172.701 6.6577 2.73439 -2.14884,0
106,3,107,1,-305.651 2.8247 -5.54282 4.1687,-172.701 6.43767 2.15748 -1.71632,0
106,3,107,2,-305.651 2.77231 -2.74722 2.2484,-172.701 6.31828 1.30122 -1.10508,0
106,3,107,3,-305.651 2.7666 -0.113 0.44282,-172.701 6.30525 0.143817 -0.299071,0
106,3,107,4,-305.651 2.80783 2.36613 -1.25463,-172.701 6.39924 -1.32173 0.708072,0
106,4,107,1,-304.777 2.75991 -8.08748 5.9046,-172.917 6.56211 2.4877 -1.95436,0
106,4,107,2,-304.777 2.66539 -5.13962 3.87418,-172.917 6.33738 1.93291 -1.53926,0
106,4,107,3,-304.777 2.61439 -2.34942 1.95791,-172.917 6.21611 1.08943 -0.938917,0
106,4,107,4,-304.777 2.60945 0.281358 0.154991,-172.917 6.20436 -0.065554 -0.136605,0
106,4,107,5,-304.777 2.65083 2.75941 -1.54152,-172.917 6.30275 -1.53886 0.873888,0
106,5,107,2,-303.904 2.6023 -7.68799 5.6121,-173.134 6.46337 2.25566 -1.77137,0
106,5,107,3,-303.904 2.50987 -4.74785 3.58731,-173.134 6.2338 1.72327 -1.37383,0
106,5,107,4,-303.904 2.46027 -1.96338 1.67536,-173.134 6.11061 0.892541 -0.784325,0
106,5,107,5,-303.904 2.45609 0.663798 -0.124711,-173.134 6.10023 -0.260413 0.014591,0
106,5,107,6,-303.904 2.49756 3.1408 -1.82026,-173.134 6.20323 -1.7422 1.02896,0
106,6,107,3,-303.03 2.44846 -7.29982 5.32715,-173.35 6.36157 2.03787 -1.59958,0
106,6,107,4,-303.03 2.35819 -4.3679 3.30842,-173.35 6.12703 1.52816 -1.21975,0
106,6,107,5,-303.03 2.31002 -1.58949 1.40111,-173.35 6.00188 0.710169 -0.641018,0
106,6,107,6,-303.03 2.30658 1.03394 -0.395966,-173.35 5.99295 -0.441164 0.154823,0
106,6,107,7,-303.03 2.34808 3.50995 -2.09055,-173.35 6.10077 -1.9322 1.17362,0
106,7,107,4,-302.157 2.29846 -6.92334 5.05006,-173.567 6.25682 1.83391 -1.43867,0
106,7,107,5,-302.157 2.21042 -4.00016 3.03783,-173.567 6.01717 1.34719 -1.07671,0
106,7,107,6,-302.157 2.1637 -1.22815 1.13546,-173.567 5.89 0.541923 -0.508696,0
106,7,107,7,-302.157 2.161 1.3914 -0.658461,-173.567 5.88263 -0.608226 0.284407,0
106,7,107,8,-302.157 2.20246 3.72029 -2.20589,-173.567 5.9955 -2.0331 1.232,0
106,8,107,5,-301.283 2.15234 -6.55893 4.78114,-173.784 6.14925 1.64335 -1.28833,0
106,8,107,6,-301.283 2.06661 -3.64501 2.77587,-173.784 5.90431 1.17995 -0.944405,0
106,8,107,7,-301.283 2.02138 -0.879724 0.878733,-173.784 5.77509 0.387395 -0.387048,0
106,8,107,8,-301.283 2.01938 1.59591 -0.77198,-173.784 5.76937 -0.689088 0.330734,0
106,8,107,9,-301.283 2.06073 3.20982 -1.60432,-173.784 5.88752 -1.68097 0.840054,0
106,9,107,6,-300.41 2.10268 -6.39196 4.6132,-174 6.00736 1.52891 -1.1798,0
106,9,107,7,-300.41 2.0155 -3.48014 2.6115,-174 5.75828 1.08656 -0.852787,0
106,9,107,8,-300.41 1.96977 -0.854368 0.854368,-174 5.62764 0.376491 -0.376491,1
106,9,107,9,-300.41 1.9684 0.938201 -0.113903,-174 5.62371 -0.277393 -0.08309,0
106,9,107,10,-300.41 2.01146 2.61359 -1.00943,-174 5.74674 -1.19525 0.347313,0
106,10,107,7,-299.536 3.06345 -8.25061 5.46047,-174.217 5.40719 2.33833 -1.53684,0
106,10,107,8,-299.536 2.93109 -5.38995 3.55509,-174.217 5.17357 1.94879 -1.2781,0
106,10,107,9,-299.536 2.86208 -3.3804 2.43747,-174.217 5.05176 1.63935 -1.21127,0
106,10,107,10,-299.536 2.86101 -1.50934 1.39041,-174.217 5.04987 1.05393 -0.988371,0
107,0,108,0,-305.023 4.43633 0.189582 0.213699,-165.457 5.55227 -0.0445172 -0.303246,0
107,0,108,1,-305.023 4.56694 2.18305 -1.15542,-165.457 5.71573 -2.1499 1.14874,0
107,0,108,2,-305.023 4.76068 3.99103 -2.40217,-165.457 5.95821 -4.48789 2.75433,0
107,1,108,0,-304.2 4.14625 -1.5143 1.38473,-165.822 5.47314 1.36114 -1.26536,0
107,1,108,1,-304.2 4.20815 0.6914 -0.127896,-165.822 5.55485 -0.504052 0.0281976,0
107,1,108,2,-304.2 4.33778 2.68966 -1.50082,-165.822 5.72597 -2.62545 1.48855,0
107,2,108,0,-303.377 3.92894 -3.45013 2.71495,-166.186 5.47431 2.5341 -2.07507,0
107,2,108,1,-303.377 3.92108 -1.02089 1.04854,-166.186 5.46336 0.934348 -0.954299,0
107,2,108,2,-303.377 3.98296 1.18649 -0.465751,-166.186 5.54958 -0.936917 0.340824,0
107,3,108,0,-302.555 3.78124 -5.61654 4.20614,-166.551 5.5664 3.44897 -2.71762,0
107,3,108,1,-302.555 3.70613 -2.96317 2.38285,-166.551 5.45584 2.12855 -1.77656,0
107,3,108,2,-302.555 3.69927 -0.535157 0.716667,-166.551 5.44573 0.534328 -0.662152,0
107,3,108,3,-302.555 3.76101 1.67389 -0.799165,-166.551 5.53663 -1.34359 0.634942,0
107,4,108,0,-301.732 3.69596 -7.9995 5.85147,-166.915 5.75504 4.09421 -3.18708,0
107,4,108,1,-301.732 3.55991 -5.13373 3.87671,-166.915 5.54319 3.05222 -2.42316,0
107,4,108,2,-301.732 3.48695 -2.48456 2.05546,-166.915 5.42959 1.74962 -1.49689,0
107,4,108,3,-301.732 3.48106 -0.0580663 0.38983,-166.915 5.4204 0.160604 -0.388616,0
107,4,108,4,-301.732 3.54256 2.15268 -1.12746,-166.915 5.51617 -1.72459 0.91089,0
107,5,108,1,-300.909 3.47488 -7.51781 5.52289,-167.279 5.73092 3.69408 -2.88834,0
107,5,108,2,-300.909 3.34238 -4.6596 3.55216,-167.279 5.51239 2.68159 -2.14725,0
107,5,108,3,-300.909 3.27165 -2.01523 1.73348,-167.279 5.39574 1.39682 -1.23575,0
107,5,108,4,-300.909 3.2667 0.409449 0.0687151,-167.279 5.38758 -0.18734 -0.133354,0
107,5,108,5,-300.909 3.32783 2.62196 -1.44996,-167.279 5.4884 -2.08047 1.16903,0
107,6,108,2,-300.086 3.25767 -7.04479 5.19913,-167.644 5.6995 3.3193 -2.60764,0
107,6,108,3,-300.086 3.12889 -4.19508 3.23317,-167.644 5.47419 2.33659 -1.88956,0
107,6,108,4,-300.086 3.06046 -1.55612 1.4176,-167.644 5.35447 1.06963 -0.992803,0
107,6,108,5,-300.086 3.05644 0.866475 -0.246005,-167.644 5.34743 -0.51005 0.103993,0
107,6,108,6,-300.086 3.11707 2.92974 -1.61493,-167.644 5.45351 -2.28402 1.28195,0
107,7,108,3,-299.263 3.04455 -6.58135 4.88086,-168.008 5.66097 2.96932 -2.34464,0
107,7,108,4,-299.263 2.91968 -3.74108 2.92042,-168.008 5.42879 2.01666 -1.64973,0
107,7,108,5,-299.263 2.85363 -1.10813 1.10849,-168.008 5.30598 0.767497 -0.767687,0
107,7,108,6,-299.263 2.8505 1.16737 -0.408918,-168.008 5.30016 -0.685665 0.201368,0
107,7,108,7,-299.263 2.91049 2.94142 -1.48799,-168.008 5.4117 -2.20613 1.12036,0
107,8,108,4,-298.44 2.97974 -6.41635 4.71271,-168.373 5.54047 2.7937 -2.17403,0
107,8,108,5,-298.44 2.85284 -3.57421 2.75244,-168.373 5.30451 1.86496 -1.49926,0
107,8,108,6,-298.44 2.78603 -1.08292 1.08292,-168.373 5.18028 0.749873 -0.749873,1
107,8,108,7,-298.44 2.78364 0.915033 -0.157683,-168.373 5.17585 -0.45112 -0.034372,0
107,8,108,8,-298.44 2.84585 2.69914 -1.24903,-168.373 5.29151 -1.96612 0.875046,0
107,9,108,5,-297.617 3.6184 -7.66052 5.25026,-168.737 4.9783 3.51167 -2.45534,0
107,9,108,6,-297.617 3.45824 -4.89612 3.40099,-168.737 4.75795 2.68778 -1.90103,0
107,9,108,7,-297.617 3.37432 -2.63807 1.98182,-168.737 4.64248 1.80658 -1.39428,0
107,9,108,8,-297.617 3.37233 -0.618707 0.719416,-168.737 4.63974 0.611296 -0.686193,0
107,9,108,9,-297.617 3.45241 1.14415 -0.368567,-168.737 4.74993 -0.880305 0.205298,0
107,10,108,6,-296.794 4.1616 -8.86116 5.83974,-169.101 4.34727 4.49983 -2.93799,0
107,10,108,7,-296.794 3.96998 -6.29943 4.22459,-169.101 4.1471 3.88931 -2.61722,0
107,10,108,8,-296.794 3.87005 -3.97862 2.75868,-169.101 4.04271 2.99102 -2.10447,0
107,10,108,9,-296.794 3.8689 -1.93879 1.47496,-169.101 4.04152 1.79996 -1.40214,0
107,10,108,10,-296.794 3.96664 -0.196771 0.390172,-169.101 4.14362 0.335801 -0.530007,0
108,0,109,0,-300.184 12.4893 -0.794305 0.876609,-160.253 10.4222 1.09452 -1.19395,0
108,0,109,1,-300.184 12.5134 0.905301 -0.270933,-160.253 10.4423 -1.10503 0.294093,0
108,0,109,2,-300.184 12.5755 2.48859 -1.34014,-160.253 10.4942 -3.39588 1.84173,0
108,1,109,0,-299.429 11.9683 -1.80963 1.65796,-160.743 10.6446 2.2581 -2.08997,0
108,1,109,1,-299.429 11.956 0.00161554 0.43513,-160.743 10.6337 0.148339 -0.660708,0
108,1,109,2,-299.429 11.9816 1.69573 -0.708357,-160.743 10.6564 -2.05678 0.830299,0
108,2,109,0,-298.674 11.4803 -2.93023 2.51163,-161.233 10.8772 3.37489 -2.94945,0
108,2,109,1,-298.674 11.4326 -1.00789 1.21312,-161.233 10.8321 1.36204 -1.58284,0
108,2,109,2,-298.674 11.4222 0.797577 -0.00574477,-161.233 10.8222 -0.749486 -0.15283,0
108,3,109,0,-297.919 11.0242 -4.15572 3.43821,-161.723 11.1247 4.43459 -3.76674,0
108,3,109,1,-297.919 10.9426 -2.12411 2.06441,-161.723 11.0423 2.52499 -2.46615,0
108,3,109,2,-297.919 10.8972 -0.207955 0.769797,-161.723 10.9966 0.514326 -1.1011,0
108,4,109,0,-297.164 10.5985 -5.48413 4.4373,-162.213 11.3915 5.4277 -4.53669,0
108,4,109,1,-297.164 10.4848 -3.34641 2.98948,-162.213 11.2693 3.62669 -3.30485,0
108,4,109,2,-297.164 10.406 -1.32155 1.61957,-162.213 11.1846 1.72331 -2.00818,0
108,4,109,3,-297.164 10.363 0.545298 0.371948,-162.213 11.1383 -0.222714 -0.707276,0
108,5,109,0,-296.409 10.2011 -6.91182 5.50752,-162.702 11.6814 6.34575 -5.25477,0
108,5,109,1,-296.409 10.0577 -4.67254 3.98781,-162.702 11.5172 4.6575 -4.09369,0
108,5,109,2,-296.409 9.94747 -2.54233 2.54395,-162.702 11.3911 2.86673 -2.86815,0
108,5,109,3,-296.409 9.87162 -0.566831 1.22048,-162.702 11.3042 1.03124 -1.63719,0
108,5,109,4,-296.409 9.83088 1.2831 -0.0125556,-162.702 11.2575 -0.898338 -0.352366,0
108,6,109,1,-295.654 10.0252 -6.83174 5.42446,-163.192 11.4801 6.22909 -5.13823,0
108,6,109,2,-295.654 9.88087 -4.59037 3.90362,-163.192 11.3148 4.54609 -3.98131,0
108,6,109,3,-295.654 9.7703 -2.50182 2.50182,-163.192 11.1882 2.81984 -2.81984,1
108,6,109,4,-295.654 9.69467 -0.538125 1.18992,-163.192 11.1016 0.999836 -1.60464,0
108,6,109,5,-295.654 9.65482 1.30921 -0.0413992,-163.192 11.0559 -0.932857 -0.317705,0
108,7,109,2,-294.899 10.5502 -8.1545 6.04345,-163.682 10.6262 7.41989 -5.67662,0
108,7,109,3,-294.899 10.3945 -5.93199 4.55281,-163.682 10.4694 5.78386 -4.57517,0
108,7,109,4,-294.899 10.2756 -3.83728 3.15314,-163.682 10.3497 4.06022 -3.4232,0
108,7,109,5,-294.899 10.1949 -1.86333 1.8361,-163.682 10.2683 2.22906 -2.2021,0
108,7,109,6,-294.899 10.1532 -0.0131571 0.603812,-163.682 10.2263 0.287992 -0.910422,0
108,8,109,3,-294.144 11.0079 -9.38547 6.63797,-164.172 9.75301 8.71241 -6.29741,0
108,8,109,4,-294.144 10.8413 -7.15075 5.14601,-164.172 9.60541 7.07475 -5.20354,0
108,8,109,5,-294.144 10.7145 -5.03939 3.73757,-164.172 9.49311 5.33615 -4.04403,0
108,8,109,6,-294.144 10.629 -3.05596 2.4158,-164.172 9.41736 3.4932 -2.81674,0
108,8,109,7,-294.144 10.5858 -1.20367 1.18291,-164.172 9.37906 1.54357 -1.5202,0
108,9,109,4,-293.389 11.3979 -10.4921 7.17578,-164.662 8.86552 10.0493 -6.9483,0
108,9,109,5,-293.389 11.2209 -8.23491 5.6717,-164.662 8.72787 8.39215 -5.84487,0
108,9,109,6,-293.389 11.0868 -6.10779 4.25494,-164.662 8.6235 6.6376 -4.67734,0
108,9,109,7,-293.389 10.9969 -4.11566 2.92883,-164.662 8.55361 4.7823 -3.44355,0
108,9,109,8,-293.389 10.9525 -2.26199 1.69574,-164.662 8.51907 2.82396 -2.14207,0
108,10,109,5,-292.634 11.7205 -11.4634 7.64574,-165.152 7.96878 11.4041 -7.60783,0
108,10,109,6,-292.634 11.5337 -9.18476 6.13004,-165.152 7.84177 9.72609 -6.49418,0
108,10,109,7,-292.634 11.3925 -7.04281 4.7054,-165.152 7.7458 7.95463 -5.31815,0
108,10,109,8,-292.634 11.2987 -5.04283 3.37539,-165.152 7.68203 6.08646 -4.07761,0
108,10,109,9,-292.634 11.2535 -3.18853 2.1425,-165.152 7.65127 4.11935 -2.77114,0
109,0,110,0,-287.612 12.9075 0.477013 -0.0807452,-149.93 8.61364 -0.700573 0.0749335,0
109,0,110,1,-287.612 12.9022 1.32874 -0.492014,-149.93 8.61015 -2.1198 0.709884,0
109,0,110,2,-287.612 12.9404 2.51648 -1.28268,-149.93 8.63561 -4.55324 2.3301,0
109,1,110,0,-287.036 12.7711 -0.880076 0.836575,-150.621 8.61527 1.42423 -1.36009,0
109,1,110,1,-287.036 12.7229 0.107904 0.331967,-150.621 8.58279 0.0779118 -0.769065,0
109,1,110,2,-287.036 12.7184 1.42746 -0.54788,-150.621 8.57976 -2.27708 0.801179,0
109,2,110,0,-286.46 12.678 -2.36948 1.84289,-151.313 8.64506 3.46773 -2.74199,0
109,2,110,1,-286.46 12.5867 -1.24596 1.24583,-151.313 8.58285 2.19919 -2.19901,0
109,2,110,2,-286.46 12.539 0.207631 0.275202,-151.313 8.55031 -0.074816 -0.680226,0
109,2,110,3,-286.46 12.5353 1.65564 -0.733859,-151.313 8.54777 -2.70719 1.16692,0
109,3,110,0,-285.884 12.6716 -4.07864 2.9822,-152.004 8.64076 5.5542 -4.13276,0
109,3,110,1,-285.884 12.5371 -2.82076 2.29407,-152.004 8.54903 4.36617 -3.64078,0
109,3,110,2,-285.884 12.4457 -1.23163 1.23163,-152.004 8.48666 2.17401 -2.17401,1
109,3,110,3,-285.884 12.3982 0.350513 0.132182,-152.004 8.45429 -0.373501 -0.381898,0
109,3,110,4,-285.884 12.3952 1.80015 -0.87926,-152.004 8.45227 -3.00149 1.46034,0
109,4,110,1,-285.307 12.5429 -4.55466 3.44603,-152.696 8.52853 6.4842 -5.04691,0
109,4,110,2,-285.307 12.4075 -2.82966 2.29161,-152.696 8.4365 4.37356 -3.632,0
109,4,110,3,-285.307 12.3158 -1.11123 1.1002,-152.696 8.37408 1.91064 -1.89443,0
109,4,110,4,-285.307 12.2685 0.47362 -0.00218169,-152.696 8.34196 -0.630724 -0.108714,0
109,4,110,5,-285.307 12.2663 1.92466 -1.01581,-152.696 8.34047 -3.25435 1.72863,0
109,5,110,2,-284.731 12.4139 -4.56553 3.44496,-153.387 8.41668 6.48985 -5.03708,0
109,5,110,3,-284.731 12.2777 -2.71014 2.161,-153.387 8.32432 4.11034 -3.35298,0
109,5,110,4,-284.731 12.1856 -0.987858 0.966067,-153.387 8.26187 1.65537 -1.62332,0
109,5,110,5,-284.731 12.1386 0.599491 -0.139039,-153.387 8.22999 -0.879833 0.155992,0
109,5,110,6,-284.731 12.1372 2.05172 -1.15465,-153.387 8.22905 -3.49912 1.98846,0
109,6,110,3,-284.155 12.2846 -4.4481 3.31584,-154.078 8.3052 6.22495 -4.75707,0
109,6,110,4,-284.155 12.1476 -2.58768 2.02773,-154.078 8.21252 3.85519 -3.08239,0
109,6,110,5,-284.155 12.0551 -0.861746 0.829475,-154.078 8.15002 1.40821 -1.36068,0
109,6,110,6,-284.155 12.0083 0.727886 -0.278151,-154.078 8.11839 -1.12082 0.412209,0
109,6,110,7,-284.155 12.0078 2.18108 -1.29554,-154.078 8.118 -3.7358 2.23981,0
109,7,110,4,-283.579 12.1551 -4.32777 3.18407,-154.77 8.19409 5.96806 -4.48544,0
109,7,110,5,-283.579 12.0172 -2.46252 1.89203,-154.77 8.10108 3.60812 -2.82025,0
109,7,110,6,-283.579 11.9244 -0.73314 0.690664,-154.77 8.03852 1.16918 -1.10653,0
109,7,110,7,-283.579 11.8778 0.858563 -0.419276,-154.77 8.00715 -1.35368 0.659935,0
109,7,110,8,-283.579 11.8781 2.31251 -1.43825,-154.77 8.00733 -3.96439 2.4827,0
109,8,110,5,-283.003 12.0254 -4.20478 3.04989,-155.461 8.08336 5.71918 -4.22221,0
109,8,110,6,-283.003 11.8865 -2.3349 1.75413,-155.461 7.99 3.36914 -2.56656,0
109,8,110,7,-283.003 11.7934 -0.602277 0.549873,-155.461 7.9274 0.938272 -0.860862,0
109,8,110,8,-283.003 11.7471 0.991283 -0.562176,-155.461 7.89628 -1.57842 0.899172,0
109,8,110,9,-283.003 11.7482 2.44576 -1.58254,-155.461 7.89703 -4.18489 2.71713,0
109,9,110,6,-282.427 11.8954 -4.07938 2.91355,-156.153 7.97301 5.47833 -3.96737,0
109,9,110,7,-282.427 11.7556 -2.20506 1.61429,-156.153 7.87929 3.13825 -2.32133,0
109,9,110,8,-282.427 11.6621 -0.469398 0.407339,-156.153 7.81663 0.715484 -0.62368,0
109,9,110,9,-282.427 11.616 1.12581 -0.706612,-156.153 7.78578 -1.79504 1.12993,0
109,9,110,10,-282.427 11.618 2.58059 -1.72816,-156.153 7.78712 -4.39733 2.94311,0
109,10,110,7,-281.85 11.7651 -3.9518 2.77528,-156.844 7.86304 5.24549 -3.72093,0
109,10,110,8,-281.85 11.6244 -2.07324 1.47273,-156.844 7.76895 2.91544 -2.08456,0
109,10,110,9,-281.85 11.5305 -0.334745 0.263304,-156.844 7.70623 0.500812 -0.394976,0
109,10,110,10,-281.85 11.4847 1.26189 -0.852346,-156.844 7.67565 -2.00357 1.35222,0
110,0,111,1,-274.308 13.5525 -1.62414 1.24352,-141.942 7.40084 2.93517 -2.27721,0
110,0,111,2,-274.308 13.4327 -0.52364 0.586546,-141.942 7.33543 1.14133 -1.25772,0
110,0,111,3,-274.308 13.3586 0.461342 -0.000620799,-141.942 7.29499 -0.721548 -0.194147,0
110,0,111,4,-274.308 13.3311 1.32625 -0.514183,-141.942 7.27993 -2.64993 0.909544,0
110,0,111,5,-274.308 13.3502 2.2384 -1.12175,-141.942 7.2904 -5.1969 2.60629,0
110,1,111,2,-273.873 13.9093 -2.79575 1.9468,-142.73 6.41975 5.33056 -3.74349,0
110,1,111,3,-273.873 13.7849 -1.66076 1.26002,-142.73 6.36231 3.52042 -2.71567,0
110,1,111,4,-273.873 13.7081 -0.646462 0.646258,-142.73 6.32687 1.64787 -1.64743,0
110,1,111,5,-273.873 13.6798 0.411088 -0.0592197,-142.73 6.3138 -0.835574 0.00933339,0
110,1,111,6,-273.873 13.7002 1.52185 -0.866683,-142.73 6.32324 -3.95949 2.28405,0
110,2,111,3,-273.438 13.7984 -3.00739 2.15792,-143.518 6.36854 5.86612 -4.27983,0
110,2,111,4,-273.438 13.6734 -1.84635 1.44564,-143.518 6.31085 4.05508 -3.25085,0
110,2,111,5,-273.438 13.5964 -0.640589 0.640589,-143.518 6.27533 1.63314 -1.63314,1
110,2,111,6,-273.438 13.5683 0.616147 -0.264302,-143.518 6.26237 -1.42382 0.597034,0
110,2,111,7,-273.438 13.5894 1.74684 -1.09231,-143.518 6.2721 -4.53613 2.85986,0
110,3,111,4,-273.003 13.5575 -2.93498 2.21493,-144.305 6.59161 5.85206 -4.54082,0
110,3,111,5,-273.003 13.4331 -1.58349 1.31156,-144.305 6.53114 3.49662 -2.96466,0
110,3,111,6,-273.003 13.3567 -0.180016 0.308247,-144.305 6.494 0.508292 -0.778941,0
110,3,111,7,-273.003 13.3291 1.09636 -0.616784,-144.305 6.48058 -2.53344 1.43645,0
110,3,111,8,-273.003 13.3506 2.24667 -1.46484,-144.305 6.49104 -5.63428 3.68709,0
110,4,111,5,-272.567 13.3133 -2.6648 2.0775,-145.093 6.80759 5.30203 -4.25875,0
110,4,111,6,-272.567 13.1896 -1.11593 0.976075,-145.093 6.74434 2.3841 -2.11732,0
110,4,111,7,-272.567 13.1138 0.306548 -0.0468379,-145.093 6.70558 -0.584478 0.0502661,0
110,4,111,8,-272.567 13.0867 1.60177 -0.991211,-145.093 6.69172 -3.61027 2.25016,0
110,4,111,9,-272.567 13.1086 2.77098 -1.8586,-145.093 6.70294 -6.699 4.48792,0
110,5,111,6,-272.132 13.0659 -2.18998 1.73857,-145.881 7.01643 4.19737 -3.41492,0
110,5,111,7,-272.132 12.943 -0.622747 0.618056,-145.881 6.9504 1.30371 -1.29498,0
110,5,111,8,-272.132 12.8678 0.817797 -0.423547,-145.881 6.91003 -1.64439 0.853744,0
110,5,111,9,-272.132 12.8412 2.13102 -1.38644,-145.881 6.89576 -4.65359 3.03746,0
110,5,111,10,-272.132 12.8635 3.31843 -2.27243,-145.881 6.90776 -7.72959 5.26171,0
110,6,111,7,-271.697 12.8156 -1.68977 1.37721,-146.669 7.21811 3.12488 -2.59609,0
110,6,111,8,-271.697 12.6934 -0.105248 0.238623,-146.669 7.1493 0.256227 -0.498376,0
110,6,111,9,-271.697 12.6189 1.3524 -0.820737,-146.669 7.10732 -2.67073 1.6308,0
110,6,111,10,-271.697 12.5928 2.68278 -1.80131,-146.669 7.09265 -5.66271 3.7977,0
110,7,111,8,-271.262 12.5625 -1.16547 0.994542,-147.456 7.41258 2.08531 -1.80297,0
110,7,111,9,-271.262 12.4412 0.435238 -0.161082,-147.456 7.34099 -0.757635 0.271813,0
110,7,111,10,-271.262 12.3673 1.909 -1.23724,-147.456 7.29741 -3.66281 2.38081,0
110,8,111,8,-270.827 12.4732 -2.35907 1.84221,-148.244 7.70256 3.83758 -3.05745,0
110,8,111,9,-270.827 12.3068 -0.618422 0.591693,-148.244 7.59982 1.07938 -1.03626,0
110,8,111,10,-270.827 12.1864 0.997361 -0.579896,-148.244 7.52545 -1.73722 1.01496,0
110,9,111,8,-270.391 12.4231 -3.68042 2.77846,-149.032 8.0215 5.50885 -4.25989,0
110,9,111,9,-270.391 12.214 -1.80461 1.43551,-149.032 7.88648 2.83508 -2.29086,0
110,9,111,10,-270.391 12.0488 -0.0499606 0.169826,-149.032 7.7798 0.10773 -0.296584,0
110,10,111,8,-269.956 12.4092 -5.1223 3.79902,-149.82 8.37122 7.09608 -5.40907,0
110,10,111,9,-269.956 12.1601 -3.11753 2.36708,-149.82 8.20319 4.50542 -3.49015,0
110,10,111,10,-269.956 11.9525 -1.22883 1.00976,-149.82 8.06313 1.86687 -1.55128,0
111,0,112,1,-261.46 13.9284 -0.376041 0.6318,-133.043 7.04885 1.39335 -1.92329,0
111,0,112,2,-261.46 13.8249 0.631905 -0.0300639,-133.043 6.99647 -0.925098 -0.419155,0
111,0,112,3,-261.46 13.7676 1.4994 -0.59762,-133.043 6.96745 -3.30456 1.12264,0
111,0,112,4,-261.46 13.7569 2.22429 -1.06927,-133.043 6.96206 -5.74431 2.70109,0
111,0,112,5,-261.46 13.7931 2.80585 -1.44443,-133.043 6.98037 -8.24301 4.31478,0
111,1,112,2,-261.137 14.111 -0.941554 0.933544,-133.883 6.47454 2.63024 -2.61281,0
111,1,112,3,-261.137 14.0052 0.0733084 0.26706,-133.883 6.426 0.302685 -1.10341,0
111,1,112,4,-261.137 13.9467 0.94507 -0.30358,-133.883 6.39915 -2.08215 0.441595,0
111,1,112,5,-261.137 13.936 1.67153 -0.776763,-133.883 6.39425 -4.52349 2.02115,0
111,1,112,6,-261.137 13.9733 2.25198 -1.15191,-133.883 6.41135 -7.01997 3.63384,0
111,2,112,3,-260.813 14.2702 -1.45834 1.21,-134.723 5.89665 3.87306 -3.30468,0
111,2,112,4,-260.813 14.1623 -0.436858 0.53905,-134.723 5.85204 1.53618 -1.78988,0
111,2,112,5,-260.813 14.1026 0.438987 -0.0345747,-134.723 5.8274 -0.854148 -0.241603,0
111,2,112,6,-260.813 14.0919 1.16695 -0.509249,-134.723 5.82298 -3.29709 1.33907,0
111,2,112,7,-260.813 14.1303 1.74636 -0.884405,-134.723 5.83883 -5.79125 2.9507,0
111,3,112,4,-260.489 14.4059 -1.92642 1.46118,-135.563 5.31612 5.1199 -3.99793,0
111,3,112,5,-260.489 14.296 -0.898614 0.785927,-135.563 5.27554 2.77348 -2.47761,0
111,3,112,6,-260.489 14.2353 -0.0188684 0.209417,-135.563 5.25316 0.377551 -0.925996,0
111,3,112,7,-260.489 14.2246 0.710545 -0.266709,-135.563 5.24921 -2.06699 0.655805,0
111,3,112,8,-260.489 14.264 1.31851 -0.671445,-135.563 5.26374 -4.70464 2.41224,0
111,4,112,5,-260.165 14.5182 -2.34587 1.68715,-136.402 4.73389 6.36886 -4.69159,0
111,4,112,6,-260.165 14.4064 -1.31205 1.00775,-136.402 4.69743 4.01269 -3.16565,0
111,4,112,7,-260.165 14.3448 -0.428594 0.428455,-136.402 4.67735 1.61106 -1.61063,0
111,4,112,8,-260.165 14.3342 0.33151 -0.078387,-136.402 4.67387 -0.97977 0.116988,0
111,4,112,9,-260.165 14.3745 1.10581 -0.650443,-136.402 4.68703 -4.33787 2.59524,0
111,5,112,6,-259.841 14.4375 -2.37732 1.71821,-137.242 4.70755 6.50474 -4.82808,0
111,5,112,7,-259.841 14.3252 -1.34044 1.03616,-137.242 4.67096 4.14729 -3.30072,0
111,5,112,8,-259.841 14.2635 -0.42575 0.42575,-137.242 4.65084 1.60065 -1.60065,1
111,5,112,9,-259.841 14.253 0.50118 -0.248089,-137.242 4.64741 -1.70731 0.844041,0
111,5,112,10,-259.841 14.2938 1.30872 -0.853843,-137.242 4.66072 -5.05469 3.31143,0
111,6,112,7,-259.518 14.1547 -2.00305 1.54554,-138.082 5.26045 5.48083 -4.384,0
111,6,112,8,-259.518 14.0437 -0.937182 0.833307,-138.082 5.21918 2.98739 -2.71598,0
111,6,112,9,-259.518 13.9827 0.142649 0.0570105,-138.082 5.19653 -0.267575 -0.305051,0
111,6,112,10,-259.518 13.9725 1.10249 -0.650059,-138.082 5.19274 -3.56122 2.12569,0
111,7,112,8,-259.194 13.851 -1.55596 1.32098,-138.922 5.7982 4.34179 -3.80965,0
111,7,112,9,-259.194 13.7413 -0.326121 0.443413,-138.922 5.75228 1.14528 -1.43391,0
111,7,112,10,-259.194 13.6812 0.785076 -0.365101,-138.922 5.72713 -2.08846 0.958298,0
111,8,112,8,-258.87 13.683 -2.27666 1.88588,-139.761 6.39287 5.65398 -4.87676,0
111,8,112,9,-258.87 13.5271 -0.901826 0.909574,-139.761 6.32001 2.52055 -2.53716,0
111,8,112,10,-258.87 13.419 0.357607 0.000850703,-139.761 6.2695 -0.647914 -0.184873,0
111,9,112,8,-258.546 13.5363 -3.0915 2.52367,-140.601 7.00765 6.91522 -5.91303,0
111,9,112,9,-258.546 13.3373 -1.5786 1.45238,-140.601 6.90462 3.84852 -3.60998,0
111,9,112,10,-258.546 13.1838 -0.176145 0.446017,-140.601 6.82515 0.749773 -1.29846,0
111,10,112,8,-258.223 13.4066 -3.99057 3.22868,-141.441 7.64637 8.11816 -6.91494,0
111,10,112,9,-258.223 13.1683 -2.34821 2.06726,-141.441 7.51043 5.12075 -4.64828,0
111,10,112,10,-258.223 12.9727 -0.809862 0.967058,-141.441 7.3989 2.09508 -2.37777,0
112,0,113,0,-247.519 15.2321 -0.370054 0.415927,-125.658 4.26936 2.18545 -2.35263,0
112,0,113,1,-247.519 15.1724 0.253416 -5.04092e-05,-125.658 4.25263 -0.428283 -0.609952,0
112,0,113,2,-247.519 15.1621 0.727117 -0.315636,-125.658 4.24974 -3.07484 1.15171,0
112,0,113,3,-247.519 15.2013 1.05073 -0.530616,-125.658 4.26072 -5.75418 2.9323,0
112,1,113,0,-247.276 15.2887 -1.22693 0.973643,-126.525 4.1242 5.07423 -4.22957,0
112,1,113,1,-247.276 15.1795 -0.453693 0.457374,-126.525 4.09476 2.49102 -2.50469,0
112,1,113,2,-247.276 15.1196 0.170357 0.0410568,-126.525 4.07859 -0.123933 -0.761351,0
112,1,113,3,-247.276 15.1095 0.64344 -0.274109,-126.525 4.07586 -2.7709 1.00057,0
112,1,113,4,-247.276 15.1493 0.965243 -0.487912,-126.525 4.0866 -5.44986 2.781,0
112,2,113,1,-247.034 15.2348 -1.3084 1.01421,-127.391 3.95007 5.37883 -4.38112,0
112,2,113,2,-247.034 15.125 -0.533417 0.496855,-127.391 3.92159 2.79358 -2.65518,0
112,2,113,3,-247.034 15.0648 0.0912062 0.0802013,-127.391 3.90599 0.177406 -0.911183,0
112,2,113,4,-247.034 15.0549 0.563657 -0.234537,-127.391 3.90342 -2.46997 0.850983,0
112,2,113,5,-247.034 15.0954 0.883627 -0.44715,-127.391 3.91391 -5.14851 2.63126,0
112,3,113,2,-246.791 15.179 -1.386 1.05283,-128.258 3.77739 5.68039 -4.5311,0
112,3,113,3,-246.791 15.0685 -0.609273 0.534393,-128.258 3.74989 3.0931 -2.80408,0
112,3,113,4,-246.791 15.0081 0.0159159 0.117406,-128.258 3.73486 0.47569 -1.05943,0
112,3,113,5,-246.791 14.9984 0.487722 -0.196897,-128.258 3.73245 -2.17209 0.702986,0
112,3,113,6,-246.791 15.0395 0.80584 -0.408307,-128.258 3.74268 -4.8502 2.48309,0
112,4,113,3,-246.548 15.1213 -1.45978 1.08953,-129.125 3.60618 5.97889 -4.67948,0
112,4,113,4,-246.548 15.0102 -0.681308 0.570012,-129.125 3.57968 3.38952 -2.95138,0
112,4,113,5,-246.548 14.9495 -0.0555609 0.152695,-129.125 3.56522 0.770878 -1.20606,0
112,4,113,6,-246.548 14.94 0.415587 -0.161163,-129.125 3.56296 -1.87729 0.556592,0
112,4,113,7,-246.548 14.9818 0.731835 -0.371358,-129.125 3.57291 -4.55495 2.33651,0
112,5,113,4,-246.306 15.0617 -1.52979 1.12434,-129.991 3.43647 6.27427 -4.82624,0
112,5,113,5,-246.306 14.9499 -0.749569 0.603735,-129.991 3.41096 3.68281 -3.09705,0
112,5,113,6,-246.306 14.8891 -0.123272 0.186093,-129.991 3.39708 1.06293 -1.35107,0
112,5,113,7,-246.306 14.8798 0.347206 -0.127314,-129.991 3.39497 -1.58563 0.411825,0
112,5,113,8,-246.306 14.9222 0.661564 -0.336281,-129.991 3.40464 -4.26281 2.19155,0
112,6,113,5,-246.063 15.0003 -1.59606 1.15728,-130.858 3.26828 6.56649 -4.97136,0
112,6,113,6,-246.063 14.8878 -0.814104 0.635587,-130.858 3.24378 3.97293 -3.24108,0
112,6,113,7,-246.063 14.8267 -0.187264 0.217622,-130.858 3.23047 1.3518 -1.49442,0
112,6,113,8,-246.063 14.8177 0.282529 -0.0953247,-130.858 3.2285 -1.29713 0.268705,0
112,6,113,9,-246.063 14.8608 0.595893 -0.303964,-130.858 3.23789 -3.98343 2.05784,0
112,7,113,6,-245.821 14.937 -1.65866 1.18837,-131.725 3.10162 6.85553 -5.11483,0
112,7,113,7,-245.821 14.8239 -0.874961 0.665592,-131.725 3.07814 4.25984 -3.38343,0
112,7,113,8,-245.821 14.7626 -0.247588 0.247307,-131.725 3.06541 1.63746 -1.63611,0
112,7,113,9,-245.821 14.7538 0.222413 -0.0660754,-131.725 3.06358 -1.02137 0.136768,0
112,8,113,7,-245.578 14.8424 -1.65869 1.18818,-132.591 3.08199 6.85039 -5.11115,0
112,8,113,8,-245.578 14.7289 -0.873713 0.664537,-132.591 3.05841 4.25479 -3.37975,0
112,8,113,9,-245.578 14.6675 -0.245157 0.245157,-132.591 3.04567 1.62289 -1.62289,1
112,9,113,7,-245.335 14.7431 -2.25966 1.6459,-133.458 3.82511 7.95731 -6.0945,0
112,9,113,8,-245.335 14.5797 -1.32246 1.01985,-133.458 3.78273 5.40438 -4.38697,0
112,9,113,9,-245.335 14.4671 -0.537881 0.495731,-133.458 3.7535 2.81055 -2.65169,0
112,10,113,7,-245.093 14.6565 -2.93843 2.16864,-134.325 4.58153 9.03261 -7.05954,0
112,10,113,8,-245.093 14.4461 -1.85555 1.44401,-134.325 4.51575 6.53148 -5.3804,0
112,10,113,9,-245.093 14.2843 -0.919762 0.817833,-134.325 4.46517 3.9854 -3.67152,0
113,0,114,0,-232.241 15.8886 0.00609661 0.00123943,-121.556 1.59732 2.80334 -2.87808,0
113,0,114,1,-232.241 15.8613 0.166239 -0.0984731,-121.556 1.59457 -0.150929 -0.82045,0
113,0,114,2,-232.241 15.8844 0.178955 -0.101276,-121.556 1.5969 -3.11188 1.23878,0
113,1,114,0,-232.093 15.8527 -0.328362 0.223864,-122.443 1.58355 5.49091 -4.66409,0
113,1,114,1,-232.093 15.7749 -0.0168338 0.0231729,-122.443 1.57578 2.54356 -2.60837,0
113,1,114,2,-232.093 15.7478 0.147043 -0.0804914,-122.443 1.57307 -0.408766 -0.55272,0
113,1,114,3,-232.093 15.7715 0.162304 -0.0864259,-122.443 1.57544 -3.36853 1.50528,0
113,2,114,0,-231.945 15.8672 -0.814478 0.547611,-123.331 1.57483 8.17289 -6.44958,0
113,2,114,1,-231.945 15.7391 -0.351658 0.24603,-123.331 1.56211 5.23152 -4.39488,0
113,2,114,2,-231.945 15.6611 -0.035241 0.040604,-123.331 1.55438 2.28693 -2.34195,0
113,2,114,3,-231.945 15.6342 0.132297 -0.0669413,-123.331 1.55171 -0.663384 -0.288354,0
113,2,114,4,-231.945 15.6586 0.150024 -0.075938,-123.331 1.55412 -3.6219 1.76836,0
113,3,114,1,-231.797 15.7541 -0.839318 0.570817,-124.219 1.55351 7.91309 -6.18007,0
113,3,114,2,-231.797 15.6254 -0.370447 0.263708,-124.219 1.54082 4.97528 -4.12896,0
113,3,114,3,-231.797 15.5474 -0.0492125 0.0536201,-124.219 1.53313 2.03352 -2.0789,0
113,3,114,4,-231.797 15.5207 0.121911 -0.0577341,-124.219 1.53049 -0.914713 -0.0274225,0
113,3,114,5,-231.797 15.5456 0.142025 -0.0697225,-124.219 1.53295 -3.87194 2.02795,0
113,4,114,2,-231.649 15.641 -0.859671 0.589548,-125.107 1.53234 7.65642 -5.91384,0
113,4,114,3,-231.649 15.5118 -0.384818 0.276986,-125.107 1.51968 4.72226 -3.86641,0
113,4,114,4,-231.649 15.4336 -0.0588371 0.06231,-125.107 1.51202 1.78342 -1.8193,0
113,4,114,5,-231.649 15.4071 0.115795 -0.0527799,-125.107 1.50942 -1.16268 0.230002,0
113,4,114,6,-231.649 15.4326 0.138216 -0.0676886,-125.107 1.51193 -4.11856 2.28399,0
113,5,114,3,-231.502 15.5279 -0.875627 0.603891,-125.995 1.51131 7.40296 -5.65096,0
113,5,114,4,-231.502 15.3981 -0.394859 0.285952,-125.995 1.49868 4.47253 -3.6073,0
113,5,114,5,-231.502 15.3197 -0.0642051 0.0667637,-125.995 1.49105 1.53668 -1.56321,0
113,5,114,6,-231.502 15.2935 0.113858 -0.0519877,-125.995 1.4885 -1.40721 0.483849,0
113,5,114,7,-231.502 15.3197 0.138504 -0.069744,-125.995 1.49105 -4.36171 2.53641,0
113,6,114,4,-231.354 15.4148 -0.887273 0.613935,-126.882 1.49043 7.15277 -5.3915,0
113,6,114,5,-231.354 15.2845 -0.40066 0.290697,-126.882 1.47783 4.22617 -3.35169,0
113,6,114,6,-231.354 15.2059 -0.0654075 0.0670721,-126.882 1.47023 1.29338 -1.3107,0
113,6,114,7,-231.354 15.1799 0.116008 -0.0552654,-126.882 1.46772 -1.64825 0.734057,0
113,6,114,8,-231.354 15.2067 0.142796 -0.0757956,-126.882 1.47031 -4.60132 2.78514,0
113,7,114,5,-231.206 15.3016 -0.894701 0.61977,-127.77 1.46969 6.90592 -5.13553,0
113,7,114,6,-231.206 15.1708 -0.402313 0.291311,-127.77 1.45712 3.98325 -3.09967,0
113,7,114,7,-231.206 15.092 -0.0625366 0.0633274,-127.77 1.44956 1.05359 -1.06185,0
113,7,114,8,-231.206 15.0663 0.122151 -0.0625197,-127.77 1.44708 -1.88573 0.980557,0
113,7,114,9,-231.206 15.0937 0.138895 -0.0736484,-127.77 1.44972 -4.59031 2.7831,0
113,8,114,6,-231.058 15.1885 -0.898001 0.621488,-128.658 1.44909 6.6625 -4.88312,0
113,8,114,7,-231.058 15.057 -0.39991 0.287886,-128.658 1.43656 3.74382 -2.85129,0
113,8,114,8,-231.058 14.9782 -0.0556859 0.0556229,-128.658 1.42903 0.817364 -0.816705,0
113,8,114,9,-231.058 14.9526 0.120205 -0.0616692,-128.658 1.42659 -1.87489 0.978598,0
113,8,114,10,-231.058 14.9807 0.189473 -0.125973,-128.658 1.42928 -2.54738 0.749005,0
113,9,114,7,-230.91 15.0744 -0.895447 0.618269,-129.546 1.43821 6.40342 -4.62477,0
113,9,114,8,-230.91 14.9424 -0.39174 0.279615,-129.546 1.42562 3.48899 -2.59714,0
113,9,114,9,-230.91 14.8634 -0.0550717 0.0550717,-129.546 1.41808 0.809136 -0.809136,1
113,9,114,10,-230.91 14.8381 0.174039 -0.115686,-129.546 1.41566 0.129677 -1.02666,0
114,0,115,0,-216.345 14.9778 0.0466562 -0.0333393,-120.033 -1.34689 0.544625 -0.387281,0
114,0,115,1,-216.345 15.1137 -0.287506 0.204058,-120.033 -1.35912 -2.69787 1.9683,0
114,0,115,2,-216.345 15.3011 -0.754184 0.522582,-120.033 -1.37597 -5.94197 4.33009,0
114,1,115,0,-216.312 14.9206 0.138867 -0.101426,-120.932 -1.09676 2.73524 -1.92863,0
114,1,115,1,-216.312 15.0038 -0.0366699 0.0300671,-120.932 -1.10288 -0.519473 0.433053,0
114,1,115,2,-216.312 15.1399 -0.348994 0.245499,-120.932 -1.11289 -3.77315 2.79759,0
114,2,115,0,-216.279 14.9131 0.0780345 -0.0661495,-121.832 -0.851936 4.94155 -3.48038,0
114,2,115,1,-216.279 14.9426 0.063798 -0.0422435,-121.832 -0.853623 1.67585 -1.11214,0
114,2,115,2,-216.279 15.0259 -0.089818 0.0672721,-121.832 -0.858381 -1.58627 1.2556,0
114,3,115,0,-216.246 14.9557 -0.136974 0.0731821,-122.731 -0.609852 7.15845 -5.03998,0
114,3,115,1,-216.246 14.9311 0.0109746 -0.0110003,-122.731 -0.60885 3.88317 -2.66484,0
114,3,115,2,-216.246 14.9607 0.0187657 -0.00913484,-122.731 -0.610055 0.613896 -0.293506,0
114,3,115,3,-216.246 15.044 -0.112711 0.0782081,-122.731 -0.613453 -2.65478 2.07942,0
114,4,115,0,-216.212 15.0482 -0.505369 0.316009,-123.631 -0.367921 9.38075 -6.60481,0
114,4,115,1,-216.212 14.9698 -0.196188 0.124447,-123.631 -0.366004 6.09737 -4.2225,0
114,4,115,2,-216.212 14.9452 -0.0260824 0.0181096,-123.631 -0.365403 2.82236 -1.84723,0
114,4,115,3,-216.212 14.9747 0.0038455 -0.00216658,-123.631 -0.366126 -0.449641 0.526349,0
114,4,115,4,-216.212 15.0581 -0.105308 0.0628413,-123.631 -0.368164 -3.72402 2.90362,0
114,5,115,1,-216.179 15.0583 -0.556816 0.363496,-124.53 -0.122497 8.31327 -5.78251,0
114,5,115,2,-216.179 14.9799 -0.225326 0.149614,-124.53 -0.121859 5.03398 -3.40301,0
114,5,115,3,-216.179 14.9553 -0.033064 0.0211147,-124.53 -0.121659 1.76009 -1.02846,0
114,5,115,4,-216.179 14.9848 0.019077 -0.0213715,-124.53 -0.121899 -1.51378 1.34651,0
114,5,115,5,-216.179 15.0682 -0.0676023 0.0211723,-124.53 -0.122577 -4.79299 3.72725,0
114,6,115,2,-216.146 15.0643 -0.578008 0.384733,-125.429 0.123159 7.24361 -4.95825,0
114,6,115,3,-216.146 14.986 -0.224318 0.148617,-125.429 0.122518 3.96927 -2.58242,0
114,6,115,4,-216.146 14.9614 -0.00993216 -0.0020169,-125.429 0.122318 0.697352 -0.209449,0
114,6,115,5,-216.146 14.991 0.0644649 -0.0667484,-125.429 0.122559 -2.57754 2.16605,0
114,6,115,6,-216.146 15.0743 0.000378135 -0.0467644,-125.429 0.12324 -5.86071 4.5494,0
114,7,115,3,-216.113 15.0664 -0.568877 0.379656,-126.329 0.368981 6.17275 -4.13298,0
114,7,115,4,-216.113 14.9881 -0.193129 0.121428,-126.329 0.367063 2.90422 -1.76167,0
114,7,115,5,-216.113 14.9636 0.0433156 -0.0512829,-126.329 0.366462 -0.364878 0.608882,0
114,7,115,6,-216.113 14.9931 0.139979 -0.138262,-126.329 0.367185 -3.63992 2.98406,0
114,7,115,7,-216.113 15.0763 0.00858357 -0.0509146,-126.329 0.369223 -6.35276 4.79571,0
114,8,115,4,-216.08 15.0645 -0.529391 0.348236,-127.228 0.614903 5.1017 -3.3076,0
114,8,115,5,-216.08 14.9862 -0.131758 0.0680479,-127.228 0.611709 1.83981 -0.941657,0
114,8,115,6,-216.08 14.9617 0.126647 -0.126647,-127.228 0.610709 -1.42561 1.42562,0
114,8,115,7,-216.08 14.9912 0.156029 -0.146319,-127.228 0.611912 -4.12947 3.22913,0
114,8,115,8,-216.08 15.0744 -0.111779 0.0775189,-127.228 0.615307 -5.12084 3.31795,0
114,9,115,5,-216.047 15.0706 -0.483626 0.302515,-128.128 0.615151 4.52285 -2.72875,0
114,9,115,6,-216.047 14.9924 -0.0641885 0.000490062,-128.128 0.611959 1.26589 -0.367747,0
114,9,115,7,-216.047 14.9679 0.126699 -0.126699,-128.128 0.610959 -1.42621 1.42621,1
114,9,115,8,-216.047 14.9973 0.020213 -0.0104914,-128.128 0.612162 -2.4147 1.51435,0
114,9,115,9,-216.047 15.0805 -0.0499928 0.0157757,-128.128 0.615556 -3.39155 1.58866,0
114,10,115,6,-216.014 15.022 -0.306328 0.179887,-129.027 -1.42227 8.02107 -4.18929,0
114,10,115,7,-216.014 14.9441 0.0445814 -0.0539265,-129.027 -1.4149 5.31952 -2.39427,0
114,10,115,8,-216.014 14.9197 0.0995691 -0.0453157,-129.027 -1.41259 4.33349 -2.30969,0
114,10,115,9,-216.014 14.9491 0.190307 -0.126215,-129.027 -1.41537 3.36132 -2.23389,0
115,0,116,0,-201.354 14.4325 0.47195 -0.50085,-121.223 -1.36842 -6.40355 6.12699,0
115,0,116,1,-201.354 14.77 0.344443 -0.493499,-121.223 -1.40042 -9.72599 8.60806,0
115,0,116,2,-201.354 15.153 0.125732 -0.440475,-121.223 -1.43674 -13.0762 11.1213,0
115,1,116,0,-201.314 14.3612 0.605613 -0.602381,-122.122 -0.805672 -4.7987 4.85854,0
115,1,116,1,-201.314 14.6483 0.625511 -0.692103,-122.122 -0.82178 -8.13058 7.33316,0
115,1,116,2,-201.314 14.9839 0.54376 -0.728641,-122.122 -0.840607 -11.4901 9.83812,0
115,2,116,0,-201.275 14.3238 0.617968 -0.616582,-123.021 -0.251424 -3.19301 3.59775,0
115,2,116,1,-201.275 14.5581 0.79294 -0.808513,-123.021 -0.255536 -6.52843 6.06391,0
115,2,116,2,-201.275 14.8433 0.857149 -0.940624,-123.021 -0.260542 -9.89136 8.55848,0
115,3,116,0,-201.236 14.3216 0.506095 -0.54167,-123.92 0.299936 -1.59791 2.35044,0
115,3,116,1,-201.236 14.5013 0.841711 -0.839637,-123.92 0.303698 -4.93073 4.80612,0
115,3,116,2,-201.236 14.7338 1.05911 -1.07225,-123.92 0.308568 -8.29094 7.2881,0
115,4,116,0,-201.197 14.3545 0.269957 -0.377619,-124.819 0.854103 -0.0247997 1.1223,0
115,4,116,1,-201.197 14.4787 0.769473 -0.783999,-124.819 0.861491 -3.34882 3.56556,0
115,4,116,2,-201.197 14.657 1.14525 -1.12076,-124.819 0.8721 -6.70003 6.0328,0
115,5,116,0,-201.158 14.4214 -0.0876004 -0.126161,-125.718 1.4167 1.51527 -0.0812166,0
115,5,116,1,-201.158 14.4901 0.576669 -0.64182,-125.718 1.42344 -1.79391 2.34785,0
115,5,116,2,-201.158 14.6135 1.11376 -1.08498,-125.718 1.43556 -5.12988 4.79832,0
115,5,116,3,-201.158 14.7902 1.24805 -1.17865,-125.718 1.45292 -7.85206 6.62978,0
115,6,116,0,-201.118 14.5201 -0.560989 0.209305,-126.618 1.9931 3.0119 -1.25511,0
115,6,116,1,-201.118 14.5342 0.266524 -0.415011,-126.618 1.99504 -0.276746 1.15824,0
115,6,116,2,-201.118 14.6029 0.965557 -0.965378,-126.618 2.00446 -3.59147 3.59017,0
115,6,116,3,-201.118 14.7253 1.25834 -1.16326,-126.618 2.02126 -6.29207 5.40059,0
115,6,116,4,-201.118 14.9001 1.28788 -1.15035,-126.618 2.04526 -8.75276 6.96391,0
115,7,116,1,-201.079 14.6972 -0.33214 -0.0185637,-127.517 2.01741 2.3208 -0.562539,0
115,7,116,2,-201.079 14.7123 0.526998 -0.675416,-127.517 2.01948 -0.965959 1.84879,0
115,7,116,3,-201.079 14.7812 0.976803 -0.976803,-127.517 2.02893 -3.63137 3.63137,1
115,7,116,4,-201.079 14.9032 1.16136 -1.06606,-127.517 2.04568 -6.05726 5.16714,0
115,7,116,5,-201.079 15.077 1.19676 -1.058,-127.517 2.06954 -8.5087 6.72135,0
115,8,116,2,-201.04 15.0103 -0.338164 -0.147525,-128.416 0.325904 5.05654 -1.58099,0
115,8,116,3,-201.04 15.0264 0.26679 -0.551226,-128.416 0.326252 2.42963 0.172192,0
115,8,116,4,-201.04 15.0962 0.60481 -0.741704,-128.416 0.327767 0.0554971 1.67144,0
115,8,116,5,-201.04 15.2189 0.791557 -0.833878,-128.416 0.330432 -2.33444 3.18535,0
115,8,116,6,-201.04 15.3933 0.829838 -0.829291,-128.416 0.334219 -4.73685 4.7106,0
115,9,116,3,-201.001 15.1271 -0.202782 -0.221533,-129.315 -1.41082 8.53945 -3.30141,0
115,9,116,4,-201.001 15.1439 0.28914 -0.513009,-129.315 -1.41239 6.19354 -1.8273,0
115,9,116,5,-201.001 15.2137 0.630711 -0.70699,-129.315 -1.41889 3.84204 -0.342663,0
115,9,116,6,-201.001 15.3355 0.823075 -0.803899,-129.315 -1.43026 1.48788 1.14948,0
115,9,116,7,-201.001 15.5083 0.869007 -0.805282,-129.315 -1.44637 -0.865925 2.64603,0
116,0,117,0,-186.95 13.8862 2.47271 -2.35881,-122.868 4.20919 -5.48498 5.08907,0
116,0,117,1,-186.95 14.1518 3.12801 -2.80926,-122.868 4.2897 -8.11046 6.86678,0
116,0,117,2,-186.95 14.4639 3.64129 -3.16419,-122.868 4.38431 -10.7792 8.67365,0
116,1,117,0,-186.733 13.716 2.12242 -2.05569,-123.741 4.87847 -4.2314 4.03957,0
116,1,117,1,-186.733 13.9275 2.92889 -2.60322,-123.741 4.95371 -6.81522 5.7809,0
116,1,117,2,-186.733 14.1867 3.58953 -3.05254,-123.741 5.04587 -9.44916 7.55543,0
116,2,117,0,-186.515 13.5646 1.68994 -1.68912,-124.614 5.562 -3.03865 3.03666,0
116,2,117,1,-186.515 13.7228 2.64644 -2.33335,-124.614 5.62686 -5.57034 4.73625,0
116,2,117,2,-186.515 13.9291 3.45506 -2.87776,-124.614 5.71143 -8.15854 6.47263,0
116,3,117,0,-186.298 13.7098 0.620472 -0.982166,-125.488 5.62153 -0.629616 1.44146,0
116,3,117,1,-186.298 13.8186 1.71909 -1.71909,-125.488 5.66613 -3.08946 3.08946,1
116,3,117,2,-186.298 13.9762 2.66753 -2.35469,-125.488 5.73077 -5.60692 4.77505,0
116,3,117,3,-186.298 14.1811 3.4799 -2.90144,-125.488 5.81476 -8.19262 6.50951,0
116,4,117,0,-186.081 14.0127 -0.806852 -0.0750736,-126.361 5.42678 2.2573 -0.377338,0
116,4,117,1,-186.081 14.0732 0.43107 -0.903,-126.361 5.4502 -0.129281 1.21858,0
116,4,117,2,-186.081 14.1832 1.51726 -1.62868,-126.361 5.49279 -2.57181 2.85128,0
116,4,117,3,-186.081 14.3415 2.46453 -2.2638,-126.361 5.5541 -5.08187 4.53279,0
116,4,117,4,-186.081 14.5466 3.27733 -2.81122,-126.361 5.63352 -7.65712 6.26137,0
116,5,117,1,-185.863 14.3729 -0.988815 -0.000147872,-127.234 5.24406 2.78118 -0.612362,0
116,5,117,2,-185.863 14.4351 0.234855 -0.815492,-127.234 5.26673 0.408964 0.969935,0
116,5,117,3,-185.863 14.5462 1.31825 -1.53952,-127.234 5.30727 -2.02931 2.60043,0
116,5,117,4,-185.863 14.7051 2.26444 -2.1742,-127.234 5.36526 -4.532 4.27788,0
116,5,117,5,-185.863 14.9104 3.07772 -2.72228,-127.234 5.44016 -7.09691 6.00066,0
116,6,117,2,-185.646 14.7313 -1.17719 0.0830002,-128.108 5.04927 3.34298 -0.873246,0
116,6,117,3,-185.646 14.7951 0.0420236 -0.729503,-128.108 5.07112 0.971984 0.708654,0
116,6,117,4,-185.646 14.9073 1.12273 -1.45193,-128.108 5.10957 -1.46196 2.3369,0
116,6,117,5,-185.646 15.0668 2.06793 -2.0862,-128.108 5.16426 -3.9573 4.01032,0
116,6,117,6,-185.646 15.2722 2.88176 -2.63497,-128.108 5.23466 -6.51198 5.72735,0
116,7,117,3,-185.429 15.0875 -1.36163 0.164374,-128.981 4.8424 3.92939 -1.14667,0
116,7,117,4,-185.429 15.1529 -0.146745 -0.645373,-128.981 4.86337 1.55977 0.434743,0
116,7,117,5,-185.429 15.2661 0.931383 -1.36627,-128.981 4.89971 -0.869771 2.0607,0
116,7,117,6,-185.429 15.4262 1.87567 -2.00016,-128.981 4.95109 -3.35779 3.7301,0
116,7,117,7,-185.429 15.6316 2.69014 -2.54964,-128.981 5.01703 -5.90234 5.44146,0
116,8,117,4,-185.212 15.4413 -1.54146 0.243631,-129.855 4.62347 4.54039 -1.43261,0
116,8,117,5,-185.212 15.5081 -0.330771 -0.563442,-129.855 4.64349 2.17231 0.148212,0
116,8,117,6,-185.212 15.6223 0.74489 -1.28286,-129.855 4.67769 -0.252771 1.77185,0
116,8,117,7,-185.212 15.7829 1.68836 -1.91642,-129.855 4.72576 -2.73348 3.43724,0
116,8,117,8,-185.212 15.9884 2.50353 -2.46662,-129.855 4.7873 -5.26801 5.14299,0
116,9,117,5,-184.994 15.7922 -1.716 0.320429,-130.728 4.3925 5.17595 -1.73107,0
116,9,117,6,-184.994 15.8605 -0.509374 -0.48405,-130.728 4.41151 2.80955 -0.150916,0
116,9,117,7,-184.994 15.9756 0.563929 -1.20205,-130.728 4.44354 0.388992 1.47037,0
116,9,117,8,-184.994 16.1366 1.50667 -1.83532,-130.728 4.48832 -2.08443 3.13177,0
116,9,117,9,-184.994 16.3421 2.32262 -2.38627,-130.728 4.54547 -4.60903 4.83197,0
117,0,118,0,-172.95 4.79882 2.00506 -1.53436,-119.054 3.47258 -2.99979 2.23272,0
117,0,118,1,-172.95 5.01253 3.13567 -2.29896,-119.054 3.62723 -5.56628 3.95614,0
117,0,118,2,-172.95 5.31841 4.00193 -2.89137,-119.054 3.84858 -8.34702 5.82713,0
117,1,118,0,-172.479 4.79904 0.593008 -0.593008,-119.822 3.47275 -0.69859 0.69859,1
117,1,118,1,-172.479 4.90676 2.02838 -1.55637,-119.822 3.5507 -3.01941 2.25305,0
117,1,118,2,-172.479 5.11713 3.16901 -2.32763,-119.822 3.70293 -5.57854 3.97153,0
117,2,118,0,-172.009 4.91268 -1.14185 0.557745,-120.589 3.54679 1.35967 -0.666465,0
117,2,118,1,-172.009 4.91209 0.605082 -0.608856,-120.589 3.54636 -0.710255 0.715477,0
117,2,118,2,-172.009 5.01873 2.04388 -1.57457,-120.589 3.62335 -3.02842 2.26824,0
117,2,118,3,-172.009 5.22606 3.1938 -2.35208,-120.589 3.77303 -5.58003 3.98175,0
117,3,118,0,-171.539 5.12913 -3.17215 1.90113,-121.356 3.69452 3.18146 -1.86875,0
117,3,118,1,-171.539 5.02469 -1.12652 0.539677,-121.356 3.61929 1.35113 -0.651597,0
117,3,118,2,-171.539 5.0253 0.617099 -0.624815,-121.356 3.61972 -0.721694 0.732382,0
117,3,118,3,-171.539 5.13092 2.05919 -1.5928,-121.356 3.6958 -3.03732 2.28352,0
117,3,118,4,-171.539 5.33532 3.21804 -2.37631,-121.356 3.84303 -5.58171 3.99227,0
117,4,118,1,-171.068 5.23813 -3.14771 1.87696,-122.123 3.76433 3.18087 -1.85913,0
117,4,118,2,-171.068 5.13691 -1.11139 0.521594,-122.123 3.69158 1.3427 -0.636631,0
117,4,118,3,-171.068 5.13867 0.62906 -0.640884,-122.123 3.69285 -0.732905 0.749303,0
117,4,118,4,-171.068 5.24331 2.07431 -1.61105,-122.123 3.76805 -3.0461 2.29888,0
117,4,118,5,-171.068 5.44491 3.24175 -2.40035,-122.123 3.91292 -5.58355 4.00306,0
117,5,118,2,-170.598 5.34748 -3.12384 1.85302,-122.891 3.83403 3.18009 -1.84922,0
117,5,118,3,-170.598 5.24935 -1.09645 0.503491,-122.891 3.76367 1.33439 -0.621574,0
117,5,118,4,-170.598 5.25221 0.640967 -0.657065,-122.891 3.76573 -0.743889 0.76624,0
117,5,118,5,-170.598 5.35591 2.08926 -1.62932,-122.891 3.84008 -3.05475 2.31434,0
117,5,118,6,-170.598 5.55481 3.26497 -2.42419,-122.891 3.98268 -5.58553 4.01411,0
117,6,118,3,-170.127 5.45714 -3.10051 1.82928,-123.658 3.90362 3.17914 -1.83902,0
117,6,118,4,-170.127 5.36199 -1.0817 0.48536,-123.658 3.83555 1.3262 -0.60643,0
117,6,118,5,-170.127 5.36592 0.652822 -0.673359,-123.658 3.83836 -0.754644 0.783193,0
117,6,118,6,-170.127 5.46872 2.10403 -1.64764,-123.658 3.9119 -3.06327 2.32987,0
117,6,118,7,-170.127 5.66501 3.28771 -2.44788,-123.658 4.05231 -5.58763 4.02541,0
117,7,118,4,-169.657 5.56713 -3.07767 1.80573,-124.425 3.97308 3.17805 -1.82856,0
117,7,118,5,-169.657 5.47484 -1.06712 0.467196,-124.425 3.90722 1.31814 -0.591205,0
117,7,118,6,-169.657 5.47979 0.664623 -0.689765,-124.425 3.91075 -0.765166 0.800158,0
117,7,118,7,-169.657 5.58173 2.11865 -1.666,-124.425 3.9835 -3.07164 2.34547,0
117,7,118,8,-169.657 5.77552 3.31001 -2.47141,-124.425 4.1218 -5.58982 4.03694,0
117,8,118,5,-169.186 5.67743 -3.05532 1.78235,-125.192 4.04242 3.17683 -1.81785,0
117,8,118,6,-169.186 5.58789 -1.0527 0.448994,-125.192 3.97867 1.31022 -0.575904,0
117,8,118,7,-169.186 5.59383 0.676375 -0.706286,-125.192 3.9829 -0.775458 0.817137,0
117,8,118,8,-169.186 5.69494 2.13311 -1.6844,-125.192 4.05489 -3.07987 2.36115,0
117,8,118,9,-169.186 5.88632 3.33188 -2.49482,-125.192 4.19115 -5.59209 4.04869,0
117,9,118,6,-168.716 5.78802 -3.03342 1.75912,-125.96 4.11162 3.17552 -1.8069,0
117,9,118,7,-168.716 5.70115 -1.03844 0.430747,-125.96 4.0499 1.30244 -0.56053,0
117,9,118,8,-168.716 5.70803 0.688078 -0.722924,-125.96 4.0548 -0.785517 0.834129,0
117,9,118,9,-168.716 5.80835 2.14743 -1.70285,-125.96 4.12606 -3.08795 2.37689,0
118,0,119,0,-167.68 4.18813 -1.32368 0.64366,-116.349 4.15358 1.15 -0.561658,0
118,0,119,1,-167.68 4.19504 0.717559 -0.717559,-116.349 4.16044 -0.61604 0.61604,1
118,0,119,2,-167.68 4.29803 2.50004 -1.91609,-116.349 4.26257 -2.69148 2.00786,0
118,0,119,3,-167.68 4.49048 4.03061 -2.95219,-116.349 4.45344 -5.04706 3.59109,0
118,1,119,0,-167.101 4.37446 -3.59508 2.149,-117.037 4.35063 2.60199 -1.52229,0
118,1,119,1,-167.101 4.28845 -1.29087 0.617727,-117.037 4.26509 1.12669 -0.542931,0
118,1,119,2,-167.101 4.29652 0.760116 -0.754398,-117.037 4.27312 -0.652498 0.646741,0
118,1,119,3,-167.101 4.39817 2.54693 -1.95593,-117.037 4.37421 -2.7249 2.03657,0
118,1,119,4,-167.101 4.58716 4.08798 -2.99903,-117.037 4.56217 -5.07163 3.61386,0
118,2,119,1,-166.521 4.47109 -3.55217 2.11666,-117.726 4.4593 2.5881 -1.51013,0
118,2,119,2,-166.521 4.38852 -1.24427 0.578255,-117.726 4.37694 1.09294 -0.51411,0
118,2,119,3,-166.521 4.3977 0.803969 -0.792224,-117.726 4.3861 -0.689983 0.678175,0
118,2,119,4,-166.521 4.49805 2.59496 -1.99664,-117.726 4.48619 -2.7595 2.06612,0
118,2,119,5,-166.521 4.68374 4.14605 -3.04648,-117.726 4.67138 -5.0978 3.63774,0
118,3,119,2,-165.941 4.56762 -3.49534 2.07049,-118.414 4.56844 2.56291 -1.48717,0
118,3,119,3,-165.941 4.48834 -1.19653 0.5379,-118.414 4.48914 1.05801 -0.484452,0
118,3,119,4,-165.941 4.49856 0.849123 -0.83104,-118.414 4.49937 -0.72849 0.710337,0
118,3,119,5,-165.941 4.59769 2.64412 -2.03823,-118.414 4.59851 -2.79529 2.0965,0
118,3,119,6,-165.941 4.7802 4.20485 -3.09454,-118.414 4.78106 -5.12552 3.66271,0
118,4,119,3,-165.362 4.66405 -3.43779 2.02372,-119.102 4.67806 2.53615 -1.4631,0
118,4,119,4,-165.362 4.58789 -1.14764 0.496654,-119.102 4.60168 1.02191 -0.45397,0
118,4,119,5,-165.362 4.59911 0.89558 -0.870847,-119.102 4.61293 -0.768015 0.743224,0
118,4,119,6,-165.362 4.69706 2.69443 -2.08072,-119.102 4.71118 -2.83222 2.1277,0
118,4,119,7,-165.362 4.87653 4.26443 -3.14326,-119.102 4.89118 -5.15475 3.68874,0
118,5,119,4,-164.782 4.76035 -3.37949 1.97632,-119.791 4.78814 2.50785 -1.43796,0
118,5,119,5,-164.782 4.68719 -1.09759 0.454507,-119.791 4.71456 0.984666 -0.422673,0
118,5,119,6,-164.782 4.69934 0.943341 -0.911649,-119.791 4.72679 -0.808554 0.776833,0
118,5,119,7,-164.782 4.79617 2.74592 -2.12412,-119.791 4.82418 -2.87031 2.15971,0
118,5,119,8,-164.782 4.97272 4.32483 -3.19264,-119.791 5.00176 -5.18547 3.7158,0
118,6,119,5,-164.202 4.85651 -3.32039 1.92825,-120.479 4.89867 2.47805 -1.41176,0
118,6,119,6,-164.202 4.78621 -1.04636 0.411451,-120.479 4.82776 0.946282 -0.39057,0
118,6,119,7,-164.202 4.79927 0.992413 -0.953448,-120.479 4.84093 -0.850105 0.811161,0
118,6,119,8,-164.202 4.89501 2.79858 -2.16842,-120.479 4.93751 -2.90953 2.19253,0
118,6,119,9,-164.202 5.06876 4.38607 -3.24273,-120.479 5.11276 -5.21763 3.74389,0
118,7,119,6,-163.622 4.95253 -3.26046 1.87951,-121.168 5.00963 2.44678 -1.38453,0
118,7,119,7,-163.622 4.88497 -0.993943 0.367477,-121.168 4.9413 0.906772 -0.35767,0
118,7,119,8,-163.622 4.89888 1.0428 -0.996245,-121.168 4.95537 -0.892661 0.846204,0
118,7,119,9,-163.622 4.99359 2.85243 -2.21365,-121.168 5.05117 -2.94987 2.22614,0
118,8,119,7,-163.043 5.04838 -3.19967 1.83006,-121.856 5.12103 2.41408 -1.3563,0
118,8,119,8,-163.043 4.98345 -0.940328 0.322578,-121.856 5.05516 0.866149 -0.323981,0
118,8,119,9,-163.043 4.99818 1.09449 -1.04004,-121.856 5.0701 -0.936219 0.881958,0
118,9,119,7,-162.463 5.28166 -5.60289 3.42027,-122.545 5.37279 3.69525 -2.20082,0
118,9,119,8,-162.463 5.14407 -3.13799 1.77989,-122.545 5.23284 2.37998 -1.32708,0
118,9,119,9,-162.463 5.08166 -0.885504 0.276748,-122.545 5.16934 0.824422 -0.289512,0
119,0,120,0,-164.172 3.4238 0.860933 -0.859074,-111.607 4.70274 -0.520638 0.519285,0
119,0,120,1,-164.172 3.5178 2.9361 -2.25035,-111.607 4.83185 -2.28007 1.69697,0
119,0,120,2,-164.172 3.68628 4.8228 -3.52763,-111.607 5.06326 -4.36566 3.0985,0
119,1,120,0,-163.485 3.50238 -1.41599 0.652328,-112.188 4.81068 0.888138 -0.415947,0
119,1,120,1,-163.485 3.51662 0.878546 -0.878546,-112.188 4.83023 -0.530582 0.530582,1
119,1,120,2,-163.485 3.6094 2.97309 -2.28798,-112.188 4.95766 -2.29264 1.71257,0
119,1,120,3,-163.485 3.77493 4.86904 -3.57156,-112.188 5.18503 -4.36615 3.10608,0
119,2,120,0,-162.798 3.64343 -3.87472 2.28308,-112.77 5.03248 1.95358 -1.12171,0
119,2,120,1,-162.798 3.58124 -1.36981 0.618262,-112.77 4.94657 0.862663 -0.397517,0
119,2,120,2,-162.798 3.59625 0.938565 -0.927229,-112.77 4.96731 -0.56754 0.559314,0
119,2,120,3,-162.798 3.68753 3.03781 -2.33986,-112.77 5.09339 -2.32547 1.73853,0
119,2,120,4,-162.798 3.84966 4.94382 -3.6301,-112.77 5.31732 -4.38833 3.12481,0
119,3,120,1,-162.112 3.71874 -3.81946 2.24349,-113.351 5.16535 1.93818 -1.11033,0
119,3,120,2,-162.112 3.65943 -1.30599 0.567212,-113.351 5.08298 0.828081 -0.370491,0
119,3,120,3,-162.112 3.67517 1.00084 -0.977463,-113.351 5.10484 -0.60577 0.58886,0
119,3,120,4,-162.112 3.76502 3.10462 -2.39319,-113.351 5.22964 -2.3598 1.76545,0
119,3,120,5,-162.112 3.92388 5.02026 -3.68981,-113.351 5.4503 -4.41249 3.14484,0
119,4,120,2,-161.425 3.79352 -3.74628 2.18648,-113.933 5.29889 1.91285 -1.08969,0
119,4,120,3,-161.425 3.73696 -1.24004 0.51469,-113.933 5.21988 0.792081 -0.342551,0
119,4,120,4,-161.425 3.75339 1.06537 -1.02925,-113.933 5.24283 -0.645263 0.619213,0
119,4,120,5,-161.425 3.84186 3.17351 -2.44797,-113.933 5.36641 -2.39558 1.79332,0
119,4,120,6,-161.425 3.9976 5.09842 -3.75072,-113.933 5.58395 -4.43857 3.16613,0
119,5,120,3,-160.738 3.86777 -3.67132 2.12823,-114.514 5.43307 1.88566 -1.06783,0
119,5,120,4,-160.738 3.81383 -1.17193 0.460684,-114.514 5.35729 0.754681 -0.313708,0
119,5,120,5,-160.738 3.8309 1.13218 -1.0826,-114.514 5.38127 -0.686008 0.650368,0
119,5,120,6,-160.738 3.91805 3.24452 -2.5042,-114.514 5.50369 -2.43281 1.82211,0
119,5,120,7,-160.738 4.07079 5.17834 -3.81287,-114.514 5.71825 -4.46653 3.18863,0
119,6,120,4,-160.051 3.94148 -3.59455 2.06872,-115.096 5.56788 1.85665 -1.04478,0
119,6,120,5,-160.051 3.89002 -1.10166 0.405185,-115.096 5.49519 0.715901 -0.283978,0
119,6,120,6,-160.051 3.9077 1.20125 -1.13751,-115.096 5.52015 -0.727996 0.682317,0
119,6,120,7,-160.051 3.99358 3.31765 -2.5619,-115.096 5.64148 -2.47146 1.85182,0
119,6,120,8,-160.051 4.14344 5.26006 -3.87628,-115.096 5.85318 -4.49631 3.21233,0
119,7,120,5,-159.364 4.01463 -3.51594 2.00792,-115.677 5.7033 1.82586 -1.02057,0
119,7,120,6,-159.364 3.96554 -1.02922 0.348189,-115.677 5.63357 0.675762 -0.253373,0
119,7,120,7,-159.364 3.98378 1.2726 -1.19398,-115.677 5.65949 -0.771219 0.715054,0
119,7,120,8,-159.364 4.06845 3.39293 -2.62109,-115.677 5.77977 -2.51151 1.88243,0
119,7,120,9,-159.364 4.21554 5.34361 -3.94096,-115.677 5.98873 -4.52787 3.23719,0
119,8,120,6,-158.677 4.0872 -3.43545 1.94582,-116.259 5.83933 1.79335 -0.995245,0
119,8,120,7,-158.677 4.04038 -0.954592 0.289684,-116.259 5.77243 0.634278 -0.221904,0
119,8,120,8,-158.677 4.05916 1.34623 -1.25203,-116.259 5.79926 -0.815666 0.748573,0
119,8,120,9,-158.677 4.14265 3.47036 -2.68176,-116.259 5.91855 -2.55294 1.91392,0
119,8,120,10,-158.677 4.28708 5.42902 -4.00694,-116.259 6.12489 -4.56116 3.26317,0
119,9,120,7,-157.99 4.1592 -3.35305 1.88239,-116.84 5.97595 1.75916 -0.968817,0
119,9,120,8,-157.99 4.11453 -0.87776 0.229663,-116.84 5.91177 0.591466 -0.189583,0
119,9,120,9,-157.99 4.13381 1.42215 -1.31164,-116.84 5.93948 -0.861328 0.782866,0
119,9,120,10,-157.99 4.21618 3.54997 -2.74393,-116.84 6.05782 -2.59572 1.94629,0
120,0,121,0,-160.747 2.60291 1.02534 -1.02336,-106.906 5.28936 -0.392029 0.391054,0
120,0,121,1,-160.747 2.67169 3.37429 -2.59831,-106.906 5.42912 -1.76893 1.31242,0
120,0,121,2,-160.747 2.7958 5.59286 -4.09821,-106.906 5.68133 -3.49534 2.47083,0
120,1,121,0,-159.969 2.66013 -1.4576 0.624465,-107.358 5.40564 0.608488 -0.273106,0
120,1,121,1,-159.969 2.66978 1.04559 -1.04559,-107.358 5.42524 -0.399101 0.399101,1
120,1,121,2,-159.969 2.73769 3.41046 -2.63559,-107.358 5.56325 -1.77441 1.32062,0
120,1,121,3,-159.969 2.85973 5.6354 -4.13978,-107.358 5.81123 -3.48804 2.47049,0
120,2,121,0,-159.191 2.75727 -4.05464 2.34647,-107.811 5.64442 1.24113 -0.69189,0
120,2,121,1,-159.191 2.71029 -1.40358 0.585171,-107.811 5.54824 0.589244 -0.259609,0
120,2,121,2,-159.191 2.72046 1.11187 -1.09767,-107.811 5.56906 -0.425843 0.41888,0
120,2,121,3,-159.191 2.78716 3.48036 -2.69006,-107.811 5.70559 -1.79656 1.33728,0
120,2,121,4,-159.191 2.90649 5.71283 -4.19908,-107.811 5.94987 -3.49866 2.47932,0
120,3,121,1,-158.413 2.8045 -3.99362 2.30311,-108.263 5.7837 1.2326 -0.685783,0
120,3,121,2,-158.413 2.75967 -1.33406 0.53117,-108.263 5.69124 0.565279 -0.241786,0
120,3,121,3,-158.413 2.77033 1.18047 -1.15124,-108.263 5.71322 -0.453419 0.439153,0
120,3,121,4,-158.413 2.83585 3.55244 -2.74595,-108.263 5.84835 -1.81976 1.35459,0
120,3,121,5,-158.413 2.95259 5.79216 -4.25963,-108.263 6.08909 -3.51084 2.48914,0
120,4,121,2,-157.635 2.85105 -3.91682 2.24465,-108.716 5.92352 1.21871 -0.674863,0
120,4,121,3,-157.635 2.80826 -1.26233 0.475731,-108.716 5.83462 0.540333 -0.223368,0
120,4,121,4,-157.635 2.81938 1.25137 -1.2063,-108.716 5.85772 -0.481821 0.459914,0
120,4,121,5,-157.635 2.88377 3.62671 -2.80326,-108.716 5.99151 -1.844 1.37253,0
120,4,121,6,-157.635 2.99801 5.87342 -4.32142,-108.716 6.22886 -3.52452 2.49991,0
120,5,121,3,-156.857 2.89691 -3.83806 2.18491,-109.169 6.06388 1.20338 -0.66304,0
120,5,121,4,-156.857 2.85607 -1.18836 0.418846,-109.169 5.97839 0.514426 -0.204368,0
120,5,121,5,-156.857 2.86761 1.32458 -1.26286,-109.169 6.00255 -0.511038 0.481158,0
120,5,121,6,-156.857 2.93091 3.70319 -2.86199,-109.169 6.13506 -1.86925 1.39107,0
120,5,121,7,-156.857 3.04276 5.95664 -4.38449,-109.169 6.36917 -3.53965 2.51159,0
120,6,121,4,-156.079 2.94207 -3.75729 2.12387,-109.621 6.20476 1.18667 -0.650347,0
120,6,121,5,-156.079 2.90308 -1.11215 0.360509,-109.621 6.12253 0.487575 -0.184798,0
120,6,121,6,-156.079 2.91502 1.40011 -1.32091,-109.621 6.14771 -0.541061 0.502878,0
120,6,121,7,-156.079 2.97728 3.78189 -2.92216,-109.621 6.279 -1.89548 1.41022,0
120,6,121,8,-156.079 3.08681 6.04183 -4.44885,-109.621 6.51 -3.55618 2.52414,0
120,7,121,5,-155.301 2.98653 -3.67451 2.06153,-110.074 6.34613 1.16863 -0.636815,0
120,7,121,6,-155.301 2.9493 -1.03369 0.300719,-110.074 6.26703 0.459802 -0.164672,0
120,7,121,7,-155.301 2.96161 1.47796 -1.38047,-110.074 6.29319 -0.571881 0.525069,0
120,7,121,8,-155.301 3.02286 3.86281 -2.98377,-110.074 6.42333 -1.92268 1.42995,0
120,7,121,9,-155.301 3.13016 6.12903 -4.51452,-110.074 6.65134 -3.57406 2.53754,0
120,8,121,6,-154.524 3.03026 -3.58969 1.99785,-110.527 6.48799 1.14928 -0.622471,0
120,8,121,7,-154.524 2.99472 -0.952978 0.239468,-110.527 6.41189 0.43112 -0.143998,0
120,8,121,8,-154.524 3.00738 1.55814 -1.44152,-110.527 6.439 -0.603488 0.547725,0
120,8,121,9,-154.524 3.06765 3.94596 -3.04683,-110.527 6.56802 -1.95082 1.45025,0
120,8,121,10,-154.524 3.1728 6.21826 -4.5815,-110.527 6.79316 -3.59325 2.55177,0
120,9,121,7,-153.746 3.07328 -3.5028 1.93284,-110.979 6.63031 1.12868 -0.607343,0
120,9,121,8,-153.746 3.03935 -0.869994 0.176751,-110.979 6.55711 0.401549 -0.122789,0
120,9,121,9,-153.746 3.05233 1.64064 -1.50408,-110.979 6.58513 -0.635872 0.570839,0
120,9,121,10,-153.746 3.11164 4.03136 -3.11134,-110.979 6.71309 -1.97989 1.47112,0
120,10,121,8,-152.968 3.11556 -3.41384 1.86648,-111.432 6.7731 1.10686 -0.591454,0
120,10,121,9,-152.968 3.08317 -0.784742 0.112567,-111.432 6.70268 0.371104 -0.101055,0
120,10,121,10,-152.968 3.09645 1.72547 -1.56815,-111.432 6.73157 -0.669024 0.594406,0
121,0,122,0,-158.142 1.58361 1.10014 -1.10032,-101.617 5.67879 -0.196708 0.196759,0
121,0,122,1,-158.142 1.6219 3.66439 -2.81869,-101.617 5.8161 -1.11762 0.812285,0
121,0,122,2,-158.142 1.69416 6.17023 -4.51263,-101.617 6.07524 -2.40983 1.67729,0
121,1,122,0,-157.299 1.62248 -1.51782 0.635977,-101.933 5.81821 0.327539 -0.151129,0
121,1,122,1,-157.299 1.62481 1.12932 -1.12932,-101.933 5.82655 -0.201981 0.201981,1
121,1,122,2,-157.299 1.66266 3.71411 -2.8678,-101.933 5.96229 -1.11969 0.815884,0
121,1,122,3,-157.299 1.73372 6.22405 -4.56462,-101.933 6.2171 -2.39879 1.67211,0
121,2,122,0,-156.456 1.68137 -4.18615 2.40263,-102.249 6.08314 0.474908 -0.247645,0
121,2,122,1,-156.456 1.64959 -1.4603 0.592737,-102.249 5.96814 0.319614 -0.14542,0
121,2,122,2,-156.456 1.65234 1.20542 -1.19157,-102.249 5.97811 -0.216423 0.212577,0
121,2,122,3,-156.456 1.68947 3.79271 -2.93182,-102.249 6.11244 -1.12978 0.823531,0
121,2,122,4,-156.456 1.7588 6.30773 -4.632,-102.249 6.36326 -2.39665 1.67152,0
121,3,122,1,-155.613 1.70633 -4.12397 2.35688,-102.564 6.22891 0.479822 -0.25062,0
121,3,122,2,-155.613 1.67603 -1.38145 0.528826,-102.564 6.1183 0.30953 -0.137784,0
121,3,122,3,-155.613 1.67919 1.28387 -1.25548,-102.564 6.12982 -0.231192 0.223344,0
121,3,122,4,-155.613 1.71562 3.87359 -2.99746,-102.564 6.26281 -1.14039 0.831485,0
121,3,122,5,-155.613 1.78329 6.39352 -4.70089,-102.564 6.50982 -2.39558 1.67159,0
121,4,122,2,-154.771 1.73071 -4.0398 2.28972,-102.88 6.3751 0.481935 -0.251213,0
121,4,122,3,-154.771 1.70182 -1.30032 0.463299,-102.88 6.26868 0.29891 -0.129837,0
121,4,122,4,-154.771 1.70535 1.36465 -1.32104,-102.88 6.28169 -0.246277 0.234273,0
121,4,122,5,-154.771 1.74111 3.95675 -3.06472,-102.88 6.41339 -1.15151 0.839728,0
121,4,122,6,-154.771 1.80718 6.48143 -4.77131,-102.88 6.65676 -2.3955 1.67228,0
121,5,122,3,-153.928 1.7545 -3.95353 2.22105,-103.196 6.52169 0.482979 -0.251135,0
121,5,122,4,-153.928 1.72695 -1.21691 0.396151,-103.196 6.41928 0.287779 -0.121595,0
121,5,122,5,-153.928 1.73083 1.44779 -1.38826,-103.196 6.4337 -0.261669 0.245359,0
121,5,122,6,-153.928 1.76593 4.04219 -3.13361,-103.196 6.56419 -1.16311 0.848244,0
121,5,122,7,-153.928 1.83046 6.57147 -4.84325,-103.196 6.80407 -2.39637 1.67356,0
121,6,122,4,-153.085 1.77768 -3.86514 2.15086,-103.512 6.66866 0.48301 -0.250426,0
121,6,122,5,-153.085 1.75141 -1.13122 0.327379,-103.512 6.57009 0.276158 -0.113074,0
121,6,122,6,-153.085 1.75561 1.53327 -1.45715,-103.512 6.58587 -0.277359 0.256595,0
121,6,122,7,-153.085 1.79009 4.12994 -3.20412,-103.512 6.71519 -1.17517 0.857019,0
121,6,122,8,-153.085 1.85314 6.66366 -4.91673,-103.512 6.95172 -2.39814 1.67539,0
121,7,122,5,-152.242 1.80027 -3.77462 2.07914,-103.828 6.81599 0.482083 -0.249123,0
121,7,122,6,-152.242 1.7752 -1.04323 0.256982,-103.828 6.7211 0.26407 -0.10429,0
121,7,122,7,-152.242 1.77971 1.6211 -1.5277,-103.828 6.73818 -0.293338 0.267973,0
121,7,122,8,-152.242 1.81358 4.21998 -3.27627,-103.828 6.86639 -1.18768 0.866038,0
121,7,122,9,-152.242 1.8752 6.75801 -4.99175,-103.828 7.09971 -2.40076 1.67774,0
121,8,122,6,-151.4 1.82224 -3.68196 2.00589,-104.143 6.96368 0.480247 -0.247259,0
121,8,122,7,-151.4 1.79833 -0.952951 0.184955,-104.143 6.87232 0.251534 -0.0952562,0
121,8,122,8,-151.4 1.80313 1.71128 -1.59991,-104.143 6.89064 -0.309597 0.279486,0
121,8,122,9,-151.4 1.8364 4.31232 -3.35004,-104.143 7.01778 -1.20061 0.875287,0
121,8,122,10,-151.4 1.89664 6.85453 -5.06834,-104.143 7.24801 -2.4042 1.68057,0
121,9,122,7,-150.557 1.8436 -3.58713 1.93109,-104.459 7.11169 0.47755 -0.244867,0
121,9,122,8,-150.557 1.82079 -0.860365 0.111294,-104.459 7.02372 0.238571 -0.0859869,0
121,9,122,9,-150.557 1.82585 1.80381 -1.67378,-104.459 7.04323 -0.326125 0.291127,0
121,9,122,10,-150.557 1.85855 4.40697 -3.42545,-104.459 7.16935 -1.21394 0.884755,0
121,10,122,8,-149.714 1.86434 -3.49014 1.85474,-104.775 7.26003 0.474035 -0.241977,0
121,10,122,9,-149.714 1.84258 -0.765478 0.0360022,-104.775 7.17531 0.225199 -0.0764959,0
121,10,122,10,-149.714 1.84789 1.8987 -1.74931,-104.775 7.19597 -0.342914 0.302891,0
122,0,123,0,-156.558 0.47674 -1.51836 0.61589,-95.9383 5.80043 0.0360962 -0.0321293,0
122,0,123,1,-156.558 0.476648 1.09506 -1.09745,-95.9383 5.79931 0.0147589 -0.0145629,0
122,0,123,2,-156.558 0.487829 3.78734 -2.90092,-95.9383 5.93534 -0.407639 0.266925,0
122,0,123,3,-156.558 0.509539 6.49406 -4.72937,-95.9383 6.19949 -1.21169 0.801951,0
122,1,123,0,-155.674 0.500858 -4.18306 2.37231,-96.1064 6.09387 -0.33881 0.2174,0
122,1,123,1,-155.674 0.489982 -1.56661 0.666717,-96.1064 5.96154 0.0326884 -0.0266481,0
122,1,123,2,-155.674 0.490077 1.13329 -1.13329,-96.1064 5.9627 0.0145702 -0.0145702,1
122,1,123,3,-155.674 0.501138 3.84698 -2.95805,-96.1064 6.09727 -0.40112 0.261665,0
122,1,123,4,-155.674 0.522468 6.55542 -4.78784,-96.1064 6.35679 -1.19107 0.787211,0
122,2,123,1,-154.79 0.493863 -4.19581 2.40786,-96.2745 6.25115 -0.329648 0.214143,0
122,2,123,2,-154.79 0.483844 -1.48948 0.611549,-96.2745 6.12434 0.0358135 -0.0293837,0
122,2,123,3,-154.79 0.484106 1.23175 -1.20996,-96.2745 6.12765 0.0136079 -0.0153683,0
122,2,123,4,-154.79 0.494631 3.94739 -3.03614,-96.2745 6.26087 -0.397824 0.257955,0
122,2,123,5,-154.79 0.514792 6.65911 -4.86803,-96.2745 6.51605 -1.17446 0.774528,0
122,3,123,2,-153.906 0.485907 -4.1156 2.35143,-96.4425 6.40884 -0.311141 0.201141,0
122,3,123,3,-153.906 0.476689 -1.38832 0.53336,-96.4425 6.28727 0.0409815 -0.0342935,0
122,3,123,4,-153.906 0.477095 1.33343 -1.28881,-96.4425 6.29261 0.012805 -0.0163472,0
122,3,123,5,-153.906 0.487099 4.05098 -3.11638,-96.4425 6.42456 -0.39457 0.254196,0
122,3,123,6,-153.906 0.506133 6.76589 -4.95034,-96.4425 6.67561 -1.15851 0.762205,0
122,4,123,3,-153.022 0.476982 -4.01046 2.27103,-96.6106 6.56689 -0.291201 0.186339,0
122,4,123,4,-153.022 0.468515 -1.28399 0.453019,-96.6106 6.45031 0.0460135 -0.0391853,0
122,4,123,5,-153.022 0.469044 1.43832 -1.36983,-96.6106 6.4576 0.0121779 -0.017518,0
122,4,123,6,-153.022 0.47854 4.15776 -3.19878,-96.6106 6.58833 -0.391325 0.250369,0
122,4,123,7,-153.022 0.496488 6.87578 -5.03476,-96.6106 6.83544 -1.14313 0.750192,0
122,5,123,4,-152.138 0.467084 -3.90224 2.18854,-96.7787 6.72527 -0.272066 0.172003,0
122,5,123,5,-152.138 0.459319 -1.17648 0.370525,-96.7787 6.61347 0.0509479 -0.0440852,0
122,5,123,6,-152.138 0.459953 1.54642 -1.45302,-96.7787 6.6226 0.0117425 -0.0188917,0
122,5,123,7,-152.138 0.468953 4.26772 -3.28334,-96.7787 6.75217 -0.38806 0.246452,0
122,5,123,8,-152.138 0.485853 6.98876 -5.12129,-96.7787 6.99551 -1.12827 0.738444,0
122,6,123,5,-151.253 0.456209 -3.79095 2.10394,-96.9467 6.88397 -0.253653 0.158077,0
122,6,123,6,-151.253 0.449101 -1.06579 0.285878,-96.9467 6.77671 0.0558208 -0.0490177,0
122,6,123,7,-151.253 0.449822 1.65773 -1.53839,-96.9467 6.7876 0.0115146 -0.0204792,0
122,6,123,8,-151.253 0.458336 4.38088 -3.37005,-96.9467 6.91607 -0.384748 0.242427,0
122,6,123,9,-151.253 0.474224 7.10486 -5.20994,-96.9467 7.15581 -1.11385 0.726917,0
122,7,123,6,-150.369 0.444351 -3.67657 2.01723,-97.1148 7.04296 -0.235884 0.14451,0
122,7,123,7,-150.369 0.437858 -0.951932 0.199077,-97.1148 6.94004 0.0606668 -0.054006,0
122,7,123,8,-150.369 0.438651 1.77226 -1.62592,-97.1148 6.9526 0.0115104 -0.0222917,0
122,7,123,9,-150.369 0.44669 4.49722 -3.45893,-97.1148 7.08003 -0.381359 0.238273,0
122,7,123,10,-150.369 0.461598 7.22408 -5.30072,-97.1148 7.31631 -1.09983 0.715573,0
122,8,123,7,-149.485 0.431508 -3.55909 1.92842,-97.2829 7.20221 -0.218688 0.131253,0
122,8,123,8,-149.485 0.42559 -0.83489 0.110122,-97.2829 7.10344 0.0655184 -0.0590723,0
122,8,123,9,-149.485 0.426439 1.89 -1.71563,-97.2829 7.1176 0.011746 -0.0243402,0
122,8,123,10,-149.485 0.434013 4.61675 -3.54997,-97.2829 7.24402 -0.377868 0.233975,0
122,9,123,8,-148.601 0.417674 -3.43851 1.83749,-97.4509 7.3617 -0.201996 0.118261,0
122,9,123,9,-148.601 0.412296 -0.714667 0.0190126,-97.4509 7.26691 0.0704068 -0.0642379,0
122,9,123,10,-148.601 0.413186 2.01095 -1.80751,-97.4509 7.28259 0.0122369 -0.0266353,0
122,10,123,8,-147.717 0.413306 -6.0368 3.55598,-97.619 7.71668 -0.759029 0.488379,0
122,10,123,9,-147.717 0.402847 -3.31483 1.74445,-97.619 7.5214 -0.185746 0.10549,0
122,10,123,10,-147.717 0.397975 -0.591262 -0.0742515,-97.619 7.43043 0.0753619 -0.0695229,0
123,0,124,0,-156.984 -0.675802 1.22204 -1.14413,-90.1339 5.4802 0.242361 -0.233316,0
123,0,124,1,-156.984 -0.694298 3.92951 -2.95057,-90.1339 5.63019 0.320509 -0.285006,0
123,0,124,2,-156.984 -0.729148 6.73149 -4.83517,-90.1339 5.91279 0.0127563 -0.0834186,0
123,1,124,0,-156.084 -0.612231 -1.55294 0.667288,-90.1388 5.66165 -0.270794 0.103272,0
123,1,124,1,-156.084 -0.61322 1.07662 -1.07875,-90.1388 5.6708 0.224301 -0.224532,0
123,1,124,2,-156.084 -0.629267 3.8007 -2.90425,-90.1388 5.81919 0.31435 -0.286527,0
123,1,124,3,-156.084 -0.659271 6.60362 -4.79463,-90.1388 6.09666 0.0261339 -0.0993356,0
123,2,124,0,-155.184 -0.644959 -4.0957 2.34279,-90.1437 5.9643 -1.15172 0.686429,0
123,2,124,1,-155.184 -0.631541 -1.53603 0.652228,-90.1437 5.84022 -0.262587 0.0978195,0
123,2,124,2,-155.184 -0.632803 1.1176 -1.1176,-90.1437 5.85189 0.232178 -0.232178,1
123,2,124,3,-155.184 -0.648661 3.85289 -2.9545,-90.1437 5.99854 0.331183 -0.301383,0
123,2,124,4,-155.184 -0.67809 6.65397 -4.84361,-90.1437 6.27069 0.0590187 -0.124926,0
123,3,124,1,-154.284 -0.685134 -4.0401 2.30991,-90.1486 6.13438 -1.12102 0.666972,0
123,3,124,2,-154.284 -0.671982 -1.45404 0.593232,-90.1486 6.01662 -0.243045 0.0832017,0
123,3,124,3,-154.284 -0.67355 1.21309 -1.18979,-90.1486 6.03066 0.248515 -0.245959,0
123,3,124,4,-154.284 -0.689739 3.9492 -3.02719,-90.1486 6.17561 0.352729 -0.318673,0
123,3,124,5,-154.284 -0.719561 6.75043 -4.91606,-90.1486 6.44262 0.0959687 -0.152486,0
123,4,124,2,-153.384 -0.726566 -3.95787 2.25166,-90.1535 6.30472 -1.0838 0.640734,0
123,4,124,3,-153.384 -0.713684 -1.35697 0.520416,-90.1535 6.19294 -0.219572 0.064728,0
123,4,124,4,-153.384 -0.715559 1.31183 -1.26398,-90.1535 6.20922 0.265538 -0.26021,0
123,4,124,5,-153.384 -0.732078 4.04878 -3.10187,-90.1535 6.35255 0.374685 -0.336251,0
123,4,124,6,-153.384 -0.762288 6.85021 -4.99056,-90.1535 6.6147 0.13254 -0.179811,0
123,5,124,3,-152.484 -0.769255 -3.8599 2.17892,-90.1583 6.4753 -1.04338 0.61106,0
123,5,124,4,-152.484 -0.756647 -1.25663 0.445586,-90.1583 6.36918 -0.195779 0.0460288,0
123,5,124,5,-152.484 -0.75883 1.41381 -1.34014,-90.1583 6.38755 0.283261 -0.274939,0
123,5,124,6,-152.484 -0.775677 4.15162 -3.17856,-90.1583 6.52936 0.397091 -0.354141,0
123,5,124,7,-152.484 -0.806271 6.9533 -5.06712,-90.1583 6.78689 0.168832 -0.206964,0
123,6,124,4,-151.584 -0.813199 -3.75859 2.10411,-90.1632 6.64606 -1.00348 0.581721,0
123,6,124,5,-151.584 -0.80087 -1.15302 0.368748,-90.1632 6.5453 -0.17162 0.0270743,0
123,6,124,6,-151.584 -0.80336 1.51904 -1.41829,-90.1632 6.56565 0.301701 -0.290156,0
123,6,124,7,-151.584 -0.820535 4.25771 -3.25725,-90.1632 6.70602 0.419983 -0.372366,0
123,6,124,8,-151.584 -0.851508 7.05969 -5.14572,-90.1632 6.95915 0.204934 -0.234003,0
123,7,124,5,-150.684 -0.858399 -3.65397 2.02724,-90.1681 6.81698 -0.963989 0.552645,0
123,7,124,6,-150.684 -0.84635 -1.04615 0.289906,-90.1681 6.72129 -0.147052 0.00783795,0
123,7,124,7,-150.684 -0.849149 1.6275 -1.49842,-90.1681 6.74352 0.320873 -0.305871,0
123,7,124,8,-150.684 -0.866652 4.36706 -3.33794,-90.1681 6.88251 0.443394 -0.390947,0
123,7,124,9,-150.684 -0.897999 7.16937 -5.22636,-90.1681 7.13146 0.240929 -0.260984,0
123,8,124,6,-149.784 -0.904854 -3.54604 1.94831,-90.173 6.988 -0.924814 0.523769,0
123,8,124,7,-149.784 -0.893088 -0.936023 0.209062,-90.173 6.89714 -0.122033 -0.0117065,0
123,8,124,8,-149.784 -0.896196 1.7392 -1.58052,-90.173 6.92114 0.340794 -0.322091,0
123,8,124,9,-149.784 -0.914026 4.47966 -3.42061,-90.173 7.05883 0.467358 -0.409904,0
123,8,124,10,-149.784 -0.945744 7.28234 -5.30904,-90.173 7.30379 0.276895 -0.287955,0
123,9,124,7,-148.884 -0.952562 -3.43481 1.86733,-90.1779 7.15911 -0.885857 0.49503,0
123,9,124,8,-148.884 -0.941083 -0.822638 0.12622,-90.1779 7.07283 -0.0965261 -0.0315827,0
123,9,124,9,-148.884 -0.9445 1.85414 -1.6646,-90.1779 7.09852 0.361478 -0.338826,0
123,9,124,10,-148.884 -0.962655 4.59551 -3.50528,-90.1779 7.23496 0.491904 -0.429256,0
123,10,124,8,-147.984 -1.00152 -3.32028 1.78432,-90.1827 7.33027 -0.847037 0.466375,0
123,10,124,9,-147.984 -0.990332 -0.706009 0.0413871,-90.1827 7.24836 -0.0704964 -0.0518122,0
123,10,124,10,-147.984 -0.994059 1.9723 -1.75066,-90.1827 7.27564 0.382942 -0.356085,0
124,0,125,0,-157.582 -1.64244 1.00736 -0.983981,-84.6447 5.19636 0.417824 -0.410492,0
124,0,125,1,-157.582 -1.69473 3.70776 -2.80854,-84.6447 5.36178 1.04651 -0.841608,0
124,0,125,2,-157.582 -1.7871 6.51059 -4.69545,-84.6447 5.65403 1.28226 -1.00662,0
124,1,125,0,-156.699 -1.66989 -1.50701 0.675299,-84.4682 5.36122 -0.58703 0.253057,0
124,1,125,1,-156.699 -1.67885 1.03905 -1.03825,-84.4682 5.38999 0.441332 -0.441083,0
124,1,125,2,-156.699 -1.72968 3.6936 -2.81841,-84.4682 5.55319 1.05402 -0.853987,0
124,1,125,3,-156.699 -1.81888 6.48785 -4.69991,-84.4682 5.83958 1.30774 -1.0311,0
124,2,125,0,-155.817 -1.75891 -3.83488 2.20965,-84.2918 5.64703 -1.95166 1.15544,0
124,2,125,1,-155.817 -1.72739 -1.43295 0.59976,-84.2918 5.54584 -0.542815 0.210769,0
124,2,125,2,-155.817 -1.73703 1.07257 -1.07257,-84.2918 5.57678 0.455853 -0.455853,1
124,2,125,3,-155.817 -1.78715 3.72546 -2.85178,-84.2918 5.73771 1.07566 -0.873608,0
124,2,125,4,-155.817 -1.87452 6.51316 -4.72856,-84.2918 6.01822 1.34657 -1.06204,0
124,3,125,1,-154.934 -1.82678 -3.74085 2.12451,-84.1153 5.82175 -1.88085 1.09645,0
124,3,125,2,-154.934 -1.79699 -1.37761 0.555042,-84.1153 5.72683 -0.514818 0.188326,0
124,3,125,3,-154.934 -1.80733 1.13124 -1.11992,-84.1153 5.75979 0.478447 -0.474906,0
124,3,125,4,-154.934 -1.85713 3.78245 -2.89778,-84.1153 5.91849 1.10471 -0.89688,0
124,3,125,5,-154.934 -1.94335 6.56514 -4.77069,-84.1153 6.19327 1.39219 -1.09616,0
124,4,125,2,-154.052 -1.89554 -3.69004 2.08349,-83.9389 5.99672 -1.83558 1.06275,0
124,4,125,3,-154.052 -1.8674 -1.31967 0.508527,-83.9389 5.90768 -0.48615 0.165353,0
124,4,125,4,-154.052 -1.87841 1.19152 -1.1681,-83.9389 5.94252 0.501616 -0.494263,0
124,4,125,5,-154.052 -1.92791 3.84118 -2.94471,-83.9389 6.09912 1.13395 -0.920206,0
124,4,125,6,-154.052 -2.01306 6.61915 -4.81398,-83.9389 6.36849 1.43708 -1.12973,0
124,5,125,3,-153.169 -1.9652 -3.63627 2.04039,-83.7625 6.17188 -1.79057 1.02913,0
124,5,125,4,-153.169 -1.93861 -1.26 0.46109,-83.7625 6.08837 -0.457245 0.142299,0
124,5,125,5,-153.169 -1.95027 1.25341 -1.21712,-83.7625 6.12498 0.525366 -0.513927,0
124,5,125,6,-153.169 -1.9995 3.90164 -2.99256,-83.7625 6.27959 1.16342 -0.943609,0
124,5,125,7,-153.169 -2.08364 6.67518 -4.8584,-83.7625 6.54386 1.48136 -1.16283,0
124,6,125,4,-152.287 -2.03574 -3.58046 1.99614,-83.586 6.34719 -1.74623 0.996019,0
124,6,125,5,-152.287 -2.01063 -1.19862 0.41274,-83.586 6.2689 -0.428069 0.119142,0
124,6,125,6,-152.287 -2.0229 1.31692 -1.26697,-83.586 6.30716 0.549701 -0.533899,0
124,6,125,7,-152.287 -2.07189 3.96381 -3.04133,-83.586 6.4599 1.19316 -0.967113,0
124,6,125,8,-152.287 -2.15509 6.73318 -4.90393,-83.586 6.71932 1.52513 -1.19551,0
124,7,125,5,-151.404 -2.10715 -3.52267 1.95078,-83.4096 6.52261 -1.70243 0.963342,0
124,7,125,6,-151.404 -2.08345 -1.13553 0.363485,-83.4096 6.44924 -0.398589 0.0958631,0
124,7,125,7,-151.404 -2.09631 1.38203 -1.31765,-83.4096 6.48906 0.574628 -0.554183,0
124,7,125,8,-151.404 -2.14508 4.0277 -3.091,-83.4096 6.64003 1.2232 -0.990736,0
124,7,125,9,-151.404 -2.2274 6.79312 -4.95055,-83.4096 6.89485 1.56847 -1.22784,0
124,8,125,6,-150.522 -2.17942 -3.46292 1.90431,-83.2331 6.69811 -1.65908 0.931037,0
124,8,125,7,-150.522 -2.15706 -1.07074 0.31333,-83.2331 6.6294 -0.368778 0.072442,0
124,8,125,8,-150.522 -2.17049 1.44874 -1.36917,-83.2331 6.67068 0.600149 -0.574781,0
124,8,125,9,-150.522 -2.21907 4.09327 -3.14157,-83.2331 6.81997 1.25357 -1.0145,0
124,8,125,10,-150.522 -2.30056 6.85499 -4.99824,-83.2331 7.07042 1.61148 -1.25987,0
124,9,125,7,-149.639 -2.25254 -3.40124 1.85677,-83.0567 6.87366 -1.61609 0.899047,0
124,9,125,8,-149.639 -2.23146 -1.00427 0.262282,-83.0567 6.80935 -0.338607 0.0488627,0
124,9,125,9,-149.639 -2.24545 1.51706 -1.42152,-83.0567 6.85202 0.626271 -0.595694,0
124,9,125,10,-149.639 -2.29385 4.16054 -3.19304,-83.0567 6.99971 1.28429 -1.03841,0
124,10,125,8,-148.757 -2.32651 -3.33766 1.80818,-82.8802 7.04923 -1.57339 0.867323,0
124,10,125,9,-148.757 -2.30666 -0.936124 0.21035,-82.8802 6.98909 -0.308055 0.0251118,0
124,10,125,10,-148.757 -2.32117 1.58699 -1.47469,-82.8802 7.03307 0.652999 -0.616927,0
125,0,126,0,-159.201 -2.62258 0.748184 -0.786481,-79.441 4.8804 0.511521 -0.532295,0
125,0,126,1,-159.201 -2.70425 3.30267 -2.52403,-79.441 5.03238 1.69379 -1.34752,0
125,0,126,2,-159.201 -2.84798 5.99104 -4.33341,-79.441 5.29984 2.48325 -1.88543,0
125,1,126,0,-158.377 -2.73631 -1.40175 0.653624,-79.078 4.98735 -0.906576 0.415867,0
125,1,126,1,-158.377 -2.75122 0.930275 -0.928217,-79.078 5.01453 0.635367 -0.634238,0
125,1,126,2,-158.377 -2.833 3.40888 -2.58977,-79.078 5.16357 1.76406 -1.39296,0
125,1,126,3,-158.377 -2.97613 6.07345 -4.37595,-79.078 5.42445 2.55573 -1.92649,0
125,2,126,0,-157.554 -2.87183 -3.42412 1.98796,-78.715 5.23435 -2.70854 1.60784,0
125,2,126,1,-157.554 -2.82167 -1.30537 0.554323,-78.715 5.14294 -0.822638 0.332371,0
125,2,126,2,-157.554 -2.83745 0.953061 -0.953061,-78.715 5.17168 0.651787 -0.651787,1
125,2,126,3,-157.554 -2.91808 3.40951 -2.59361,-78.715 5.31865 1.77114 -1.39909,0
125,2,126,4,-157.554 -3.05844 6.06341 -4.37187,-78.715 5.57449 2.5762 -1.94098,0
125,3,126,1,-156.73 -2.95545 -3.33098 1.89016,-78.352 5.3846 -2.60656 1.51165,0
125,3,126,2,-156.73 -2.90799 -1.28348 0.530472,-78.352 5.29812 -0.800984 0.311559,0
125,3,126,3,-156.73 -2.92458 0.959286 -0.960439,-78.352 5.32834 0.653851 -0.654484,0
125,3,126,4,-156.73 -3.00416 3.4111 -2.5974,-78.352 5.47333 1.77809 -1.40469,0
125,3,126,5,-156.73 -3.14194 6.0549 -4.36814,-78.352 5.72437 2.59586 -1.95449,0
125,4,126,2,-155.907 -3.03932 -3.31735 1.87211,-77.989 5.53517 -2.57168 1.48222,0
125,4,126,3,-155.907 -2.9944 -1.28015 0.525265,-77.989 5.45336 -0.795227 0.306588,0
125,4,126,4,-155.907 -3.01176 0.964473 -0.966725,-77.989 5.48497 0.655142 -0.656379,0
125,4,126,5,-155.907 -3.09035 3.41185 -2.60025,-77.989 5.6281 1.78396 -1.4093,0
125,4,126,6,-155.907 -3.22569 6.04602 -4.36381,-77.989 5.87458 2.61377 -1.96658,0
125,5,126,3,-155.083 -3.12342 -3.32261 1.8732,-77.626 5.68604 -2.55407 1.46977,0
125,5,126,4,-155.083 -3.08091 -1.2777 0.521042,-77.626 5.60865 -0.790457 0.302556,0
125,5,126,5,-155.083 -3.099 0.968617 -0.971914,-77.626 5.64158 0.655665 -0.657477,0
125,5,126,6,-155.083 -3.17664 3.41175 -2.60213,-77.626 5.78293 1.78879 -1.41294,0
125,5,126,7,-155.083 -3.30966 6.03673 -4.35882,-77.626 6.02509 2.63003 -1.97732,0
125,6,126,4,-154.26 -3.20774 -3.32834 1.87496,-77.2631 5.83719 -2.53807 1.45865,0
125,6,126,5,-154.26 -3.16751 -1.27615 0.517817,-77.2631 5.76398 -0.786651 0.299443,0
125,6,126,6,-154.26 -3.18629 0.971713 -0.976001,-77.2631 5.79815 0.655428 -0.657787,0
125,6,126,7,-154.26 -3.26305 3.41077 -2.60303,-77.2631 5.93783 1.79261 -1.41563,0
125,6,126,8,-154.26 -3.39386 6.02696 -4.35314,-77.2631 6.17587 2.64469 -1.98674,0
125,7,126,5,-153.436 -3.29226 -3.33456 1.87742,-76.9001 5.98858 -2.52361 1.44881,0
125,7,126,6,-153.436 -3.2542 -1.27553 0.515605,-76.9001 5.91935 -0.783787 0.297237,0
125,7,126,7,-153.436 -3.27363 0.973755 -0.978982,-76.9001 5.9547 0.654438 -0.657315,0
125,7,126,8,-153.436 -3.34955 3.40891 -2.60294,-76.9001 6.09279 1.79545 -1.4174,0
125,7,126,9,-153.436 -3.47825 6.01667 -4.34673,-76.9001 6.32691 2.65784 -1.9949,0
125,8,126,6,-152.613 -3.37698 -3.34134 1.88063,-76.5371 6.14021 -2.51062 1.44022,0
125,8,126,7,-152.613 -3.34098 -1.27585 0.514416,-76.5371 6.07476 -0.781843 0.295918,0
125,8,126,8,-152.613 -3.36103 0.974739 -0.980851,-76.5371 6.11121 0.652702 -0.656067,0
125,8,126,9,-152.613 -3.43615 3.40612 -2.60185,-76.5371 6.24779 1.79732 -1.41826,0
125,9,126,7,-151.789 -3.46188 -3.3487 1.88462,-76.1741 6.29205 -2.49904 1.43283,0
125,9,126,8,-151.789 -3.42784 -1.27711 0.514262,-76.1741 6.23018 -0.7808 0.295473,0
125,9,126,9,-151.789 -3.44848 0.974661 -0.981603,-76.1741 6.2677 0.650227 -0.654051,0
125,10,126,7,-150.966 -3.63108 -5.2622 3.14377,-75.8111 6.59693 -4.4693 2.73522,0
125,10,126,8,-150.966 -3.54696 -3.3567 1.88941,-75.8111 6.44409 -2.48883 1.42661,0
125,10,126,9,-150.966 -3.51478 -1.27935 0.515155,-75.8111 6.38564 -0.780641 0.295888,0
126,0,127,0,-161.862 -3.55475 0.53539 -0.609125,-74.5814 4.39193 0.557708 -0.618427,0
126,0,127,1,-161.862 -3.65563 2.83024 -2.17514,-74.5814 4.51656 2.24396 -1.78459,0
126,0,127,2,-161.862 -3.83826 5.30522 -3.83953,-74.5814 4.74219 3.54446 -2.66601,0
126,1,127,0,-161.127 -3.72335 -1.22324 0.582823,-74.0623 4.43981 -1.18829 0.56067,0
126,1,127,1,-161.127 -3.7369 0.790806 -0.789697,-74.0623 4.45598 0.804982 -0.804052,0
126,1,127,2,-161.127 -3.83856 3.00108 -2.27035,-74.0623 4.57719 2.39732 -1.87288,0
126,1,127,3,-161.127 -4.02163 5.45549 -3.91373,-74.0623 4.79549 3.69459 -2.74373,0
126,2,127,0,-160.391 -3.90044 -2.86456 1.66597,-73.5433 4.65099 -3.34583 1.98802,0
126,2,127,1,-160.391 -3.82844 -1.12109 0.478473,-73.5433 4.56513 -1.05988 0.432638,0
126,2,127,2,-160.391 -3.8431 0.809858 -0.809858,-73.5433 4.58261 0.824989 -0.824989,1
126,2,127,3,-160.391 -3.94344 2.999 -2.27069,-73.5433 4.70226 2.40085 -1.87578,0
126,2,127,4,-160.391 -4.12323 5.44155 -3.9055,-73.5433 4.91664 3.70776 -2.75236,0
126,3,127,1,-159.656 -3.98348 -2.80635 1.58349,-73.0243 4.78817 -3.23299 1.8637,0
126,3,127,2,-159.656 -3.9151 -1.14238 0.479111,-73.0243 4.70598 -1.0673 0.424905,0
126,3,127,3,-159.656 -3.93072 0.774796 -0.794483,-73.0243 4.72476 0.793055 -0.809503,0
126,3,127,4,-159.656 -4.02936 2.95806 -2.25114,-73.0243 4.84332 2.3713 -1.86159,0
126,3,127,5,-159.656 -4.20518 5.38761 -3.87691,-73.0243 5.05466 3.68598 -2.7429,0
126,4,127,2,-158.921 -4.0657 -2.84022 1.59228,-72.5053 4.92635 -3.23205 1.85028,0
126,4,127,3,-158.921 -4.00076 -1.18294 0.498023,-72.5053 4.84765 -1.09778 0.439422,0
126,4,127,4,-158.921 -4.01728 0.736605 -0.777041,-72.5053 4.86767 0.758554 -0.79221,0
126,4,127,5,-158.921 -4.11428 2.91421 -2.22968,-72.5053 4.98521 2.33901 -1.84549,0
126,4,127,6,-158.921 -4.28631 5.33131 -3.84677,-72.5053 5.19366 3.66105 -2.73126,0
126,5,127,3,-158.186 -4.1471 -2.89356 1.61972,-71.9863 5.06549 -3.2555 1.86029,0
126,5,127,4,-158.186 -4.0854 -1.22646 0.51888,-71.9863 4.99013 -1.13096 0.455829,0
126,5,127,5,-158.186 -4.10277 0.695269 -0.75752,-71.9863 5.01133 0.721505 -0.773122,0
126,5,127,6,-158.186 -4.19821 2.86742 -2.20627,-71.9863 5.12791 2.30401 -1.82749,0
126,5,127,7,-158.186 -4.36661 5.27256 -3.81504,-71.9863 5.3336 3.63304 -2.7175,0
126,6,127,4,-157.45 -4.22766 -2.94935 1.64875,-71.4673 5.20557 -3.28203 1.87244,0
126,6,127,5,-157.45 -4.16904 -1.27295 0.541704,-71.4673 5.1334 -1.16681 0.474109,0
126,6,127,6,-157.45 -4.18719 0.650772 -0.735909,-71.4673 5.15574 0.681926 -0.752252,0
126,6,127,7,-157.45 -4.28112 2.81767 -2.18091,-71.4673 5.27141 2.26634 -1.80762,0
126,6,127,8,-157.45 -4.44605 5.21132 -3.78167,-71.4673 5.47448 3.602 -2.70164,0
126,7,127,5,-156.715 -4.30734 -3.00765 1.67943,-70.9483 5.34658 -3.31158 1.88668,0
126,7,127,6,-156.715 -4.25165 -1.32246 0.566516,-70.9483 5.27745 -1.2053 0.494243,0
126,7,127,7,-156.715 -4.27053 0.603097 -0.712196,-70.9483 5.30089 0.639837 -0.729612,0
126,7,127,8,-156.715 -4.36302 2.76492 -2.15356,-70.9483 5.4157 2.22603 -1.78589,0
126,7,127,9,-156.715 -4.52461 5.14752 -3.7466,-70.9483 5.61628 3.56799 -2.68372,0
126,8,127,6,-155.98 -4.38614 -3.06852 1.71179,-70.4292 5.4885 -3.3441 1.90299,0
126,8,127,7,-155.98 -4.33322 -1.37501 0.593334,-70.4292 5.42229 -1.2464 0.516212,0
126,8,127,8,-155.98 -4.35279 0.55223 -0.686369,-70.4292 5.44678 0.595256 -0.705216,0
126,8,127,9,-155.98 -4.44389 2.70913 -2.12421,-70.4292 5.56077 2.18309 -1.76233,0
126,8,127,10,-155.98 -4.60228 5.08109 -3.70982,-70.4292 5.75896 3.53106 -2.66377,0
126,9,127,7,-155.244 -4.46403 -3.13202 1.74588,-69.9102 5.63131 -3.37954 1.92133,0
126,9,127,8,-155.244 -4.41376 -1.43062 0.622176,-69.9102 5.56789 -1.29008 0.539999,0
126,9,127,9,-155.244 -4.43397 0.498153 -0.658418,-69.9102 5.59339 0.548204 -0.679076,0
126,9,127,10,-155.244 -4.52373 2.6503 -2.09284,-69.9102 5.70662 2.13757 -1.73696,0
127,0,128,0,-165.49 -4.4669 2.28097 -1.75231,-70.2502 3.78382 2.66506 -2.11752,0
127,0,128,1,-165.49 -4.67636 4.45617 -3.21331,-70.2502 3.96126 4.41614 -3.30088,0
127,0,128,2,-165.49 -4.9726 6.89352 -4.84968,-70.2502 4.21219 5.94484 -4.33538,0
127,1,128,0,-164.862 -4.56576 0.607673 -0.608119,-69.6054 3.6872 0.917266 -0.917818,0
127,1,128,1,-164.862 -4.67674 2.46963 -1.85436,-69.6054 3.77683 2.90616 -2.25119,0
127,1,128,2,-164.862 -4.88653 4.62994 -3.30014,-69.6054 3.94625 4.65462 -3.42393,0
127,2,128,0,-164.234 -4.68298 -0.908936 0.397742,-68.9607 3.78186 -1.27728 0.537348,0
127,2,128,1,-164.234 -4.68943 0.625506 -0.625506,-68.9607 3.78708 0.943813 -0.943813,1
127,2,128,2,-164.234 -4.79915 2.47245 -1.858,-68.9607 3.87568 2.91496 -2.25842,0
127,2,128,3,-164.234 -5.00533 4.62065 -3.29527,-68.9607 4.04219 4.67008 -3.4349,0
127,3,128,0,-163.607 -4.88109 -2.15238 1.21134,-68.316 3.9773 -3.73295 2.15286,0
127,3,128,1,-163.607 -4.78818 -0.92965 0.400436,-68.316 3.9016 -1.28958 0.530346,0
127,3,128,2,-163.607 -4.79604 0.598121 -0.614745,-68.316 3.90799 0.907657 -0.928147,0
127,3,128,3,-163.607 -4.90416 2.43991 -1.84367,-68.316 3.9961 2.87958 -2.24303,0
127,3,128,4,-163.607 -5.10619 4.57509 -3.27208,-68.316 4.16072 4.63924 -3.42217,0
127,4,128,1,-162.979 -4.9813 -2.18731 1.22324,-67.6713 4.09539 -3.73971 2.14196,0
127,4,128,2,-162.979 -4.8925 -0.96341 0.415284,-67.6713 4.02238 -1.32514 0.545546,0
127,4,128,3,-162.979 -4.90167 0.568143 -0.602362,-67.6713 4.02992 0.868475 -0.91046,0
127,4,128,4,-162.979 -5.00827 2.40498 -1.82786,-67.6713 4.11756 2.84108 -2.22557,0
127,4,128,5,-162.979 -5.20632 4.52767 -3.24776,-67.6713 4.28039 4.60503 -3.4072,0
127,5,128,2,-162.351 -5.08081 -2.23518 1.2474,-67.0266 4.21463 -3.77092 2.15436,0
127,5,128,3,-162.351 -4.99591 -0.999546 0.431605,-67.0266 4.1442 -1.36382 0.562831,0
127,5,128,4,-162.351 -5.00632 0.535554 -0.588346,-67.0266 4.15284 0.826284 -0.890762,0
127,5,128,5,-162.351 -5.11146 2.36762 -1.81053,-67.0266 4.24005 2.79949 -2.20604,0
127,5,128,6,-162.351 -5.3057 4.47833 -3.22226,-67.0266 4.40118 4.56748 -3.39002,0
127,6,128,3,-161.723 -5.1796 -2.28489 1.27266,-66.3819 4.335 -3.80551 2.169,0
127,6,128,4,-161.723 -5.09841 -1.03809 0.449423,-66.3819 4.26705 -1.4056 0.582186,0
127,6,128,5,-161.723 -5.10999 0.500335 -0.572685,-66.3819 4.27675 0.781101 -0.869064,0
127,6,128,6,-161.723 -5.21372 2.32779 -1.79167,-66.3819 4.36356 2.75482 -2.18446,0
127,6,128,7,-161.723 -5.4043 4.42698 -3.19554,-66.3819 4.52307 4.52665 -3.37064,0
127,7,128,4,-161.095 -5.27763 -2.33649 1.29908,-65.7371 4.4565 -3.84344 2.18586,0
127,7,128,5,-161.095 -5.19998 -1.07909 0.46876,-65.7371 4.39093 -1.45046 0.603598,0
127,7,128,6,-161.095 -5.21266 0.462464 -0.555365,-65.7371 4.40164 0.732938 -0.845372,0
127,7,128,7,-161.095 -5.31504 2.28547 -1.77126,-65.7371 4.48809 2.7071 -2.16084,0
127,7,128,8,-161.095 -5.5021 4.37359 -3.16757,-65.7371 4.64605 4.48255 -3.34911,0
127,8,128,5,-160.467 -5.37489 -2.39007 1.32669,-65.0924 4.5791 -3.88467 2.20492,0
127,8,128,6,-160.467 -5.30061 -1.12256 0.489639,-65.0924 4.51582 -1.49838 0.627052,0
127,8,128,7,-160.467 -5.31434 0.421925 -0.536374,-65.0924 4.52752 0.681815 -0.8197,0
127,8,128,8,-160.467 -5.41541 2.24063 -1.74927,-65.0924 4.61363 2.65635 -2.13519,0
127,8,128,9,-160.467 -5.59909 4.31807 -3.13829,-65.0924 4.77011 4.43523 -3.32542,0
127,9,128,6,-159.839 -5.47135 -2.44569 1.35554,-64.4477 4.70279 -3.92917 2.22616,0
127,9,128,7,-159.839 -5.4003 -1.16854 0.512079,-64.4477 4.64172 -1.54933 0.652533,0
127,9,128,8,-159.839 -5.41502 0.378699 -0.5157,-64.4477 4.65437 0.627749 -0.792057,0
127,9,128,9,-159.839 -5.51483 2.19324 -1.72569,-64.4477 4.74016 2.60259 -2.10754,0
127,9,128,10,-159.839 -5.69525 4.26039 -3.10768,-64.4477 4.89524 4.38472 -3.29961,0
127,10,128,7,-159.211 -5.567 -2.50339 1.38567,-63.803 4.82756 -3.9769 2.24954,0
127,10,128,8,-159.211 -5.49902 -1.21706 0.536101,-63.803 4.76861 -1.6033 0.680031,0
127,10,128,9,-159.211 -5.51468 0.332763 -0.493329,-63.803 4.78219 0.570752 -0.76245,0
127,10,128,10,-159.211 -5.61327 2.14326 -1.7005,-63.803 4.86768 2.54584 -2.07789,0
128,0,129,0,-169.429 -5.16588 0.40513 -0.40624,-65.9188 2.76352 0.954488 -0.956563,0
128,0,129,1,-169.429 -5.28454 1.86236 -1.38085,-65.9188 2.827 3.2555 -2.49793,0
128,0,129,2,-169.429 -5.51598 3.65919 -2.5823,-65.9188 2.95081 5.37305 -3.91616,0
128,1,129,0,-168.924 -5.30771 -0.672375 0.308359,-65.1736 2.8394 -1.48219 0.659095,0
128,1,129,1,-168.924 -5.30777 0.419679 -0.419679,-65.1736 2.83943 0.987103 -0.987103,1
128,1,129,2,-168.924 -5.42519 1.86556 -1.38419,-65.1736 2.90224 3.26682 -2.50651,0
128,1,129,3,-168.924 -5.65265 3.64955 -2.57677,-65.1736 3.02393 5.3885 -3.92673,0
128,2,129,0,-168.419 -5.549 -1.43147 0.803999,-64.4285 2.99553 -4.11803 2.39366,0
128,2,129,1,-168.419 -5.4367 -0.685639 0.309822,-64.4285 2.93491 -1.48813 0.647514,0
128,2,129,2,-168.419 -5.4386 0.404549 -0.414508,-64.4285 2.93594 0.955356 -0.973879,0
128,2,129,3,-168.419 -5.5546 1.84586 -1.37587,-64.4285 2.99856 3.23481 -2.49283,0
128,2,129,4,-168.419 -5.77782 3.61668 -2.55952,-64.4285 3.11906 5.35869 -3.91408,0
128,3,129,1,-167.914 -5.67268 -1.46013 0.815556,-63.6834 3.09007 -4.12049 2.37956,0
128,3,129,2,-167.914 -5.56513 -0.707646 0.319473,-63.6834 3.03149 -1.52 0.660786,0
128,3,129,3,-167.914 -5.56877 0.387623 -0.408196,-63.6834 3.03347 0.920373 -0.958448,0
128,3,129,4,-167.914 -5.68341 1.82455 -1.36654,-63.6834 3.09592 3.19952 -2.47691,0
128,3,129,5,-167.914 -5.90257 3.58277 -2.54164,-63.6834 3.2153 5.32544 -3.89909,0
128,4,129,2,-167.41 -5.79602 -1.49721 0.835201,-62.9382 3.18576 -4.15013 2.3915,0
128,4,129,3,-167.41 -5.69299 -0.731181 0.330083,-62.9382 3.12913 -1.55518 0.67631,0
128,4,129,4,-167.41 -5.69829 0.368881 -0.400729,-62.9382 3.13204 0.882164 -0.940818,0
128,4,129,5,-167.41 -5.81162 1.8016 -1.35616,-62.9382 3.19433 3.16095 -2.45877,0
128,4,129,6,-167.41 -6.0269 3.54773 -2.52306,-62.9382 3.31266 5.28876 -3.88178,0
128,5,129,3,-166.905 -5.919 -1.53521 0.855389,-62.1931 3.28257 -4.18325 2.40579,0
128,5,129,4,-166.905 -5.82027 -0.756282 0.341678,-62.1931 3.22782 -1.59365 0.694075,0
128,5,129,5,-166.905 -5.82713 0.348305 -0.392096,-62.1931 3.23162 0.840739 -0.920995,0
128,5,129,6,-166.905 -5.93922 1.77696 -1.34471,-62.1931 3.29378 3.11912 -2.43841,0
128,5,129,7,-166.905 -6.15078 3.51151 -2.50375,-62.1931 3.41111 5.24869 -3.86218,0
128,6,129,4,-166.4 -6.04158 -1.5742 0.876173,-61.4479 3.38051 -4.21983 2.42242,0
128,6,129,5,-166.4 -5.94696 -0.782985 0.354283,-61.4479 3.32756 -1.63541 0.714072,0
128,6,129,6,-166.4 -5.9553 0.325875 -0.382282,-61.4479 3.33223 0.796109 -0.898985,0
128,6,129,7,-166.4 -6.06619 1.75062 -1.33219,-61.4479 3.39427 3.07404 -2.41583,0
128,6,129,8,-166.4 -6.27418 3.47404 -2.48366,-61.4479 3.51066 5.20524 -3.84029,0
128,7,129,5,-165.895 -6.16375 -1.61425 0.897605,-60.7028 3.47955 -4.25983 2.44136,0
128,7,129,6,-165.895 -6.07304 -0.811329 0.367923,-60.7028 3.42834 -1.68043 0.736293,0
128,7,129,7,-165.895 -6.08279 0.301572 -0.371275,-60.7028 3.43385 0.748283 -0.874795,0
128,7,129,8,-165.895 -6.19252 1.72254 -1.31855,-60.7028 3.49579 3.02573 -2.39106,0
128,7,129,9,-165.895 -6.3971 3.43526 -2.46275,-60.7028 3.61128 5.15843 -3.81612,0
128,8,129,6,-165.391 -6.28547 -1.65544 0.919731,-59.9576 3.57969 -4.30324 2.46262,0
128,8,129,7,-165.391 -6.19851 -0.841344 0.382621,-59.9576 3.53016 -1.7287 0.760726,0
128,8,129,8,-165.391 -6.2096 0.275378 -0.359062,-59.9576 3.53648 0.697272 -0.848431,0
128,8,129,9,-165.391 -6.31822 1.69269 -1.3038,-59.9576 3.59834 2.9742 -2.36409,0
128,9,129,7,-164.886 -6.40674 -1.69783 0.942596,-59.2125 3.68093 -4.35003 2.48616,0
128,9,129,8,-164.886 -6.32335 -0.873065 0.398398,-59.2125 3.63302 -1.7802 0.787363,0
128,9,129,9,-164.886 -6.33571 0.247275 -0.345631,-59.2125 3.64012 0.643086 -0.8199,0
128,10,129,7,-164.381 -6.69766 -2.29755 1.3285,-58.4674 3.88185 -7.10366 4.29371,0
128,10,129,8,-164.381 -6.52752 -1.74148 0.966241,-58.4674 3.78324 -4.40019 2.51198,0
128,10,129,9,-164.381 -6.44756 -0.906523 0.415277,-58.4674 3.7369 -1.83493 0.816197,0
129,0,130,0,-174.596 -5.52138 0.223359 -0.223848,-63.1573 1.78568 0.971573 -0.973087,0
129,0,130,1,-174.596 -5.6583 1.25022 -0.91028,-63.1573 1.82996 3.493 -2.66211,0
129,0,130,2,-174.596 -5.91724 2.64498 -1.8426,-63.1573 1.91371 5.89582 -4.27198,0
129,1,130,0,-174.232 -5.67438 -0.403248 0.191813,-62.3342 1.83516 -1.61921 0.745086,0
129,1,130,1,-174.232 -5.68232 0.23138 -0.23138,-62.3342 1.83773 1.00457 -1.00457,1
129,1,130,2,-174.232 -5.81768 1.25043 -0.911568,-62.3342 1.88151 3.50581 -2.67289,0
129,1,130,3,-174.232 -6.07196 2.63073 -1.83408,-62.3342 1.96375 5.91083 -4.28347,0
129,2,130,0,-173.868 -5.94033 -0.678487 0.369049,-61.5111 1.94707 -4.35253 2.54336,0
129,2,130,1,-173.868 -5.82584 -0.416274 0.195846,-61.5111 1.90955 -1.63059 0.735646,0
129,2,130,2,-173.868 -5.83576 0.221342 -0.228347,-61.5111 1.9128 0.969999 -0.991505,0
129,2,130,3,-173.868 -5.96948 1.23533 -0.905115,-61.5111 1.95663 3.47029 -2.65893,0
129,2,130,4,-173.868 -6.21901 2.60121 -1.81797,-61.5111 2.03842 5.8754 -4.26914,0
129,3,130,1,-173.504 -6.08615 -0.707995 0.383925,-60.688 2.02147 -4.3632 2.53321,0
129,3,130,2,-173.504 -5.9769 -0.433126 0.20331,-60.688 1.98519 -1.66657 0.749551,0
129,3,130,3,-173.504 -5.9887 0.210046 -0.224562,-60.688 1.98911 0.931782 -0.976031,0
129,3,130,4,-173.504 -6.12085 1.2192 -0.898065,-60.688 2.033 3.43109 -2.64254,0
129,3,130,5,-173.504 -6.36585 2.57134 -1.80171,-60.688 2.11437 5.83621 -4.25235,0
129,4,130,2,-173.14 -6.23183 -0.740714 0.401868,-59.8648 2.09717 -4.39957 2.54744,0
129,4,130,3,-173.14 -6.12756 -0.450943 0.21133,-59.8648 2.06208 -1.70623 0.765884,0
129,4,130,4,-173.14 -6.14113 0.197469 -0.220009,-59.8648 2.06665 0.889922 -0.958149,0
129,4,130,5,-173.14 -6.27178 1.202 -0.89039,-59.8648 2.11061 3.38823 -2.62373,0
129,4,130,6,-173.14 -6.51246 2.54102 -1.78523,-59.8648 2.19161 5.7933 -4.2331,0
129,5,130,3,-172.776 -6.37732 -0.773696 0.419894,-59.0417 2.17416 -4.4397 2.56414,0
129,5,130,4,-172.776 -6.27779 -0.469767 0.219932,-59.0417 2.14022 -1.74957 0.784639,0
129,5,130,5,-172.776 -6.29304 0.183593 -0.214677,-59.0417 2.14542 0.844426 -0.937863,0
129,5,130,6,-172.776 -6.42225 1.1837 -0.882066,-59.0417 2.18947 3.34171 -2.60251,0
129,5,130,7,-172.776 -6.6588 2.51017 -1.76849,-59.0417 2.27012 5.74666 -4.21141,0
129,6,130,4,-172.412 -6.52261 -0.807035 0.438067,-58.2186 2.25243 -4.48356 2.5833,0
129,6,130,5,-172.412 -6.42758 -0.489642 0.229146,-58.2186 2.21961 -1.79656 0.805811,0
129,6,130,6,-172.412 -6.44442 0.168395 -0.208551,-58.2186 2.22542 0.795302 -0.915178,0
129,6,130,7,-172.412 -6.57226 1.16426 -0.873071,-58.2186 2.26957 3.29154 -2.57887,0
129,6,130,8,-172.412 -6.80486 2.47872 -1.75143,-58.2186 2.3499 5.69632 -4.18729,0
129,7,130,5,-172.048 -6.66765 -0.840817 0.456444,-57.3954 2.33197 -4.53115 2.6049,0
129,7,130,6,-172.048 -6.57691 -0.510608 0.238997,-57.3954 2.30024 -1.84721 0.829397,0
129,7,130,7,-172.048 -6.59526 0.151854 -0.201618,-57.3954 2.30665 0.742556 -0.890097,0
129,7,130,8,-172.048 -6.72179 1.14365 -0.86338,-57.3954 2.35091 3.23773 -2.55283,0
129,7,130,9,-172.048 -6.95061 2.44661 -1.73401,-57.3954 2.43094 5.64228 -4.16072,0
129,8,130,6,-171.684 -6.81243 -0.875124 0.475078,-56.5723 2.41279 -4.58245 2.62895,0
129,8,130,7,-171.684 -6.72578 -0.532702 0.249511,-56.5723 2.3821 -1.9015 0.855388,0
129,8,130,8,-171.684 -6.74556 0.13395 -0.193864,-56.5723 2.38911 0.686196 -0.862625,0
129,8,130,9,-171.684 -6.87084 1.12184 -0.852972,-56.5723 2.43348 3.18028 -2.52439,0
129,9,130,7,-171.32 -6.95692 -0.910029 0.494019,-55.7492 2.49487 -4.63745 2.65543,0
129,9,130,8,-171.32 -6.87418 -0.555961 0.260712,-55.7492 2.4652 -1.95943 0.88378,0
129,9,130,9,-171.32 -6.89531 0.114662 -0.185275,-55.7492 2.47278 0.626229 -0.832767,0
130,0,131,0,-180.118 -5.88517 0.63414 -0.441729,-61.3732 0.829145 3.58408 -2.70583,0
130,0,131,1,-180.118 -6.15447 1.59516 -1.08322,-61.3732 0.867086 6.21764 -4.47873,0
130,0,131,2,-180.118 -6.53516 2.89139 -1.94853,-61.3732 0.920719 8.8231 -6.23923,0
130,1,131,0,-179.914 -5.89626 0.057013 -0.057013,-60.4965 0.830707 0.951108 -0.951108,1
130,1,131,1,-179.914 -6.03682 0.630574 -0.439784,-60.4965 0.85051 3.61816 -2.73937,0
130,1,131,2,-179.914 -6.30151 1.57769 -1.07198,-60.4965 0.887801 6.25347 -4.51337,0
130,2,131,0,-179.71 -6.03724 -0.126133 0.0636036,-59.6198 0.872376 -1.75936 0.841001,0
130,2,131,1,-179.71 -6.04652 0.0523474 -0.0553593,-59.6198 0.873718 0.94195 -0.963054,0
130,2,131,2,-179.71 -6.18543 0.620985 -0.434861,-59.6198 0.893789 3.60882 -2.7514,0
130,2,131,3,-179.71 -6.44558 1.55456 -1.05805,-59.6198 0.931381 6.24397 -4.52555,0
130,3,131,0,-179.507 -6.30169 0.0627192 -0.0642948,-58.7431 0.933375 -4.50596 2.64991,0
130,3,131,1,-179.507 -6.1856 -0.136274 0.0688389,-58.7431 0.91618 -1.76995 0.829695,0
130,3,131,2,-179.507 -6.19655 0.0471975 -0.0534539,-58.7431 0.917802 0.93105 -0.974332,0
130,3,131,3,-179.507 -6.33388 0.611141 -0.429837,-58.7431 0.938142 3.59773 -2.76276,0
130,3,131,4,-179.507 -6.58969 1.53177 -1.04442,-58.7431 0.976032 6.23273 -4.53704,0
130,4,131,1,-179.303 -6.44529 0.038535 -0.0497776,-57.8664 0.977974 -4.51789 2.63914,0
130,4,131,2,-179.303 -6.33381 -0.146667 0.074169,-57.8664 0.961058 -1.78229 0.819059,0
130,4,131,3,-179.303 -6.34634 0.0415509 -0.0512901,-57.8664 0.962959 0.91841 -0.984943,0
130,4,131,4,-179.303 -6.48216 0.601011 -0.424697,-57.8664 0.983568 3.5849 -2.77345,0
130,4,131,5,-179.303 -6.73382 1.50925 -1.03104,-57.8664 1.02175 6.21974 -4.54787,0
130,5,131,2,-179.1 -6.58894 0.0146936 -0.035563,-56.9897 1.02365 -4.53156 2.62905,0
130,5,131,3,-179.1 -6.48185 -0.157339 0.0796116,-56.9897 1.00701 -1.79637 0.809092,0
130,5,131,4,-179.1 -6.49588 0.0353956 -0.0488615,-56.9897 1.00919 0.904032 -0.994888,0
130,5,131,5,-179.1 -6.63026 0.59057 -0.419424,-56.9897 1.03006 3.57033 -2.78347,0
130,5,131,6,-179.1 -6.87794 1.48694 -1.01788,-56.9897 1.06854 6.20501 -4.55802,0
130,6,131,3,-178.896 -6.7326 -0.00887301 -0.0216073,-56.113 1.07039 -4.54697 2.61963,0
130,6,131,4,-178.896 -6.62971 -0.168319 0.0851838,-56.113 1.05403 -1.81218 0.79979,0
130,6,131,5,-178.896 -6.64517 0.0287195 -0.0461617,-56.113 1.05649 0.887921 -1.00417,0
130,6,131,6,-178.896 -6.77817 0.579792 -0.414001,-56.113 1.07763 3.55403 -2.79283,0
130,6,131,7,-178.896 -7.02204 1.46478 -1.00489,-56.113 1.1164 6.18854 -4.56751,0
130,7,131,4,-178.693 -6.87625 -0.0322275 -0.00787043,-55.2363 1.1182 -4.56413 2.61088,0
130,7,131,5,-178.693 -6.77738 -0.179634 0.0909012,-55.2363 1.10212 -1.82973 0.791155,0
130,7,131,6,-178.693 -6.79421 0.0215098 -0.0431839,-55.2363 1.10486 0.870074 -1.01279,0
130,7,131,7,-178.693 -6.92589 0.568652 -0.408416,-55.2363 1.12627 3.53599 -2.80152,0
130,7,131,8,-178.693 -7.16609 1.44271 -0.992044,-55.2363 1.16533 6.17033 -4.57633,0
130,8,131,5,-178.489 -7.01987 -0.0554288 0.0056853,-54.3596 1.16708 -4.58302 2.6028,0
130,8,131,6,-178.489 -6.92486 -0.191308 0.0967792,-54.3596 1.15128 -1.84901 0.783186,0
130,8,131,7,-178.489 -6.94299 0.0137549 -0.0399218,-54.3596 1.15429 0.850497 -1.02074,0
130,8,131,8,-178.489 -7.0734 0.557127 -0.402653,-54.3596 1.17597 3.51622 -2.80954,0
130,8,131,9,-178.489 -7.31008 1.42069 -0.979308,-54.3596 1.21532 6.1504 -4.58447,0
130,9,131,6,-178.286 -7.16345 -0.078532 0.0190949,-53.483 1.21702 -4.60365 2.59539,0
130,9,131,7,-178.286 -7.07212 -0.203366 0.102832,-53.483 1.2015 -1.87002 0.775879,0
130,9,131,8,-178.286 -7.0915 0.00544261 -0.0363691,-53.483 1.2048 0.829194 -1.02803,0
130,9,131,9,-178.286 -7.22069 0.545194 -0.3967,-53.483 1.22674 3.49472 -2.81691,0
131,0,132,0,-185.81 -5.96615 -0.103541 0.103541,-59.6658 -0.120661 0.992587 -0.992587,1
131,0,132,1,-185.81 -6.09723 0.0214838 0.0267803,-59.6658 -0.123312 3.79943 -2.9006,0
131,0,132,2,-185.81 -6.35427 0.519381 -0.296887,-59.6658 -0.128511 6.64206 -4.84185,0
131,1,132,0,-185.76 -6.10069 0.147227 -0.0629139,-58.7672 -0.13139 -1.65661 0.768743,0
131,1,132,1,-185.76 -6.09902 -0.123699 0.123527,-58.7672 -0.131354 1.12012 -1.11184,0
131,1,132,2,-185.76 -6.22872 -0.00488031 0.0515895,-58.7672 -0.134147 3.93051 -3.02326,0
131,1,132,3,-185.76 -6.48191 0.478956 -0.261878,-58.7672 -0.1396 6.77809 -4.9692,0
131,2,132,0,-185.71 -6.36088 0.772774 -0.478503,-57.8686 -0.145343 -4.27591 2.5034,0
131,2,132,1,-185.71 -6.23209 0.122309 -0.0396424,-57.8686 -0.1424 -1.52678 0.647506,0
131,2,132,2,-185.71 -6.23188 -0.145994 0.145631,-57.8686 -0.142395 1.25194 -1.23504,0
131,2,132,3,-185.71 -6.36025 -0.0332827 0.0784762,-57.8686 -0.145328 4.06581 -3.1498,0
131,2,132,4,-185.71 -6.60973 0.436855 -0.225006,-57.8686 -0.151029 6.9182 -5.1003,0
131,3,132,1,-185.66 -6.48834 0.735398 -0.446711,-56.97 -0.156772 -4.14225 2.37875,0
131,3,132,2,-185.66 -6.36354 0.0954138 -0.0143512,-56.97 -0.153757 -1.3927 0.522368,0
131,3,132,3,-185.66 -6.36472 -0.170508 0.169936,-56.97 -0.153785 1.38801 -1.36213,0
131,3,132,4,-185.66 -6.49182 -0.0638155 0.107528,-56.97 -0.156856 4.20529 -3.28016,0
131,3,132,5,-185.66 -6.73772 0.392964 -0.186167,-56.97 -0.162798 7.06236 -5.23511,0
131,4,132,2,-185.609 -6.616 0.696462 -0.413166,-56.0714 -0.168542 -4.00444 2.2503,0
131,4,132,3,-185.609 -6.49502 0.0664477 0.0130483,-56.0714 -0.16546 -1.25441 0.393366,0
131,4,132,4,-185.609 -6.49754 -0.197324 0.196523,-56.0714 -0.165524 1.52829 -1.49309,0
131,4,132,5,-185.609 -6.62342 -0.0965694 0.138833,-56.0714 -0.168731 4.34892 -3.41433,0
131,4,132,6,-185.609 -6.86588 0.347169 -0.145262,-56.0714 -0.174908 7.21054 -5.37359,0
131,5,132,3,-185.559 -6.74384 0.655848 -0.377763,-55.1728 -0.180653 -3.86252 2.11807,0
131,5,132,4,-185.559 -6.62653 0.0353187 0.0426441,-55.1728 -0.17751 -1.11195 0.260536,0
131,5,132,5,-185.559 -6.63034 -0.226523 0.225473,-55.1728 -0.177612 1.67274 -1.62786,0
131,5,132,6,-185.559 -6.75505 -0.131634 0.172475,-55.1728 -0.180953 4.49664 -3.55224,0
131,5,132,7,-185.559 -6.99419 0.299364 -0.102191,-55.1728 -0.187359 7.36269 -5.51571,0
131,6,132,4,-185.509 -6.87184 0.613442 -0.340401,-54.2742 -0.193104 -3.71653 1.98211,0
131,6,132,5,-185.509 -6.75808 0.00193663 0.0745226,-54.2742 -0.189907 -0.965347 0.123918,0
131,6,132,6,-185.509 -6.76312 -0.258185 0.256866,-54.2742 -0.190049 1.82131 -1.76642,0
131,6,132,7,-185.509 -6.8867 -0.169096 0.208539,-54.2742 -0.193521 4.64842 -3.69387,0
131,6,132,8,-185.509 -7.12265 0.249441 -0.0568606,-54.2742 -0.200152 7.51879 -5.66143,0
131,7,132,5,-185.459 -7 0.569134 -0.30098,-53.3756 -0.205897 -3.56649 1.84245,0
131,7,132,6,-185.459 -6.88965 -0.0337869 0.108769,-53.3756 -0.202651 -0.814657 -0.0164439,0
131,7,132,7,-185.459 -6.89587 -0.292391 0.290781,-53.3756 -0.202834 1.97397 -1.9087,0
131,7,132,8,-185.459 -7.01837 -0.209043 0.247109,-53.3756 -0.206437 4.80422 -3.83917,0
131,7,132,9,-185.459 -7.25124 0.197297 -0.00917463,-53.3756 -0.213287 7.67878 -5.8107,0
131,8,132,6,-185.408 -7.12831 0.522816 -0.259402,-52.477 -0.219031 -3.41244 1.69912,0
131,8,132,7,-185.408 -7.02124 -0.07194 0.145467,-52.477 -0.215741 -0.659916 -0.16051,0
131,8,132,8,-185.408 -7.02861 -0.329219 0.327296,-52.477 -0.215968 2.13066 -2.05468,0
131,8,132,9,-185.408 -7.15006 -0.251559 0.288266,-52.477 -0.219699 4.96398 -3.98809,0
131,9,132,7,-185.358 -7.25676 0.474381 -0.215572,-51.5784 -0.232508 -3.25443 1.55217,0
131,9,132,8,-185.358 -7.15286 -0.112609 0.184701,-51.5784 -0.229179 -0.501169 -0.308235,0
131,9,132,9,-185.358 -7.16132 -0.368748 0.366489,-51.5784 -0.22945 2.29134 -2.20429,0
132,0,133,1,-191.776 -14.636 1.10431 -0.662586,-59.7864 -2.77923 -4.25071 2.50676,0
132,0,133,2,-191.776 -14.6167 0.622671 -0.428527,-59.7864 -2.77557 -2.85214 1.97509,0
132,0,133,3,-191.776 -14.6509 0.0403322 -0.0403322,-59.7864 -2.78205 -0.221509 0.221509,1
132,0,133,4,-191.776 -14.7381 -0.519156 0.378074,-59.7864 -2.79862 3.12622 -2.23909,0
132,0,133,5,-191.776 -14.8775 -0.956974 0.726941,-59.7864 -2.82508 6.50866 -4.72451,0
132,1,133,2,-191.859 -14.7367 1.27461 -0.877689,-58.8903 -3.02496 -5.01339 3.48955,0
132,1,133,3,-191.859 -14.7184 0.534638 -0.384337,-58.8903 -3.0212 -2.41244 1.7554,0
132,1,133,4,-191.859 -14.7528 -0.18379 0.140223,-58.8903 -3.02827 0.909791 -0.689199,0
132,1,133,5,-191.859 -14.8397 -0.778659 0.593614,-58.8903 -3.04609 4.26364 -3.15467,0
132,1,133,6,-191.859 -14.978 -1.25467 0.979625,-58.8903 -3.07448 7.65409 -5.64616,0
132,2,133,3,-191.942 -14.8333 1.17564 -0.827591,-57.9941 -3.27428 -4.56647 3.26633,0
132,2,133,4,-191.942 -14.8159 0.300385 -0.19802,-57.9941 -3.27044 -1.27 0.836587,0
132,2,133,5,-191.942 -14.8506 -0.45124 0.359996,-57.9941 -3.2781 2.05465 -1.60984,0
132,2,133,6,-191.942 -14.9371 -1.08196 0.848824,-57.9941 -3.29717 5.41289 -4.07846,0
132,2,133,7,-191.942 -15.0743 -1.59663 1.27243,-57.9941 -3.32747 8.80948 -6.57419,0
132,3,133,4,-192.025 -14.9258 0.928844 -0.633823,-57.0979 -3.52711 -3.40946 2.33654,0
132,3,133,5,-192.025 -14.9093 0.0224441 0.0278066,-57.0979 -3.52322 -0.114249 -0.0920032,0
132,3,133,6,-192.025 -14.9443 -0.762755 0.61964,-57.0979 -3.53148 3.21119 -2.53862,0
132,3,133,7,-192.025 -15.0302 -1.42971 1.14427,-57.0979 -3.5518 6.57208 -5.00863,0
132,3,133,8,-192.025 -15.1664 -1.98342 1.60584,-57.0979 -3.58398 9.97292 -7.50674,0
132,4,133,5,-192.108 -15.014 0.63791 -0.400163,-56.2017 -3.78341 -2.23947 1.39722,0
132,4,133,6,-192.108 -14.9984 -0.299915 0.293791,-56.2017 -3.77948 1.05294 -1.02856,0
132,4,133,7,-192.108 -15.0336 -1.11899 0.919721,-56.2017 -3.78835 4.37751 -3.4737,0
132,4,133,8,-192.108 -15.1191 -1.82247 1.48044,-56.2017 -3.8099 7.73925 -5.94332,0
132,4,133,9,-192.108 -15.2542 -2.4155 1.98024,-56.2017 -3.84394 11.1424 -8.4419,0
132,5,133,6,-192.19 -15.0979 0.302123 -0.125975,-55.3055 -4.04308 -1.05839 0.450192,0
132,5,133,7,-192.19 -15.0832 -0.667335 0.600492,-55.3055 -4.03915 2.22965 -1.97122,0
132,5,133,8,-192.19 -15.1186 -1.52049 1.26072,-55.3055 -4.04862 5.55165 -4.41319,0
132,5,133,9,-192.19 -15.2037 -2.26071 1.85771,-55.3055 -4.0714 8.91244 -6.88063,0
132,6,133,7,-192.273 -15.1774 -0.0791511 0.189294,-54.4093 -4.30606 0.131838 -0.502675,0
132,6,133,8,-192.273 -15.1635 -1.08037 0.94838,-54.4093 -4.30214 3.41391 -2.91811,0
132,6,133,9,-192.273 -15.1991 -1.96773 1.64301,-54.4093 -4.31223 6.73164 -5.35519,0
132,7,133,7,-192.356 -15.3139 0.63981 -0.310276,-53.5132 -4.59074 -1.91317 0.930833,0
132,7,133,8,-192.356 -15.2524 -0.506449 0.546099,-53.5132 -4.57228 1.32924 -1.45948,0
132,7,133,9,-192.356 -15.2394 -1.53947 1.33783,-53.5132 -4.56839 4.60373 -3.8673,0
132,8,133,7,-192.439 -15.4904 1.48265 -0.893875,-52.617 -4.89461 -3.9032 2.32855,0
132,8,133,8,-192.439 -15.3829 0.195598 0.0573964,-52.617 -4.86065 -0.699742 -0.0383116,0
132,8,133,9,-192.439 -15.3228 -0.980218 0.94481,-52.617 -4.84166 2.53181 -2.41829,0
132,9,133,7,-192.522 -15.7038 2.4416 -1.55658,-51.7208 -5.21887 -5.8366 3.69004,0
132,9,133,8,-192.522 -15.5526 1.01901 -0.513489,-51.7208 -5.16863 -2.671 1.34474,0
132,9,133,9,-192.522 -15.4472 -0.295556 0.467387,-51.7208 -5.1336 0.518359 -1.00908,0
133,0,134,2,-205.742 -14.8695 0.102805 -0.354388,-65.1802 -5.22299 -3.9016 4.68223,0
133,0,134,3,-205.742 -14.7011 -0.582378 0.110189,-65.1802 -5.16385 -1.50494 3.12492,0
133,0,134,4,-205.742 -14.5804 -1.12419 0.478977,-65.1802 -5.12144 0.925227 1.55082,0
133,0,134,5,-205.742 -14.5084 -1.51908 0.749629,-65.1802 -5.09615 3.38776 -0.0385117,0
133,0,134,6,-205.742 -14.4859 -1.76499 0.920799,-65.1802 -5.08826 5.8812 -1.64137,0
133,1,134,3,-205.971 -15.0787 0.859427 -0.725698,-64.3096 -3.93347 -6.57752 6.09656,0
133,1,134,4,-205.971 -14.9051 0.16062 -0.252786,-64.3096 -3.88817 -4.14853 4.52076,0
133,1,134,5,-205.971 -14.7808 -0.390691 0.121982,-64.3096 -3.85575 -1.69436 2.93265,0
133,1,134,6,-205.971 -14.7071 -0.790838 0.396189,-64.3096 -3.83653 0.78365 1.3339,0
133,1,134,7,-205.971 -14.6848 -1.01516 0.545935,-64.3096 -3.83071 3.47008 -0.459873,0
133,2,134,4,-206.199 -15.1778 1.39366 -0.984811,-63.439 -2.64535 -9.24611 7.50495,0
133,2,134,5,-206.199 -15 0.683527 -0.504746,-63.439 -2.61436 -6.78381 5.91014,0
133,2,134,6,-206.199 -14.873 0.124417 -0.124884,-63.439 -2.59223 -4.30501 4.30769,0
133,2,134,7,-206.199 -14.7982 -0.257585 0.129995,-63.439 -2.57918 -1.627 2.51511,0
133,2,134,8,-206.199 -14.7762 -30.3611 30.1593,-63.439 -2.57536 3.53675 -1.75398,0
133,3,134,5,-206.427 -15.0037 1.37969 -0.968869,-62.5685 -2.61501 -9.39458 7.651,0
133,3,134,6,-206.427 -14.8249 0.664546 -0.484835,-62.5685 -2.58384 -6.9279 6.05163,0
133,3,134,7,-206.427 -14.6974 0.124333 -0.124333,-62.5685 -2.56163 -4.26214 4.26214,1
133,3,134,8,-206.427 -14.6227 -29.8276 29.7006,-62.5685 -2.54861 0.863637 0.0218241,0
133,3,134,9,-206.427 -14.6016 -0.382152 0.181771,-62.5685 -2.54492 2.97875 -1.19849,0
133,4,134,6,-206.656 -14.6928 1.09006 -0.814174,-61.6979 -3.27473 -8.15837 7.10243,0
133,4,134,7,-206.656 -14.5145 0.395305 -0.349945,-61.6979 -3.235 -5.52157 5.32438,0
133,4,134,8,-206.656 -14.3878 -29.5104 29.3767,-61.6979 -3.20675 -0.436978 1.11002,0
133,4,134,9,-206.656 -14.3139 -0.429193 0.169429,-61.6979 -3.19029 1.65587 -0.100806,0
133,5,134,7,-206.884 -14.3533 0.76383 -0.651351,-60.8274 -3.91119 -6.78155 6.38999,0
133,5,134,8,-206.884 -14.176 -29.2011 29.084,-60.8274 -3.86288 -1.73884 2.19745,0
133,5,134,9,-206.884 -14.0503 -0.374085 0.0789938,-60.8274 -3.82861 0.319565 1.00326,0
133,6,134,7,-207.112 -14.2123 1.22671 -1.02692,-59.9568 -4.5961 -8.0303 7.45309,0
133,6,134,8,-207.112 -13.9869 -28.9016 28.8237,-59.9568 -4.5232 -3.02952 3.27789,0
133,6,134,9,-207.112 -13.811 -0.215119 -0.0909593,-59.9568 -4.46631 -1.01731 2.10727,0
133,7,134,7,-207.341 -14.0888 1.77783 -1.47327,-59.0862 -5.29521 -9.25675 8.50809,0
133,7,134,8,-207.341 -13.8185 -28.6156 28.5976,-59.0862 -5.19361 -4.29721 4.34543,0
133,7,134,9,-207.341 -13.595 0.0462837 -0.339991,-59.0862 -5.10964 -2.34222 3.20495,0
133,8,134,7,-207.569 -13.9789 2.40843 -1.98542,-58.2157 -6.01347 -10.4509 9.54993,0
133,8,134,8,-207.569 -13.6677 -28.3486 28.4081,-58.2157 -5.87957 -5.53105 5.39467,0
133,8,134,9,-207.569 -13.4002 0.405576 -0.665779,-58.2157 -5.76453 -3.64334 4.2904,0
133,9,134,7,-207.797 -13.878 3.1074 -2.55697,-57.3451 -6.7551 -11.6041 10.5742,0
133,9,134,8,-207.797 -13.5304 -28.1074 28.2579,-57.3451 -6.58588 -6.72148 6.42085,0
133,9,134,9,-207.797 -13.2232 0.855235 -1.0642,-57.3451 -6.43635 -4.90992 5.35824,0
134,0,135,0,-220.759 -17.3937 -1.93797 1.92536,-71.4195 0.697552 -8.67499 8.19608,0
134,0,135,1,-220.759 -17.1682 -1.80935 1.82957,-71.4195 0.688505 -5.95693 6.34918,0
134,0,135,2,-220.759 -16.9873 -1.55171 1.64944,-71.4195 0.681251 -3.26306 4.52467,0
134,0,135,3,-220.759 -16.8525 -1.16087 1.38221,-71.4195 0.675845 -0.594062 2.72319,0
134,0,135,4,-220.759 -16.7649 -0.633559 1.02572,-71.4195 0.672333 2.04956 0.945183,0
134,1,135,1,-220.811 -17.0731 -1.91855 1.89602,-70.521 0.896142 -9.02881 8.31494,0
134,1,135,2,-220.811 -16.8464 -1.79349 1.80266,-70.521 0.884243 -6.3048 6.46494,0
134,1,135,3,-220.811 -16.6652 -1.53714 1.62346,-70.521 0.874729 -3.60651 4.63827,0
134,1,135,4,-220.811 -16.5309 -1.14512 1.35553,-70.521 0.867679 -0.934684 2.8356,0
134,1,135,5,-220.811 -16.4447 -0.614063 0.996659,-70.521 0.863154 1.71013 1.05742,0
134,2,135,2,-220.863 -16.7504 -1.90356 1.86897,-69.6225 1.08692 -9.36742 8.4264,0
134,2,135,3,-220.863 -16.5226 -1.78213 1.7781,-69.6225 1.07214 -6.63738 6.57325,0
134,2,135,4,-220.863 -16.341 -1.52705 1.59982,-69.6225 1.06035 -3.93464 4.7444,0
134,2,135,5,-220.863 -16.2072 -1.13377 1.33115,-69.6225 1.05167 -1.26002 2.94057,0
134,2,135,6,-220.863 -16.1224 -0.598796 0.969782,-69.6225 1.04617 1.38589 1.16227,0
134,3,135,3,-220.916 -16.4257 -1.8927 1.84405,-68.724 1.26987 -9.69079 8.53044,0
134,3,135,4,-220.916 -16.1967 -1.77497 1.75573,-68.724 1.25217 -6.95463 6.67409,0
134,3,135,5,-220.916 -16.0148 -1.52116 1.57839,-68.724 1.2381 -4.2474 4.84304,0
134,3,135,6,-220.916 -15.8815 -1.12652 1.30892,-68.724 1.2278 -1.57002 3.03806,0
134,3,135,7,-220.916 -15.7982 -0.587461 0.944941,-68.724 1.22136 1.07688 1.25971,0
134,4,135,4,-220.968 -16.0991 -1.88568 1.82113,-67.8256 1.44497 -9.99887 8.62705,0
134,4,135,5,-220.968 -15.869 -1.77172 1.73541,-67.8256 1.42431 -7.2565 6.76744,0
134,4,135,6,-220.968 -15.6867 -1.51917 1.55901,-67.8256 1.40795 -4.54476 4.93418,0
134,4,135,7,-220.968 -15.5541 -1.1231 1.28869,-67.8256 1.39605 -1.86465 3.12807,0
134,4,135,8,-220.968 -15.4723 -0.579756 0.921984,-67.8256 1.38871 0.783141 1.34973,0
134,5,135,5,-221.02 -15.7709 -1.88218 1.80003,-66.9271 1.6122 -10.2916 8.71622,0
134,5,135,6,-221.02 -15.5395 -1.77208 1.71698,-66.9271 1.58855 -7.54296 6.85329,0
134,5,135,7,-221.02 -15.357 -1.5208 1.54154,-66.9271 1.56989 -4.82668 5.01778,0
134,5,135,8,-221.02 -15.2249 -1.12319 1.27031,-66.9271 1.55639 -2.14387 3.21058,0
134,5,135,9,-221.02 -15.1448 -0.580189 0.905569,-66.9271 1.5482 0.495158 1.44185,0
134,6,135,6,-221.073 -15.4411 -1.88191 1.78062,-66.0286 1.77156 -10.5691 8.79792,0
134,6,135,7,-221.073 -15.2085 -1.77576 1.70031,-66.0286 1.74488 -7.81398 6.93161,0
134,6,135,8,-221.073 -15.0256 -1.52575 1.52583,-66.0286 1.7239 -5.09312 5.09385,0
134,6,135,9,-221.073 -14.8943 -1.13125 1.25838,-66.0286 1.70883 -2.41705 3.29495,0
134,7,135,7,-221.125 -15.1325 -1.83935 1.74012,-65.1301 1.73615 -10.4574 8.6853,0
134,7,135,8,-221.125 -14.8983 -1.73795 1.66299,-65.1301 1.70929 -7.70158 6.81843,0
134,7,135,9,-221.125 -14.7149 -1.49444 1.49444,-65.1301 1.68824 -4.98991 4.98991,1
134,8,135,7,-221.177 15.1884 -62.3454 31.9775,-64.2316 -0.774447 -8.12102 7.96102,0
134,8,135,8,-221.177 14.9018 -61.2483 31.4254,-64.2316 -0.759834 -5.42502 6.11251,0
134,8,135,9,-221.177 14.6648 -60.2109 30.8835,-64.2316 -0.747749 -2.75587 4.29338,0
134,9,135,7,-221.229 -15.2366 -1.31198 1.42147,-63.3332 -0.188038 -12.0027 10.3578,0
134,9,135,8,-221.229 -14.8993 -1.50782 1.53834,-63.3332 -0.183875 -9.26301 8.47606,0
134,9,135,9,-221.229 -14.6096 -1.57043 1.56972,-63.3332 -0.180301 -6.55324 6.62482,0
135,0,136,0,-238.165 -15.7621 -3.57773 3.53187,-71.2008 8.07336 -4.91693 4.82675,0
135,0,136,1,-238.165 -15.6422 -2.30105 2.67498,-71.2008 8.01197 -2.5452 3.23668,0
135,0,136,2,-238.165 -15.5627 -0.912008 1.74609,-71.2008 7.97125 -0.247297 1.69976,0
135,1,136,0,-237.907 -15.647 -4.67749 4.25813,-70.3387 8.00056 -7.26024 6.38076,0
135,1,136,1,-237.907 -15.4873 -3.51151 3.4721,-70.3387 7.9189 -4.81578 4.73822,0
135,1,136,2,-237.907 -15.3678 -2.23366 2.61437,-70.3387 7.85779 -2.44468 3.14849,0
135,1,136,3,-237.907 -15.2894 -0.84138 1.68333,-70.3387 7.81769 -0.148723 1.6129,0
135,2,136,0,-237.648 -15.5722 -5.66512 4.91256,-69.4766 7.94854 -9.67767 7.9881,0
135,2,136,1,-237.648 -15.3724 -4.61051 4.19781,-69.4766 7.84656 -7.16023 6.2929,0
135,2,136,2,-237.648 -15.2123 -3.4454 3.41223,-69.4766 7.76484 -4.7151 4.64976,0
135,2,136,3,-237.648 -15.0931 -2.16634 2.55363,-69.4766 7.704 -2.34464 3.0604,0
135,2,136,4,-237.648 -15.0158 -0.770704 1.62036,-69.4766 7.66455 -0.0507126 1.52619,0
135,3,136,1,-237.39 -15.2986 -5.59532 4.85037,-68.6145 7.79535 -9.58013 7.9019,0
135,3,136,2,-237.39 -15.0976 -4.54361 4.13736,-68.6145 7.69296 -7.06071 6.20514,0
135,3,136,3,-237.39 -14.9371 -3.37939 3.35225,-68.6145 7.61116 -4.61488 4.56138,0
135,3,136,4,-237.39 -14.8183 -2.09909 2.49277,-68.6145 7.55061 -2.2451 2.97241,0
135,3,136,5,-237.39 -14.7421 -0.699968 1.55719,-68.6145 7.51183 0.046726 1.43963,0
135,4,136,2,-237.132 -15.0248 -5.52547 4.78798,-67.7524 7.64258 -9.48315 7.81585,0
135,4,136,3,-237.132 -14.8226 -4.47677 4.07679,-67.7524 7.53975 -6.96169 6.11748,0
135,4,136,4,-237.132 -14.6617 -3.31349 3.29217,-67.7524 7.45787 -4.51513 4.47308,0
135,4,136,5,-237.132 -14.5432 -2.03189 2.43177,-67.7524 7.39761 -2.14605 2.88451,0
135,4,136,6,-237.132 -14.4683 -0.629163 1.4938,-67.7524 7.35952 0.143584 1.35323,0
135,5,136,3,-236.873 -14.7509 -5.45556 4.72539,-66.8903 7.49022 -9.38673 7.72995,0
135,5,136,4,-236.873 -14.5475 -4.40999 4.01608,-66.8903 7.38694 -6.86315 6.02991,0
135,5,136,5,-236.873 -14.386 -3.24768 3.23198,-66.8903 7.30497 -4.41585 4.38485,0
135,5,136,6,-236.873 -14.268 -1.96476 2.37064,-66.8903 7.24502 -2.0475 2.79672,0
135,5,136,7,-236.873 -14.1943 -0.558277 1.43019,-66.8903 7.20764 0.239858 1.267,0
135,6,136,4,-236.615 -14.4768 -5.38558 4.66258,-66.0282 7.33828 -9.29089 7.64421,0
135,6,136,5,-236.615 -14.2721 -4.34327 3.95524,-66.0282 7.23453 -6.76512 5.94244,0
135,6,136,6,-236.615 -14.1102 -3.18198 3.17169,-66.0282 7.15246 -4.31704 4.29671,0
135,6,136,7,-236.615 -13.9925 -1.89767 2.30937,-66.0282 7.09282 -1.94945 2.70902,0
135,6,136,8,-236.615 -13.9202 -0.487297 1.36636,-66.0282 7.05618 0.33554 1.18093,0
135,7,136,5,-236.356 -14.2026 -5.31553 4.59955,-65.1661 7.18677 -9.19564 7.55863,0
135,7,136,6,-236.356 -13.9965 -4.2766 3.89427,-65.1661 7.08252 -6.66758 5.85508,0
135,7,136,7,-236.356 -13.8341 -3.11638 3.11129,-65.1661 7.00034 -4.2187 4.20864,0
135,7,136,8,-236.356 -13.7169 -1.83063 2.24796,-65.1661 6.94102 -1.8519 2.62143,0
135,7,136,9,-236.356 -13.646 -0.40847 1.29454,-65.1661 6.90514 0.438029 1.08764,0
135,8,136,6,-236.098 -13.9282 -5.24538 4.5363,-64.304 7.03567 -9.10098 7.47322,0
135,8,136,7,-236.098 -13.7208 -4.20999 3.83315,-64.304 6.9309 -6.57054 5.76781,0
135,8,136,8,-236.098 -13.5579 -3.05088 3.05079,-64.304 6.84861 -4.12083 4.12065,0
135,8,136,9,-236.098 -13.4411 -1.75602 2.17879,-64.304 6.78962 -1.74757 2.52664,0
135,8,136,10,-236.098 -13.3716 -0.0420516 0.935007,-64.304 6.75453 0.822805 0.711625,0
135,9,136,7,-235.84 -13.6489 -5.1848 4.47765,-63.4419 6.89458 -9.02606 7.39755,0
135,9,136,8,-235.84 -13.4401 -4.15293 3.77666,-63.4419 6.78912 -6.49286 5.69007,0
135,9,136,9,-235.84 -13.2767 -2.98734 2.98734,-63.4419 6.70659 -4.03485 4.03485,1
135,9,136,10,-235.84 -13.1605 -1.40784 1.83121,-63.4419 6.64785 -1.38377 2.16278,0
136,0,137,0,-253.973 -12.1946 -4.4066 4.47248,-63.2177 12.5883 -3.01872 3.0822,0
136,0,137,1,-253.973 -12.1113 -2.4008 3.12342,-63.2177 12.5023 -1.20037 1.862,0
136,0,137,2,-253.973 -12.0599 -0.311157 1.7225,-63.2177 12.4492 0.510502 0.716257,0
136,1,137,0,-253.434 -12.0997 -6.269 5.70031,-62.4974 12.5079 -4.90701 4.33068,0
136,1,137,1,-253.434 -11.9849 -4.34585 4.40242,-62.4974 12.3891 -2.98246 3.03694,0
136,1,137,2,-253.434 -11.9018 -2.33926 3.05292,-62.4974 12.3033 -1.16501 1.8174,0
136,1,137,3,-253.434 -11.8513 -0.247439 1.6507,-62.4974 12.2511 0.543085 0.673601,0
136,2,137,0,-252.894 -12.0368 -8.04744 6.87622,-61.7771 12.4604 -6.90252 5.65347,0
136,2,137,1,-252.894 -11.8904 -6.20723 5.62969,-61.7771 12.3087 -4.87117 4.28579,0
136,2,137,2,-252.894 -11.7754 -4.28465 4.33221,-61.7771 12.1897 -2.94569 2.99145,0
136,2,137,3,-252.894 -11.6927 -2.27726 2.98226,-61.7771 12.1041 -1.12918 1.77259,0
136,2,137,4,-252.894 -11.6431 -0.183187 1.57869,-61.7771 12.0527 0.576047 0.630813,0
136,3,137,1,-252.354 -11.8285 -7.98327 6.80416,-61.0569 12.2618 -6.86897 5.61023,0
136,3,137,2,-252.354 -11.6813 -6.145 5.55889,-61.0569 12.1093 -4.83485 4.24069,0
136,3,137,3,-252.354 -11.5662 -4.22303 4.26185,-61.0569 11.9899 -2.90841 2.94574,0
136,3,137,4,-252.354 -11.4838 -2.21479 2.91144,-61.0569 11.9046 -1.09287 1.72759,0
136,3,137,5,-252.354 -11.4351 -0.118396 1.50646,-61.0569 11.8541 0.609379 0.587897,0
136,4,137,2,-251.815 -11.6204 -7.91857 6.73189,-60.3366 12.0631 -6.83503 5.56686,0
136,4,137,3,-251.815 -11.4726 -6.08232 5.48794,-60.3366 11.9096 -4.79804 4.1954,0
136,4,137,4,-251.815 -11.3572 -4.16097 4.19134,-60.3366 11.7898 -2.87062 2.8998,0
136,4,137,5,-251.815 -11.2753 -2.15187 2.84044,-60.3366 11.7048 -1.05609 1.68239,0
136,4,137,6,-251.815 -11.2276 -0.0530612 1.43402,-60.3366 11.6552 0.643072 0.544862,0
136,5,137,3,-251.275 -11.4127 -7.85334 6.65941,-59.6163 11.8641 -6.80071 5.52336,0
136,5,137,4,-251.275 -11.2641 -6.01917 5.41682,-59.6163 11.7096 -4.76076 4.1499,0
136,5,137,5,-251.275 -11.1486 -4.09847 4.12069,-59.6163 11.5895 -2.83232 2.85365,0
136,5,137,6,-251.275 -11.0671 -2.08848 2.76928,-59.6163 11.5047 -1.01885 1.637,0
136,5,137,7,-251.275 -11.0203 0.012826 1.36135,-59.6163 11.4561 0.67712 0.50171,0
136,6,137,4,-250.735 -11.2053 -7.78758 6.58671,-58.8961 11.6648 -6.76601 5.47972,0
136,6,137,5,-250.735 -11.056 -5.95557 5.34554,-58.8961 11.5094 -4.72301 4.1042,0
136,6,137,6,-250.735 -10.9402 -4.03553 4.04988,-58.8961 11.3889 -2.79351 2.80727,0
136,6,137,7,-250.735 -10.8591 -2.02461 2.69795,-58.8961 11.3044 -0.98113 1.59142,0
136,6,137,8,-250.735 -10.8134 0.0792728 1.28846,-58.8961 11.2568 0.711513 0.458448,0
136,7,137,5,-250.196 -10.9982 -7.72127 6.5138,-58.1758 11.4653 -6.73095 5.43596,0
136,7,137,6,-250.196 -10.8481 -5.8915 5.27409,-58.1758 11.3088 -4.68478 4.05831,0
136,7,137,7,-250.196 -10.7322 -3.97216 3.97892,-58.1758 11.188 -2.75419 2.76067,0
136,7,137,8,-250.196 -10.6515 -1.96028 2.62645,-58.1758 11.1038 -0.942952 1.54564,0
136,7,137,9,-250.196 -10.6068 0.142679 1.21894,-58.1758 11.0572 0.744498 0.416827,0
136,8,137,6,-249.656 -10.7915 -7.65441 6.44067,-57.4555 11.2656 -6.69553 5.39208,0
136,8,137,7,-249.656 -10.6406 -5.82697 5.20247,-57.4555 11.108 -4.64608 4.01222,0
136,8,137,8,-249.656 -10.5244 -3.90835 3.90781,-57.4555 10.9868 -2.71437 2.71385,0
136,8,137,9,-249.656 -10.4441 -1.89903 2.55833,-57.4555 10.9029 -0.906031 1.50139,0
136,9,137,7,-249.116 -10.5928 -7.57149 6.35957,-56.7353 11.0582 -6.64492 5.34067,0
136,9,137,8,-249.116 -10.4409 -5.74669 5.12304,-56.7353 10.8996 -4.59228 3.95862,0
136,9,137,9,-249.116 -10.3245 -3.8325 3.8325,-56.7353 10.778 -2.66127 2.66127,1
136,10,137,7,-248.577 -10.8753 -8.63244 7.16341,-56.015 10.7572 -8.18906 6.46552,0
136,10,137,8,-248.577 -10.6828 -6.91129 5.98987,-56.015 10.5668 -6.02643 5.00538,0
136,10,137,9,-248.577 -10.5257 -5.10118 4.76281,-56.015 10.4114 -3.98052 3.62692,0
137,0,138,0,-266.102 -7.48497 -5.56855 5.5364,-50.5658 15.5781 -1.63376 1.61827,0
137,0,138,1,-266.102 -7.43456 -2.95229 3.73099,-50.5658 15.4731 -0.506973 0.857559,0
137,0,138,2,-266.102 -7.40435 -0.291538 1.90131,-50.5658 15.4103 0.490504 0.184116,0
137,1,138,0,-265.362 -7.43871 -7.89497 7.07643,-50.0538 15.4714 -2.84137 2.42043,0
137,1,138,1,-265.362 -7.36831 -5.32545 5.29778,-50.0538 15.325 -1.58594 1.5726,0
137,1,138,2,-265.362 -7.31803 -2.7124 3.49573,-50.0538 15.2204 -0.459399 0.811788,0
137,1,138,3,-265.362 -7.28831 -0.0536581 1.66854,-50.0538 15.1586 0.535689 0.139685,0
137,2,138,0,-264.622 -7.41263 -10.1756 8.59086,-49.5417 15.4069 -4.17943 3.31099,0
137,2,138,1,-264.622 -7.32212 -7.65267 6.83869,-49.5417 15.2188 -2.79482 2.37565,0
137,2,138,2,-264.622 -7.25151 -5.08754 5.06422,-49.5417 15.072 -1.53758 1.52634,0
137,2,138,3,-264.622 -7.20138 -2.47768 3.26551,-49.5417 14.9678 -0.411382 0.765501,0
137,2,138,4,-264.622 -7.17216 0.17911 1.44077,-49.5417 14.9071 0.581166 0.0948559,0
137,3,138,1,-263.882 -7.29646 -9.93292 8.35315,-49.0296 15.1553 -4.13627 3.26851,0
137,3,138,2,-263.882 -7.20541 -7.41553 6.60598,-49.0296 14.9662 -2.74779 2.33031,0
137,3,138,3,-263.882 -7.13459 -4.85481 4.83571,-49.0296 14.8191 -1.48877 1.47956,0
137,3,138,4,-263.882 -7.0846 -2.24813 3.04033,-49.0296 14.7152 -0.362987 0.718762,0
137,3,138,5,-263.882 -7.0559 0.406767 1.218,-49.0296 14.6556 0.626863 0.0496955,0
137,4,138,2,-263.141 -7.18018 -9.69533 8.12043,-48.5176 14.9038 -4.09273 3.22556,0
137,4,138,3,-263.141 -7.08857 -7.18356 6.37832,-48.5176 14.7136 -2.70034 2.28448,0
137,4,138,4,-263.141 -7.01753 -4.62727 4.61226,-48.5176 14.5662 -1.43955 1.43231,0
137,4,138,5,-263.141 -6.9677 -2.02375 2.82019,-48.5176 14.4628 -0.314279 0.671635,0
137,4,138,6,-263.141 -6.93954 0.629315 1.00023,-48.5176 14.4043 0.672709 0.00427211,0
137,5,138,3,-262.401 -7.0638 -9.46285 7.89271,-48.0055 14.6524 -4.04889 3.18218,0
137,5,138,4,-262.401 -6.9716 -6.95676 6.1557,-48.0055 14.4612 -2.65253 2.23822,0
137,5,138,5,-262.401 -6.90034 -4.40492 4.39387,-48.0055 14.3134 -1.38999 1.38466,0
137,5,138,6,-262.401 -6.85067 -1.80454 2.6051,-48.0055 14.2104 -0.265323 0.624184,0
137,5,138,7,-262.401 -6.82307 0.846763 0.787465,-48.0055 14.1531 0.718636 -0.0413469,0
137,6,138,4,-261.661 -6.94731 -9.23546 7.66998,-47.4934 14.4012 -4.00482 3.13847,0
137,6,138,5,-261.661 -6.85451 -6.73512 5.93811,-47.4934 14.2088 -2.60443 2.1916,0
137,6,138,6,-261.661 -6.78302 -4.18776 4.18054,-47.4934 14.0606 -1.34016 1.33667,0
137,6,138,7,-261.661 -6.73352 -1.5905 2.39506,-47.4934 13.958 -0.216183 0.576473,0
137,6,138,8,-261.661 -6.70649 1.05912 0.579688,-47.4934 13.902 0.764572 -0.0870934,0
137,7,138,5,-260.921 -6.83071 -9.01317 7.45224,-46.9814 14.15 -3.96058 3.09447,0
137,7,138,6,-260.921 -6.7373 -6.51864 5.72557,-46.9814 13.9565 -2.55611 2.14467,0
137,7,138,7,-260.921 -6.66557 -3.97579 3.97227,-46.9814 13.8079 -1.29011 1.28841,0
137,7,138,8,-260.921 -6.61625 -1.38163 2.19005,-46.9814 13.7058 -0.166926 0.528568,0
137,7,138,9,-260.921 -6.58982 1.13813 0.505151,-46.9814 13.651 0.785782 -0.108237,0
137,8,138,6,-260.181 -6.71401 -8.79597 7.23949,-46.4693 13.899 -3.91626 3.05026,0
137,8,138,7,-260.181 -6.61996 -6.30733 5.51807,-46.4693 13.7043 -2.50763 2.0975,0
137,8,138,8,-260.181 -6.54799 -3.76901 3.76905,-46.4693 13.5553 -1.23992 1.23994,0
137,8,138,9,-260.181 -6.49885 -1.30433 2.1165,-46.4693 13.4536 -0.141923 0.504839,0
137,9,138,7,-259.441 -6.59365 -8.59099 7.03528,-45.9572 13.6498 -3.87536 3.00763,0
137,9,138,8,-259.441 -6.49898 -6.10821 5.31912,-45.9572 13.4539 -2.46245 2.05186,0
137,9,138,9,-259.441 -6.4268 -3.69938 3.69938,-45.9572 13.3044 -1.21703 1.21703,1
138,0,139,0,-273.619 -1.95254 -4.60169 4.35961,-35.0033 16.6507 -0.0939666 0.0637931,0
138,0,139,1,-273.619 -1.94763 -1.7078 2.35932,-35.0033 16.6088 0.164844 -0.101344,0
138,0,139,2,-273.619 -1.94835 1.19222 0.358534,-35.0033 16.615 0.281958 -0.172837,0
138,1,139,0,-272.758 -2.08062 -6.91532 5.94004,-34.7421 16.5118 -0.477927 0.325529,0
138,1,139,1,-272.758 -2.06937 -4.03069 3.94267,-34.7421 16.4225 -0.0766062 0.0652759,0
138,1,139,2,-272.758 -2.0642 -1.14023 1.94556,-34.7421 16.3815 0.182449 -0.100969,0
138,2,139,0,-271.897 -2.21286 -9.22612 7.52182,-34.4809 16.4195 -1.00295 0.681664,0
138,2,139,1,-271.897 -2.19439 -6.35188 5.52762,-34.4809 16.2825 -0.458064 0.325577,0
138,2,139,2,-271.897 -2.1824 -3.47218 3.53444,-34.4809 16.1935 -0.0547431 0.0630117,0
138,2,139,3,-271.897 -2.17699 -0.585139 1.5405,-34.4809 16.1534 0.20442 -0.104229,0
138,3,139,0,-271.035 -2.35059 -11.5315 9.10369,-34.2198 16.3744 -1.67067 1.13334,0
138,3,139,1,-271.035 -2.32408 -8.66874 7.11289,-34.2198 16.1898 -0.982454 0.681553,0
138,3,139,2,-271.035 -2.30438 -5.80095 5.12391,-34.2198 16.0525 -0.433785 0.321926,0
138,3,139,3,-271.035 -2.29165 -2.92621 3.13495,-34.2198 15.9638 -0.0285664 0.0571413,0
138,3,139,4,-271.035 -2.28602 -0.0425591 1.14418,-34.2198 15.9246 0.230569 -0.110981,0
138,4,139,1,-270.174 -2.45977 -10.9787 8.69723,-33.9586 16.1448 -1.65143 1.13436,0
138,4,139,2,-270.174 -2.43151 -8.12386 6.71267,-33.9586 15.9593 -0.957663 0.677815,0
138,4,139,3,-270.174 -2.41056 -5.26258 4.72896,-33.9586 15.8218 -0.405277 0.314718,0
138,4,139,4,-270.174 -2.39711 -2.39281 2.74424,-33.9586 15.7335 0.00173407 0.047806,0
138,4,139,5,-270.174 -2.39127 0.487465 0.75664,-33.9586 15.6952 0.260701 -0.121082,0
138,5,139,2,-269.313 -2.56517 -10.4382 8.29944,-33.6974 15.9145 -1.62805 1.13185,0
138,5,139,3,-269.313 -2.53515 -7.59152 6.32121,-33.6974 15.7283 -0.928763 0.670591,0
138,5,139,4,-269.313 -2.51295 -4.73682 4.34281,-33.6974 15.5905 -0.372731 0.304094,0
138,5,139,5,-269.313 -2.49877 -1.87203 2.36236,-33.6974 15.5026 0.0359681 0.0351475,0
138,5,139,6,-269.313 -2.49275 1.00489 0.377921,-33.6974 15.4652 0.294626 -0.134389,0
138,6,139,3,-268.451 -2.6668 -9.91029 7.91035,-33.4363 15.6837 -1.60071 1.12594,0
138,6,139,4,-268.451 -2.63499 -7.07175 5.93852,-33.4363 15.4966 -0.895945 0.660023,0
138,6,139,5,-268.451 -2.61153 -4.22369 3.9655,-33.4363 15.3586 -0.336336 0.290195,0
138,6,139,6,-268.451 -2.59663 -1.36391 1.98934,-33.4363 15.271 0.0739448 0.0193081,0
138,6,139,7,-268.451 -2.59045 1.5097 0.00805199,-33.4363 15.2347 0.332149 -0.150758,0
138,7,139,4,-267.59 -2.76465 -9.39486 7.53001,-33.1751 15.4524 -1.5696 1.11679,0
138,7,139,5,-267.59 -2.73104 -6.56462 5.56466,-33.1751 15.2645 -0.859401 0.646253,0
138,7,139,6,-267.59 -2.7063 -3.72325 3.59707,-33.1751 15.1262 -0.296283 0.273163,0
138,7,139,7,-267.59 -2.69069 -0.868491 1.62521,-33.1751 15.039 0.115473 0.000430438,0
138,7,139,8,-267.59 -2.68437 1.81544 -0.166537,-33.1751 15.0037 0.377403 -0.174372,0
138,8,139,5,-266.729 -2.85873 -8.89198 7.15844,-32.914 15.2206 -1.53493 1.10454,0
138,8,139,6,-266.729 -2.82328 -6.07014 5.19966,-32.914 15.0319 -0.819321 0.629424,0
138,8,139,7,-266.729 -2.79727 -3.23553 3.23755,-32.914 14.8934 -0.252762 0.253141,0
138,8,139,8,-266.729 -2.78096 -0.570038 1.45425,-32.914 14.8065 0.164638 -0.025619,0
138,8,139,9,-266.729 -2.77451 1.17535 0.600932,-32.914 14.7722 0.480429 -0.255318,0
138,9,139,6,-265.868 -2.81978 -8.66018 6.92492,-32.6528 15.0132 -1.54659 1.11417,0
138,9,139,7,-265.868 -2.78412 -5.84357 4.97116,-32.6528 14.8233 -0.82497 0.634215,0
138,9,139,8,-265.868 -2.75801 -3.1961 3.1961,-32.6528 14.6844 -0.250336 0.250336,1
138,9,139,9,-265.868 -2.74175 -1.45772 2.33996,-32.6528 14.5978 0.222557 -0.0841704,0
138,9,139,10,-265.868 -2.73549 0.308648 1.46585,-32.6528 14.5645 0.592094 -0.368623,0
139,0,140,0,-275.814 1.86152 -1.01929 1.4237,-18.3827 16.1224 0.26221 -0.31406,0
139,0,140,1,-275.814 1.86672 1.8659 -0.572871,-18.3827 16.1674 -0.244965 0.0426974,0
139,0,140,2,-275.814 1.87758 4.7307 -2.55473,-18.3827 16.2615 -0.895598 0.493808,0
139,1,140,0,-274.915 1.64853 -3.25037 2.96927,-18.3309 15.9922 0.514652 -0.488167,0
139,1,140,1,-274.915 1.64814 -0.344414 0.957507,-18.3309 15.9884 0.153319 -0.22845,0
139,1,140,2,-274.915 1.65291 2.5406 -1.03847,-18.3309 16.0347 -0.353963 0.127155,0
139,2,140,0,-274.017 1.44347 -5.50974 4.5352,-18.2791 15.9085 0.626658 -0.56819,0
139,2,140,1,-274.017 1.4386 -2.58433 2.50846,-18.2791 15.8548 0.41399 -0.407288,0
139,2,140,2,-274.017 1.43832 0.31978 0.498431,-18.2791 15.8517 0.0541968 -0.149843,0
139,3,140,0,-273.118 1.24463 -7.79425 6.12004,-18.2273 15.8722 0.594954 -0.552026,0
139,3,140,1,-273.118 1.23647 -4.85094 4.07869,-18.2273 15.7681 0.532404 -0.490814,0
139,3,140,2,-273.118 1.23227 -1.9291 2.05485,-18.2273 15.7147 0.322984 -0.333351,0
139,3,140,3,-273.118 1.23209 0.973157 0.0465775,-18.2273 15.7124 -0.0353737 -0.0780893,0
139,4,140,0,-272.22 1.05024 -10.1005 7.72215,-18.1756 15.8842 0.4177 -0.438515,0
139,4,140,1,-272.22 1.04002 -7.14104 5.66672,-18.1756 15.7296 0.505259 -0.476898,0
139,4,140,2,-272.22 1.03312 -4.20304 3.62944,-18.1756 15.6252 0.447684 -0.42031,0
139,4,140,3,-272.22 1.0296 -1.28481 1.60853,-18.1756 15.5719 0.241415 -0.266204,0
139,4,140,4,-272.22 1.02949 1.61558 -0.397954,-18.1756 15.5704 -0.115613 -0.0130366,0
139,5,140,1,-271.321 0.847464 -9.45114 7.27087,-18.1238 15.7398 0.330733 -0.364383,0
139,5,140,2,-271.321 0.839093 -6.49877 5.22068,-18.1238 15.5844 0.424964 -0.408566,0
139,5,140,3,-271.321 0.833453 -3.56618 3.18753,-18.1238 15.4796 0.372276 -0.356528,0
139,5,140,4,-271.321 0.830597 -0.6516 1.16962,-18.1238 15.4266 0.169062 -0.205694,0
139,5,140,5,-271.321 0.830556 2.24693 -0.835066,-18.1238 15.4258 -0.186745 0.0454691,0
139,6,140,2,-270.423 0.648376 -8.81274 6.82686,-18.072 15.5929 0.253021 -0.296966,0
139,6,140,3,-270.423 0.641876 -5.86758 4.78201,-18.072 15.4366 0.353846 -0.34688,0
139,6,140,4,-270.423 0.637506 -2.94047 2.75307,-18.072 15.3315 0.305959 -0.299314,0
139,6,140,5,-270.423 0.63531 -0.0295941 0.738194,-18.072 15.2787 0.105702 -0.151668,0
139,6,140,6,-270.423 0.635311 2.65181 -1.04941,-18.072 15.2787 -0.210628 0.0592185,0
139,7,140,3,-269.524 0.45301 -8.18543 6.39021,-18.0202 15.4435 0.184342 -0.236111,0
139,7,140,4,-269.524 0.4484 -5.24761 4.3508,-18.0202 15.2864 0.291685 -0.291685,0
139,7,140,5,-269.524 0.445307 -2.32606 2.32615,-18.0202 15.1809 0.24851 -0.248513,0
139,7,140,6,-269.524 0.443766 0.368033 0.527406,-18.0202 15.1284 0.0890817 -0.141941,0
139,7,140,7,-269.524 0.443791 2.72205 -0.932832,-18.0202 15.1292 -0.165218 0.00609901,0
139,8,140,4,-268.626 0.448431 -7.94341 6.14806,-17.9684 15.2874 0.133156 -0.186006,0
139,8,140,5,-268.626 0.443797 -5.00916 4.11226,-17.9684 15.1294 0.246847 -0.247123,0
139,8,140,6,-268.626 0.440696 -2.30225 2.30225,-17.9684 15.0237 0.245945 -0.245945,1
139,8,140,7,-268.626 0.439163 0.0679983 0.827341,-17.9684 14.9715 0.149496 -0.202625,0
139,8,140,8,-268.626 0.439212 2.42664 -0.637545,-17.9684 14.9731 -0.100832 -0.0593921,0
139,9,140,5,-267.727 1.38883 -9.5951 6.85465,-17.9166 15.074 0.200517 -0.197135,0
139,9,140,6,-267.727 1.37425 -6.85554 5.02347,-17.9166 14.9158 0.356901 -0.300725,0
139,9,140,7,-267.727 1.36452 -4.45683 3.5283,-17.9166 14.8102 0.419393 -0.363058,0
139,9,140,8,-267.727 1.35975 -2.07416 2.04421,-17.9166 14.7584 0.327869 -0.32514,0
139,9,140,9,-267.727 1.35998 0.288864 0.574755,-17.9166 14.7609 0.081306 -0.186514,0
139,10,140,6,-266.829 2.30436 -11.4118 7.75109,-17.8649 14.8034 0.423586 -0.306829,0
139,10,140,7,-266.829 2.27979 -8.97249 6.23018,-17.8649 14.6456 0.643144 -0.473984,0
139,10,140,8,-266.829 2.26344 -6.55332 4.72117,-17.8649 14.5405 0.710738 -0.541946,0
139,10,140,9,-266.829 2.25548 -4.15825 3.22786,-17.8649 14.4894 0.623518 -0.509014,0
139,10,140,10,-266.829 2.256 -1.79097 1.75386,-17.8649 14.4928 0.38053 -0.374803,0
140,0,141,0,-273.548 3.95438 0.514969 0.136749,-2.3122 15.1688 -0.104576 -0.0804501,0
140,0,141,1,-273.548 3.97369 3.40579 -1.89953,-2.3122 15.2429 -1.08898 0.614504,0
140,0,141,2,-273.548 4.0058 6.26156 -3.91356,-2.3122 15.366 -2.21347 1.40046,0
140,1,141,0,-272.654 3.70452 -1.61971 1.62748,-2.41761 15.0911 0.495357 -0.497266,0
140,1,141,1,-272.654 3.71064 1.31103 -0.435524,-2.41761 15.116 -0.341566 0.0993556,0
140,1,141,2,-272.654 3.72912 4.20506 -2.47419,-2.41761 15.1913 -1.32148 0.788635,0
140,2,141,0,-271.76 3.46921 -3.80114 3.15042,-2.52303 15.0593 0.955199 -0.819958,0
140,2,141,1,-271.76 3.46333 -0.831466 1.06047,-2.52303 15.0338 0.268929 -0.323528,0
140,2,141,2,-271.76 3.46923 2.10025 -1.00329,-2.52303 15.0594 -0.561821 0.266262,0
140,3,141,0,-270.866 3.24655 -6.02582 4.70394,-2.62844 15.0749 1.27139 -1.04634,0
140,3,141,1,-270.866 3.23001 -3.01862 2.58714,-2.62844 14.9982 0.737448 -0.650979,0
140,3,141,2,-270.866 3.22455 -0.0502508 0.49809,-2.62844 14.9728 0.0590888 -0.162591,0
140,3,141,3,-270.866 3.2302 2.8823 -1.56626,-2.62844 14.999 -0.765558 0.420429,0
140,4,141,0,-269.973 3.03447 -8.2897 6.28611,-2.73386 15.1387 1.44195 -1.17528,0
140,4,141,1,-269.973 3.00875 -5.24684 4.14282,-2.73386 15.0104 1.06043 -0.880806,0
140,4,141,2,-269.973 2.99328 -2.24327 2.02857,-2.73386 14.9332 0.536154 -0.494719,0
140,4,141,3,-269.973 2.98822 0.723598 -0.059384,-2.73386 14.908 -0.134384 -0.0142916,0
140,4,141,4,-269.973 2.99362 3.32667 -1.794,-2.73386 14.9349 -0.860719 0.469744,0
140,5,141,1,-269.079 2.79745 -7.51205 5.72553,-2.83927 15.0714 1.23593 -1.01188,0
140,5,141,2,-269.079 2.77346 -4.47515 3.58646,-2.83927 14.9422 0.865808 -0.72792,0
140,5,141,3,-269.079 2.75907 -1.47544 1.475,-2.83927 14.8647 0.351095 -0.351013,0
140,5,141,4,-269.079 2.75441 1.16259 -0.284515,-2.83927 14.8395 -0.220278 0.0300996,0
140,5,141,5,-269.079 2.75953 3.54188 -1.79508,-2.83927 14.8672 -0.8813 0.448143,0
140,6,141,2,-268.185 2.77718 -7.17015 5.38394,-2.94469 14.9623 1.12252 -0.899266,0
140,6,141,3,-268.185 2.7531 -4.13577 3.24749,-2.94469 14.8325 0.763008 -0.625369,0
140,6,141,4,-268.185 2.73868 -1.46322 1.46322,-2.94469 14.7548 0.348256 -0.348256,1
140,6,141,5,-268.185 2.73406 0.952579 -0.0741081,-2.94469 14.7299 -0.157137 -0.0333458,0
140,6,141,6,-268.185 2.7393 3.33375 -1.58666,-2.94469 14.7581 -0.816916 0.382841,0
140,7,141,3,-267.291 3.08349 -7.48383 5.37136,-3.0501 14.7888 1.14663 -0.85983,0
140,7,141,4,-267.291 3.05644 -4.77107 3.5595,-3.0501 14.659 0.887223 -0.686056,0
140,7,141,5,-267.291 3.04027 -2.31578 1.99423,-3.0501 14.5815 0.53856 -0.475199,0
140,7,141,6,-267.291 3.03515 0.104027 0.453394,-3.0501 14.5569 0.035078 -0.162532,0
140,7,141,7,-267.291 3.04114 2.48582 -1.06053,-3.0501 14.5857 -0.623292 0.251747,0
140,8,141,4,-266.397 3.38352 -8.11266 5.68021,-3.15552 14.6091 1.28266 -0.926151,0
140,8,141,5,-266.397 3.35349 -5.6141 4.08553,-3.15552 14.4794 1.08977 -0.818964,0
140,8,141,6,-266.397 3.33557 -3.1514 2.51459,-3.15552 14.4021 0.743401 -0.610606,0
140,8,141,7,-266.397 3.32997 -0.727575 0.970229,-3.15552 14.3779 0.241728 -0.300093,0
140,8,141,8,-266.397 3.33673 1.6548 -0.545058,-3.15552 14.4071 -0.415276 0.112331,0
140,9,141,5,-265.504 3.67714 -8.94933 6.2033,-3.26094 14.4235 1.49685 -1.06465,0
140,9,141,6,-265.504 3.64412 -6.43994 4.60079,-3.26094 14.2939 1.30653 -0.960171,0
140,9,141,7,-265.504 3.62446 -3.96979 3.02415,-3.26094 14.2168 0.962299 -0.754189,0
140,9,141,8,-265.504 3.61838 -1.54196 1.47625,-3.26094 14.193 0.462334 -0.445744,0
140,9,141,9,-265.504 3.62595 0.840956 -0.0403831,-3.26094 14.2227 -0.193345 -0.0351204,0
140,10,141,6,-264.61 3.96424 -9.76863 6.71555,-3.36635 14.232 1.72498 -1.21132,0
140,10,141,7,-264.61 3.92822 -7.24835 5.10515,-3.36635 14.1027 1.53703 -1.10939,0
140,10,141,8,-264.61 3.90681 -4.77072 3.52277,-3.36635 14.0259 1.19477 -0.90566,0
140,10,141,9,-264.61 3.90028 -2.33888 1.97132,-3.36635 14.0024 0.696414 -0.599195,0
140,10,141,10,-264.61 3.90868 0.0445394 0.453355,-3.36635 14.0326 0.0420186 -0.19032,0
141,0,142,0,-268.942 5.25787 -1.21948 1.09484,12.6716 14.3453 0.474052 -0.428981,0
141,0,142,1,-268.942 5.2739 1.72072 -1.00715,12.6716 14.3891 -0.685021 0.403026,0
141,0,142,2,-268.942 5.30798 4.61464 -3.08092,12.6716 14.482 -1.97989 1.32157,0
141,1,142,0,-268.068 4.9129 -3.12538 2.47186,12.4562 14.3991 1.07162 -0.864955,0
141,1,142,1,-268.068 4.91088 -0.13127 0.334002,12.4562 14.3932 0.061585 -0.132358,0
141,1,142,2,-268.068 4.92605 2.81506 -1.77325,12.4562 14.4376 -1.086 0.68745,0
141,2,142,0,-267.194 4.58419 -5.08501 3.88635,12.2408 14.4953 1.53571 -1.20985,0
141,2,142,1,-267.194 4.56626 -2.03961 1.71311,12.2408 14.4386 0.676834 -0.577611,0
141,2,142,2,-267.194 4.56442 0.957111 -0.427529,12.2408 14.4328 -0.319717 0.141417,0
141,2,142,3,-267.194 4.57869 3.47502 -2.10548,12.2408 14.4779 -1.30445 0.797685,0
141,3,142,0,-266.32 4.26854 -7.09203 5.33516,12.0255 14.635 1.86383 -1.46237,0
141,3,142,1,-266.32 4.23702 -3.99855 3.12743,12.0255 14.527 1.15651 -0.930313,0
141,3,142,2,-266.32 4.22034 -0.954099 0.953906,12.0255 14.4698 0.313079 -0.313023,0
141,3,142,3,-266.32 4.21867 1.61399 -0.758282,12.0255 14.464 -0.519888 0.24233,0
141,3,142,4,-266.32 4.23204 3.94821 -2.25163,12.0255 14.5099 -1.43722 0.83051,0
141,4,142,1,-265.446 4.24887 -6.65951 4.9027,11.8101 14.5676 1.68211 -1.28116,0
141,4,142,2,-265.446 4.21725 -3.56568 2.69472,11.8101 14.4592 0.990769 -0.76474,0
141,4,142,3,-265.446 4.20053 -0.949045 0.949045,11.8101 14.4018 0.311442 -0.311442,1
141,4,142,4,-265.446 4.1989 1.43499 -0.579122,11.8101 14.3963 -0.453332 0.175584,0
141,4,142,5,-265.446 4.21237 3.77004 -2.07341,11.8101 14.4424 -1.36947 0.762198,0
141,5,142,2,-264.572 4.45309 -6.67357 4.69292,11.5947 14.4329 1.64925 -1.18163,0
141,5,142,3,-264.572 4.41969 -4.00516 2.91215,11.5947 14.3247 1.12217 -0.829625,0
141,5,142,4,-264.572 4.40206 -1.5698 1.34866,11.5947 14.2675 0.510933 -0.444572,0
141,5,142,5,-264.572 4.40038 0.816126 -0.181354,11.5947 14.2621 -0.25225 0.0407041,0
141,5,142,6,-264.572 4.41468 3.15059 -1.67588,11.5947 14.3084 -1.1668 0.625564,0
141,6,142,3,-263.699 4.65417 -7.11046 4.90911,11.3794 14.2955 1.78625 -1.24914,0
141,6,142,4,-263.699 4.61899 -4.62136 3.30944,11.3794 14.1874 1.32739 -0.965538,0
141,6,142,5,-263.699 4.60043 -2.18161 1.74248,11.3794 14.1304 0.717702 -0.582206,0
141,6,142,6,-263.699 4.59872 0.206205 0.210613,11.3794 14.1251 -0.0439289 -0.0986442,0
141,6,142,7,-263.699 4.61386 2.54007 -1.28416,11.3794 14.1716 -0.956892 0.484479,0
141,7,142,4,-262.825 4.85207 -7.72452 5.30566,11.164 14.1553 1.99717 -1.38783,0
141,7,142,5,-262.825 4.8151 -5.22856 3.70091,11.164 14.0474 1.53978 -1.1059,0
141,7,142,6,-262.825 4.79563 -2.7844 2.13046,11.164 13.9906 0.931571 -0.724235,0
141,7,142,7,-262.825 4.79388 -0.394681 0.596725,11.164 13.9855 0.171454 -0.242349,0
141,7,142,8,-262.825 4.80987 1.93859 -0.898293,11.164 14.0321 -0.739927 0.339052,0
141,8,142,5,-261.951 5.04675 -8.32952 5.69637,10.9486 14.0124 2.21519 -1.53094,0
141,8,142,6,-261.951 5.00799 -5.82665 4.0865,10.9486 13.9047 1.75916 -1.25061,0
141,8,142,7,-261.951 4.9876 -3.37807 2.51254,10.9486 13.8481 1.15236 -0.870545,0
141,8,142,8,-261.951 4.98582 -0.986444 0.976929,10.9486 13.8432 0.393723 -0.3903,0
141,8,142,9,-261.951 5.00267 1.34622 -0.51834,10.9486 13.89 -0.51608 0.189395,0
141,9,142,6,-261.077 5.23818 -8.92537 6.08117,10.7333 13.8669 2.44014 -1.67836,0
141,9,142,7,-261.077 5.19762 -6.41557 4.46616,10.7333 13.7595 1.98536 -1.39954,0
141,9,142,8,-261.077 5.17632 -3.96254 2.88868,10.7333 13.7031 1.3799 -1.02103,0
141,9,142,9,-261.077 5.17452 -1.569 1.35117,10.7333 13.6983 0.622698 -0.542383,0
141,9,142,10,-261.077 5.19223 0.763052 -0.144351,10.7333 13.7452 -0.285531 0.0356218,0
141,10,142,7,-260.203 5.42632 -9.51198 6.46002,10.5179 13.7188 2.67183 -1.82997,0
141,10,142,8,-260.203 5.38397 -6.99521 4.83985,10.5179 13.6117 2.2182 -1.55259,0
141,10,142,9,-260.203 5.36175 -4.53773 3.25882,10.5179 13.5556 1.614 -1.17556,0
141,10,142,10,-260.203 5.35993 -2.14226 1.71941,10.5179 13.551 0.8582 -0.698485,0
142,0,143,0,-263.808 6.06651 2.58357 -1.78421,27.0619 13.9218 -1.20846 0.832094,0
142,0,143,1,-263.808 6.11008 4.96456 -3.37198,27.0619 14.0217 -2.50299 1.6953,0
142,0,143,2,-263.808 6.1743 7.2039 -4.83876,27.0619 14.1691 -3.90605 2.61962,0
142,1,143,0,-262.954 5.60242 0.990569 -0.581348,26.7786 13.9995 -0.415135 0.244348,0
142,1,143,1,-262.954 5.6234 3.43708 -2.21206,26.7786 14.052 -1.56614 1.01156,0
142,1,143,2,-262.954 5.66408 5.74445 -3.72333,26.7786 14.1536 -2.83093 1.84334,0
142,2,143,0,-262.1 5.15748 -0.661379 0.661296,26.4953 14.112 0.259585 -0.259554,0
142,2,143,1,-262.1 5.1585 1.84579 -1.0101,26.4953 14.1148 -0.742777 0.40867,0
142,2,143,2,-262.1 5.17798 4.21682 -2.56383,26.4953 14.1681 -1.8626 1.14383,0
142,3,143,0,-261.246 5.15743 -3.22393 2.36966,26.2119 14.1119 1.11 -0.826497,0
142,3,143,1,-261.246 5.13994 -0.658881 0.658881,26.2119 14.064 0.258611 -0.258611,1
142,3,143,2,-261.246 5.141 1.77037 -0.934635,26.2119 14.0669 -0.71108 0.376851,0
142,3,143,3,-261.246 5.16057 4.14125 -2.48832,26.2119 14.1205 -1.83123 1.11208,0
142,4,143,0,-260.392 5.3608 -6.21416 4.30229,25.9286 14.0933 1.94764 -1.36225,0
142,4,143,1,-260.392 5.32359 -3.58885 2.55097,25.9286 13.9955 1.24576 -0.89388,0
142,4,143,2,-260.392 5.30544 -1.09999 0.917034,25.9286 13.9478 0.426971 -0.358746,0
142,4,143,3,-260.392 5.30657 1.32951 -0.676806,25.9286 13.9508 -0.542633 0.276551,0
142,4,143,4,-260.392 5.32694 3.69885 -2.22973,25.9286 14.0043 -1.6626 1.01159,0
142,5,143,1,-259.537 5.52617 -6.57762 4.48292,25.6453 13.9748 2.08749 -1.43155,0
142,5,143,2,-259.537 5.48758 -4.02698 2.80766,25.6453 13.8772 1.41819 -0.99601,0
142,5,143,3,-259.537 5.46878 -1.53606 1.17231,25.6453 13.8296 0.59937 -0.461007,0
142,5,143,4,-259.537 5.46998 0.893692 -0.421852,25.6453 13.8327 -0.37015 0.17413,0
142,5,143,5,-259.537 5.49116 3.26146 -1.97402,25.6453 13.8862 -1.48991 0.908968,0
142,6,143,2,-258.683 5.68936 -7.01452 4.73918,25.3619 13.8543 2.26409 -1.5357,0
142,6,143,3,-258.683 5.64939 -4.46003 3.06144,25.3619 13.757 1.5946 -1.10024,0
142,6,143,4,-258.683 5.62994 -1.96704 1.42469,25.3619 13.7096 0.77573 -0.56535,0
142,6,143,5,-258.683 5.63121 0.462945 -0.169795,25.3619 13.7127 -0.193708 0.0696293,0
142,6,143,6,-258.683 5.6532 2.82914 -1.72119,25.3619 13.7663 -1.31324 0.80426,0
142,7,143,3,-257.829 5.85034 -7.44631 4.99253,25.0786 13.732 2.44464 -1.64193,0
142,7,143,4,-257.829 5.809 -4.88796 3.3123,25.0786 13.6349 1.77492 -1.20652,0
142,7,143,5,-257.829 5.78889 -2.39291 1.67415,25.0786 13.5877 0.955973 -0.671735,0
142,7,143,6,-257.829 5.79025 0.0373134 0.0793475,25.0786 13.5909 -0.013386 -0.0369097,0
142,7,143,7,-257.829 5.81305 2.40192 -1.47128,25.0786 13.6444 -1.13267 0.697508,0
142,8,143,4,-256.975 6.00911 -7.87294 5.24294,24.7953 13.6078 2.62905 -1.75019,0
142,8,143,5,-256.975 5.96638 -5.31072 3.56023,24.7953 13.5111 1.95906 -1.31481,0
142,8,143,6,-256.975 5.94563 -2.81362 1.92066,24.7953 13.4641 1.14002 -0.780118,0
142,8,143,7,-256.975 5.94706 -0.383159 0.325551,24.7953 13.4673 0.170736 -0.145443,0
142,8,143,8,-256.975 5.97068 1.97986 -1.2243,24.7953 13.5208 -0.948293 0.588753,0
142,9,143,5,-256.12 6.16562 -8.29437 5.4904,24.5119 13.4819 2.81725 -1.86045,0
142,9,143,6,-256.12 6.12152 -5.72828 3.80519,24.5119 13.3854 2.14695 -1.42508,0
142,9,143,7,-256.12 6.10012 -3.22912 2.16422,24.5119 13.3386 1.32779 -0.890456,0
142,9,143,8,-256.12 6.10164 -0.798432 0.568795,24.5119 13.3419 0.358577 -0.255929,0
142,9,143,9,-256.12 6.12608 1.56298 -0.980271,24.5119 13.3954 -0.760173 0.478039,0
142,10,143,6,-255.266 6.31988 -8.71055 5.73487,24.2286 13.3541 3.00915 -1.97266,0
142,10,143,7,-255.266 6.2744 -6.1406 4.04718,24.2286 13.258 2.3385 -1.53726,0
142,10,143,8,-255.266 6.25235 -3.63938 2.4048,24.2286 13.2114 1.5192 -1.00271,0
142,10,143,9,-255.266 6.25396 -1.20847 0.809064,24.2286 13.2148 0.55006 -0.368325,0
142,10,143,10,-255.266 6.27921 1.15133 -0.739215,24.2286 13.2682 -0.568395 0.365407,0
143,0,144,0,-256.943 5.81567 -0.401099 0.401053,40.6073 13.8455 0.175393 -0.175374,0
143,0,144,1,-256.943 5.81993 2.05621 -1.23705,40.6073 13.8557 -0.944498 0.571177,0
143,0,144,2,-256.943 5.84501 4.43031 -2.81277,40.6073 13.9154 -2.20364 1.40742,0
143,1,144,0,-256.106 5.81893 -2.92144 2.08136,40.276 13.8533 1.14629 -0.822668,0
143,1,144,1,-256.106 5.8023 -0.40004 0.40004,40.276 13.8137 0.174933 -0.174933,1
143,1,144,2,-256.106 5.80659 2.03799 -1.21882,40.276 13.8239 -0.936392 0.562992,0
143,1,144,3,-256.106 5.83174 4.41184 -2.79436,40.276 13.8838 -2.196 1.39953,0
143,2,144,0,-255.269 5.9214 -5.66248 3.88314,39.9446 13.8774 2.03544 -1.40462,0
143,2,144,1,-255.269 5.88347 -3.07623 2.15828,39.9446 13.7886 1.21161 -0.855093,0
143,2,144,2,-255.269 5.8666 -0.573447 0.495828,39.9446 13.749 0.248951 -0.21609,0
143,2,144,3,-255.269 5.87097 1.86444 -1.12296,39.9446 13.7592 -0.862491 0.521916,0
143,2,144,4,-255.269 5.89653 4.23736 -2.69798,39.9446 13.8191 -2.12229 1.35861,0
143,3,144,1,-254.432 5.98597 -5.8174 3.96016,39.6133 13.8124 2.10127 -1.43721,0
143,3,144,2,-254.432 5.94747 -3.24908 2.2538,39.6133 13.7235 1.28623 -0.896528,0
143,3,144,3,-254.432 5.93035 -0.745663 0.590971,39.6133 13.684 0.323526 -0.25752,0
143,3,144,4,-254.432 5.9348 1.69207 -1.02775,39.6133 13.6943 -0.788034 0.480569,0
143,3,144,5,-254.432 5.96077 4.06405 -2.60225,39.6133 13.7542 -2.04802 1.31742,0
143,4,144,2,-253.595 6.05 -5.99046 4.05587,39.2819 13.747 2.17643 -1.47885,0
143,4,144,3,-253.595 6.01092 -3.42073 2.34868,39.2819 13.6582 1.3614 -0.938231,0
143,4,144,4,-253.595 5.99355 -0.916686 0.685467,39.2819 13.6187 0.398649 -0.299216,0
143,4,144,5,-253.595 5.99809 1.52089 -0.933184,39.2819 13.629 -0.713029 0.438955,0
143,4,144,6,-253.595 6.02447 3.89194 -2.50716,39.2819 13.689 -1.97319 1.27596,0
143,5,144,3,-252.759 6.11347 -6.16232 4.15094,38.9506 13.6813 2.25213 -1.52075,0
143,5,144,4,-252.759 6.07382 -3.59119 2.44292,38.9506 13.5926 1.43712 -0.980198,0
143,5,144,5,-252.759 6.05621 -1.08651 0.779316,38.9506 13.5532 0.47431 -0.341175,0
143,5,144,6,-252.759 6.06083 1.3509 -0.839264,38.9506 13.5635 -0.637483 0.397078,0
143,5,144,7,-252.759 6.08763 3.72102 -2.41272,38.9506 13.6235 -1.89783 1.23424,0
143,6,144,4,-251.922 6.1764 -6.33299 4.24535,38.6192 13.6154 2.32838 -1.56292,0
143,6,144,5,-251.922 6.13617 -3.76045 2.5365,38.6192 13.5267 1.51337 -1.02243,0
143,6,144,6,-251.922 6.11831 -1.25515 0.872515,38.6192 13.4874 0.550503 -0.383392,0
143,6,144,7,-251.922 6.12302 1.18212 -0.745994,38.6192 13.4977 -0.561407 0.354942,0
143,6,144,8,-251.922 6.15024 3.55129 -2.31892,38.6192 13.5577 -1.82193 1.19225,0
143,7,144,5,-251.085 6.23879 -6.50247 4.33912,38.2879 13.5492 2.40516 -1.60535,0
143,7,144,6,-251.085 6.19798 -3.92851 2.62943,38.2879 13.4606 1.59014 -1.06491,0
143,7,144,7,-251.085 6.17987 -1.42258 0.965064,38.2879 13.4213 0.627219 -0.425864,0
143,7,144,8,-251.085 6.18466 1.01453 -0.653372,38.2879 13.4317 -0.484808 0.312553,0
143,7,144,9,-251.085 6.2123 3.38275 -2.22577,38.2879 13.4917 -1.7455 1.15001,0
143,8,144,6,-250.248 6.30062 -6.67075 4.43224,37.9565 13.4827 2.48245 -1.64803,0
143,8,144,7,-250.248 6.25923 -4.09537 2.72172,37.9565 13.3942 1.66743 -1.10764,0
143,8,144,8,-250.248 6.24088 -1.58881 1.05696,37.9565 13.3549 0.704448 -0.468585,0
143,8,144,9,-250.248 6.24576 0.848135 -0.561399,37.9565 13.3654 -0.407693 0.269912,0
143,8,144,10,-250.248 6.27382 3.21541 -2.13327,37.9565 13.4254 -1.66855 1.10752,0
143,9,144,7,-249.412 6.3619 -6.83782 4.52471,37.6252 13.416 2.56027 -1.69096,0
143,9,144,8,-249.412 6.31994 -4.26103 2.81335,37.6252 13.3275 1.74523 -1.15062,0
143,9,144,9,-249.412 6.30134 -1.75383 1.14821,37.6252 13.2883 0.782183 -0.511552,0
143,9,144,10,-249.412 6.3063 0.682949 -0.470079,37.6252 13.2988 -0.330074 0.227028,0
143,10,144,8,-248.575 6.42263 -7.0037 4.61653,37.2938 13.349 2.63859 -1.73413,0
143,10,144,9,-248.575 6.38009 -4.42549 2.90433,37.2938 13.2606 1.82352 -1.19385,0
143,10,144,10,-248.575 6.36124 -1.91765 1.2388,37.2938 13.2214 0.860416 -0.554761,0
144,0,145,0,-251.127 6.22271 2.26757 -1.45952,54.4529 13.6836 -1.11897 0.721883,0
144,0,145,1,-251.127 6.25289 4.61308 -3.01919,54.4529 13.7499 -2.45127 1.6082,0
144,0,145,2,-251.127 6.30498 6.89214 -4.53431,54.4529 13.8645 -3.92774 2.59052,0
144,1,145,0,-250.303 6.2073 -0.156188 0.156188,54.0897 13.6497 0.0721117 -0.0721117,1
144,1,145,1,-250.303 6.21527 2.25659 -1.44854,54.0897 13.6672 -1.11393 0.716801,0
144,1,145,2,-250.303 6.24549 4.60195 -3.00809,54.0897 13.7337 -2.44646 1.60327,0
144,2,145,0,-249.48 6.23345 -2.68596 1.83636,53.7265 13.6562 1.1336 -0.776878,0
144,2,145,1,-249.48 6.21902 -0.205445 0.186293,53.7265 13.6246 0.0947041 -0.0859785,0
144,2,145,2,-249.48 6.22702 2.20725 -1.41838,53.7265 13.6421 -1.0914 0.702975,0
144,2,145,3,-249.48 6.25738 4.55225 -2.97772,53.7265 13.7086 -2.42408 1.58955,0
144,3,145,0,-248.657 6.28203 -5.28343 3.56178,53.3633 13.7115 2.04869 -1.38409,0
144,3,145,1,-248.657 6.24517 -2.73524 1.86649,53.3633 13.631 1.15617 -0.790721,0
144,3,145,2,-248.657 6.23068 -0.254554 0.216309,53.3633 13.5994 0.117305 -0.0998477,0
144,3,145,3,-248.657 6.23872 2.15805 -1.38831,53.3633 13.617 -1.06886 0.689146,0
144,3,145,4,-248.657 6.26921 4.50271 -2.94744,53.3633 13.6835 -2.4017 1.57583,0
144,4,145,1,-247.833 6.29384 -5.33299 3.5921,53.0001 13.6864 2.07114 -1.39785,0
144,4,145,2,-247.833 6.25682 -2.78438 1.89653,53.0001 13.6059 1.17874 -0.804566,0
144,4,145,3,-247.833 6.24228 -0.303516 0.246236,53.0001 13.5743 0.139914 -0.113719,0
144,4,145,4,-247.833 6.25036 2.109 -1.35834,53.0001 13.5918 -1.04631 0.675316,0
144,4,145,5,-247.833 6.28098 4.45331 -2.91725,53.0001 13.6584 -2.3793 1.5621,0
144,5,145,2,-247.01 6.30559 -5.38241 3.62233,52.6369 13.6613 2.09359 -1.4116,0
144,5,145,3,-247.01 6.26842 -2.83336 1.92648,52.6369 13.5808 1.20132 -0.818413,0
144,5,145,4,-247.01 6.25382 -0.35233 0.276073,52.6369 13.5491 0.162531 -0.127593,0
144,5,145,5,-247.01 6.26194 2.0601 -1.32845,52.6369 13.5667 -1.02375 0.661483,0
144,5,145,6,-247.01 6.2927 4.40406 -2.88715,52.6369 13.6333 -2.3569 1.54838,0
144,6,145,3,-246.186 6.31729 -5.43168 3.65247,52.2737 13.6362 2.11606 -1.42536,0
144,6,145,4,-246.186 6.27996 -2.8822 1.95634,52.2737 13.5556 1.22391 -0.832262,0
144,6,145,5,-246.186 6.2653 -0.400994 0.30582,52.2737 13.524 0.185155 -0.141469,0
144,6,145,6,-246.186 6.27346 2.01134 -1.29865,52.2737 13.5416 -1.00119 0.647648,0
144,6,145,7,-246.186 6.30436 4.35495 -2.85713,52.2737 13.6083 -2.33449 1.53465,0
144,7,145,4,-245.363 6.32892 -5.4808 3.68252,51.9105 13.611 2.13853 -1.43912,0
144,7,145,5,-245.363 6.29144 -2.93089 1.98611,51.9105 13.5304 1.24651 -0.846114,0
144,7,145,6,-245.363 6.27673 -0.449512 0.335479,51.9105 13.4988 0.207787 -0.155347,0
144,7,145,7,-245.363 6.28493 1.96273 -1.26894,51.9105 13.5164 -0.978617 0.633811,0
144,7,145,8,-245.363 6.31595 4.306 -2.82721,51.9105 13.5832 -2.31207 1.52092,0
144,8,145,5,-244.539 6.3405 -5.52977 3.71248,51.5473 13.5859 2.16101 -1.45288,0
144,8,145,6,-244.539 6.30287 -2.97943 2.0158,51.5473 13.5053 1.26912 -0.859967,0
144,8,145,7,-244.539 6.28809 -0.497882 0.365047,51.5473 13.4736 0.230426 -0.169226,0
144,8,145,8,-244.539 6.29633 1.91427 -1.23932,51.5473 13.4913 -0.956039 0.619973,0
144,8,145,9,-244.539 6.3275 4.25718 -2.79738,51.5473 13.558 -2.28964 1.50719,0
144,9,145,6,-243.716 6.35202 -5.5786 3.74236,51.1841 13.5608 2.18349 -1.46664,0
144,9,145,7,-243.716 6.31423 -3.02783 2.04539,51.1841 13.4801 1.29173 -0.873822,0
144,9,145,8,-243.716 6.2994 -0.546102 0.394525,51.1841 13.4484 0.253071 -0.183107,0
144,9,145,9,-243.716 6.30768 1.86596 -1.20979,51.1841 13.4661 -0.933454 0.606133,0
144,9,145,10,-243.716 6.33898 4.20852 -2.76763,51.1841 13.5329 -2.26721 1.49346,0
144,10,145,7,-242.892 6.36348 -5.62728 3.77214,50.8209 13.5356 2.20599 -1.48041,0
144,10,145,8,-242.892 6.32554 -3.07608 2.0749,50.8209 13.4549 1.31435 -0.887678,0
144,10,145,9,-242.892 6.31065 -0.594179 0.423916,50.8209 13.4233 0.275725 -0.19699,0
144,10,145,10,-242.892 6.31897 1.8178 -1.18035,50.8209 13.441 -0.910862 0.592292,0
145,0,146,0,-244.096 6.36004 -0.148029 0.148029,67.7394 13.5702 0.0703674 -0.0703674,1
145,0,146,1,-244.096 6.37078 2.26495 -1.46147,67.7394 13.5931 -1.15004 0.743647,0
145,0,146,2,-244.096 6.40433 4.60902 -3.02487,67.7394 13.6647 -2.51615 1.65472,0
145,1,146,0,-243.28 6.3816 -2.64983 1.81225,67.3598 13.5871 1.15345 -0.790708,0
145,1,146,1,-243.28 6.3694 -0.167521 0.156355,67.3598 13.5611 0.0794769 -0.0742377,0
145,1,146,2,-243.28 6.38017 2.24541 -1.45313,67.3598 13.5841 -1.14093 0.739783,0
145,1,146,3,-243.28 6.41379 4.58936 -3.01646,67.3598 13.6556 -2.50706 1.65088,0
145,2,146,0,-242.464 6.42607 -5.2208 3.52271,66.9802 13.6526 2.09093 -1.41405,0
145,2,146,1,-242.464 6.39098 -2.66935 1.82058,66.9802 13.578 1.16257 -0.794579,0
145,2,146,2,-242.464 6.37876 -0.186994 0.164671,66.9802 13.552 0.0886003 -0.0781156,0
145,2,146,3,-242.464 6.38955 2.2259 -1.44479,66.9802 13.575 -1.13181 0.735911,0
145,2,146,4,-242.464 6.42323 4.56971 -3.00806,66.9802 13.6465 -2.49795 1.64702,0
145,3,146,1,-241.648 6.43551 -5.24043 3.53111,66.6006 13.6434 2.10005 -1.41791,0
145,3,146,2,-241.648 6.40034 -2.68885 1.82891,66.6006 13.5689 1.1717 -0.798457,0
145,3,146,3,-241.648 6.3881 -0.206447 0.172978,66.6006 13.5429 0.0977374 -0.0820011,0
145,3,146,4,-241.648 6.39891 2.2064 -1.43646,66.6006 13.5659 -1.12268 0.732032,0
145,3,146,5,-241.648 6.43267 4.55008 -2.99967,66.6006 13.6374 -2.48883 1.64317,0
145,4,146,2,-240.832 6.44494 -5.26005 3.53949,66.2209 13.6343 2.10919 -1.42177,0
145,4,146,3,-240.832 6.4097 -2.70833 1.83723,66.2209 13.5598 1.18085 -0.802343,0
145,4,146,4,-240.832 6.39743 -0.225879 0.181276,66.2209 13.5338 0.106888 -0.0858941,0
145,4,146,5,-240.832 6.40827 2.18693 -1.42814,66.2209 13.5567 -1.11354 0.728146,0
145,4,146,6,-240.832 6.44209 4.53047 -2.99128,66.2209 13.6283 -2.4797 1.6393,0
145,5,146,3,-240.016 6.45436 -5.27964 3.54787,65.8413 13.6252 2.11834 -1.42565,0
145,5,146,4,-240.016 6.41905 -2.72779 1.84554,65.8413 13.5507 1.19001 -0.806237,0
145,5,146,5,-240.016 6.40676 -0.245292 0.189565,65.8413 13.5247 0.116053 -0.0897946,0
145,5,146,6,-240.016 6.41761 2.16747 -1.41983,65.8413 13.5476 -1.10437 0.724251,0
145,5,146,7,-240.016 6.45151 4.51088 -2.98291,65.8413 13.6192 -2.47055 1.63542,0
145,6,146,4,-239.2 6.46377 -5.29922 3.55623,65.4617 13.6161 2.1275 -1.42953,0
145,6,146,5,-239.2 6.42839 -2.74722 1.85384,65.4617 13.5415 1.19918 -0.810138,0
145,6,146,6,-239.2 6.41607 -0.264685 0.197844,65.4617 13.5156 0.125231 -0.0937026,0
145,6,146,7,-239.2 6.42695 2.14803 -1.41153,65.4617 13.5385 -1.0952 0.72035,0
145,6,146,8,-239.2 6.46091 4.49131 -2.97455,65.4617 13.61 -2.46139 1.63154,0
145,7,146,5,-238.384 6.47316 -5.31877 3.56459,65.0821 13.6069 2.13668 -1.43342,0
145,7,146,6,-238.384 6.43771 -2.76664 1.86214,65.0821 13.5324 1.20837 -0.814047,0
145,7,146,7,-238.384 6.42537 -0.284057 0.206114,65.0821 13.5065 0.134423 -0.0976181,0
145,7,146,8,-238.384 6.43627 2.12862 -1.40324,65.0821 13.5294 -1.08601 0.716441,0
145,7,146,9,-238.384 6.4703 4.47176 -2.96619,65.0821 13.6009 -2.45222 1.62765,0
145,8,146,6,-237.568 6.48255 -5.33831 3.57294,64.7025 13.5978 2.14587 -1.43731,0
145,8,146,7,-237.568 6.44703 -2.78604 1.87042,64.7025 13.5233 1.21757 -0.817963,0
145,8,146,8,-237.568 6.43466 -0.30341 0.214374,64.7025 13.4973 0.143628 -0.101541,0
145,8,146,9,-237.568 6.44558 2.10922 -1.39496,64.7025 13.5202 -1.07681 0.712524,0
145,8,146,10,-237.568 6.47968 4.45223 -2.95784,64.7025 13.5918 -2.44303 1.62376,0
145,9,146,7,-236.752 6.49192 -5.35782 3.58128,64.3229 13.5886 2.15507 -1.44122,0
145,9,146,8,-236.752 6.45633 -2.80542 1.87869,64.3229 13.5141 1.22679 -0.821886,0
145,9,146,9,-236.752 6.44394 -0.322742 0.222625,64.3229 13.4882 0.152848 -0.105472,0
145,9,146,10,-236.752 6.45489 2.08985 -1.38669,64.3229 13.5111 -1.0676 0.708601,0
145,10,146,8,-235.936 6.50129 -5.37732 3.58961,63.9433 13.5795 2.16429 -1.44513,0
145,10,146,9,-235.936 6.46562 -2.82478 1.88696,63.9433 13.505 1.23602 -0.825818,0
145,10,146,10,-235.936 6.45321 -0.342055 0.230867,63.9433 13.479 0.16208 -0.10941,0
146,0,147,0,-237.736 6.50458 -0.506913 0.506913,81.3096 13.4926 0.256332 -0.256332,1
146,0,147,1,-237.736 6.51156 1.95515 -1.15624,81.3096 13.5071 -1.02353 0.608376,0
146,0,147,2,-237.736 6.54193 4.34602 -2.77158,81.3096 13.5701 -2.44797 1.56917,0
146,1,147,0,-236.922 6.50997 -2.96919 2.14958,80.9261 13.511 1.35337 -0.988245,0
146,1,147,1,-236.922 6.49349 -0.435046 0.437812,80.9261 13.4767 0.21875 -0.220083,0
146,1,147,2,-236.922 6.50048 2.02714 -1.22547,80.9261 13.4913 -1.06087 0.644351,0
146,1,147,3,-236.922 6.53087 4.4183 -2.84113,80.9261 13.5543 -2.48538 1.60512,0
146,2,147,0,-236.108 6.53871 -5.50335 3.84078,80.5427 13.5778 2.30585 -1.6241,0
146,2,147,1,-236.108 6.49889 -2.89729 2.08043,80.5427 13.4951 1.31564 -0.951888,0
146,2,147,2,-236.108 6.4824 -0.36319 0.368715,80.5427 13.4609 0.181591 -0.184253,0
146,2,147,3,-236.108 6.4894 2.09911 -1.2947,80.5427 13.4754 -1.09778 0.679907,0
146,2,147,4,-236.108 6.51983 4.49056 -2.91068,80.5427 13.5386 -2.52237 1.64065,0
146,3,147,1,-235.293 6.52766 -5.43125 3.77139,80.1592 13.562 2.26767 -1.58739,0
146,3,147,2,-235.293 6.48782 -2.8254 2.01128,80.1592 13.4793 1.27834 -0.91595,0
146,3,147,3,-235.293 6.47132 -0.291347 0.299625,80.1592 13.445 0.144854 -0.148841,0
146,3,147,4,-235.293 6.47833 2.17107 -1.36391,80.1592 13.4595 -1.13428 0.715045,0
146,3,147,5,-235.293 6.50879 4.56281 -2.98021,80.1592 13.5228 -2.55893 1.67576,0
146,4,147,2,-234.479 6.51663 -5.35916 3.70201,79.7758 13.5463 2.22992 -1.55109,0
146,4,147,3,-234.479 6.47675 -2.75352 1.94214,79.7758 13.4634 1.24147 -0.88043,0
146,4,147,4,-234.479 6.46024 -0.21952 0.230543,79.7758 13.4291 0.108538 -0.113847,0
146,4,147,5,-234.479 6.46727 2.24301 -1.43312,79.7758 13.4437 -1.17035 0.749765,0
146,4,147,6,-234.479 6.49776 4.63503 -3.04974,79.7758 13.5071 -2.59508 1.71045,0
146,5,147,3,-233.665 6.5056 -5.28707 3.63263,79.3923 13.5305 2.19258 -1.51521,0
146,5,147,4,-233.665 6.4657 -2.68166 1.873,79.3923 13.4476 1.20501 -0.845329,0
146,5,147,5,-233.665 6.44917 -0.14771 0.161472,79.3923 13.4132 0.0726447 -0.0792702,0
146,5,147,6,-233.665 6.45621 2.31494 -1.50232,79.3923 13.4278 -1.206 0.784067,0
146,5,147,7,-233.665 6.48673 4.70724 -3.11925,79.3923 13.4913 -2.6308 1.74472,0
146,6,147,4,-232.851 6.49457 -5.215 3.56325,79.0088 13.5148 2.15567 -1.47976,0
146,6,147,5,-232.851 6.45464 -2.60981 1.80388,79.0088 13.4317 1.16898 -0.810644,0
146,6,147,6,-232.851 6.43811 -0.0759205 0.0924139,79.0088 13.3973 0.037172 -0.0451105,0
146,6,147,7,-232.851 6.44516 2.38684 -1.5715,79.0088 13.412 -1.24123 0.817953,0
146,6,147,8,-232.851 6.47571 4.77943 -3.18875,79.0088 13.4755 -2.6661 1.77858,0
146,7,147,5,-232.037 6.48355 -5.14295 3.49389,78.6254 13.499 2.11918 -1.44472,0
146,7,147,6,-232.037 6.4436 -2.53798 1.73477,78.6254 13.4158 1.13337 -0.776377,0
146,7,147,7,-232.037 6.42706 -0.00415314 0.0233714,78.6254 13.3814 0.00211982 -0.0113673,0
146,7,147,8,-232.037 6.43412 2.45872 -1.64066,78.6254 13.3961 -1.27604 0.851422,0
146,7,147,9,-232.037 6.4647 4.85159 -3.25822,78.6254 13.4598 -2.70097 1.81202,0
146,8,147,6,-231.222 6.47254 -5.07092 3.42453,78.2419 13.4833 2.08311 -1.41009,0
146,8,147,7,-231.222 6.43256 -2.46618 1.66567,78.2419 13.4 1.09817 -0.742527,0
146,8,147,8,-231.222 6.41601 0.0675897 -0.0456534,78.2419 13.3655 -0.0325123 0.0219598,0
146,8,147,9,-231.222 6.42308 2.53057 -1.70981,78.2419 13.3802 -1.31043 0.884474,0
146,8,147,10,-231.222 6.45369 4.92372 -3.32768,78.2419 13.444 -2.73543 1.84504,0
146,9,147,7,-230.408 6.46154 -4.9989 3.35519,77.8585 13.4675 2.04747 -1.37589,0
146,9,147,8,-230.408 6.42153 -2.3944 1.59659,77.8585 13.3841 1.0634 -0.709092,0
146,9,147,9,-230.408 6.40497 0.139306 -0.114658,77.8585 13.3496 -0.0667248 0.0548713,0
146,9,147,10,-230.408 6.41205 2.60239 -1.77893,77.8585 13.3643 -1.3444 0.917112,0
146,10,147,8,-229.594 6.45055 -4.92691 3.28587,77.475 13.4517 2.01224 -1.3421,0
146,10,147,9,-229.594 6.4105 -2.32264 1.52754,77.475 13.3682 1.02905 -0.676074,0
146,10,147,10,-229.594 6.39394 0.210993 -0.183641,77.475 13.3337 -0.100518 0.0873677,0
147,0,148,0,-231.232 7.05006 -4.43294 3.62541,94.8022 13.3091 2.47012 -2.07279,0
147,0,148,1,-231.232 7.02471 -2.00312 2.00312,94.8022 13.2612 1.27352 -1.27352,1
147,0,148,2,-231.232 7.02458 0.642221 0.140089,94.8022 13.261 -0.280318 -0.164626,0
147,0,148,3,-231.232 7.04967 3.21217 -1.67277,94.8022 13.3084 -1.96654 1.02904,0
147,1,148,0,-230.426 7.01051 -6.80604 5.23217,94.4015 13.3948 3.45493 -2.74261,0
147,1,148,1,-230.426 6.96055 -4.29478 3.55304,94.4015 13.2993 2.39631 -2.03373,0
147,1,148,2,-230.426 6.9354 -1.56791 1.63351,94.4015 13.2512 0.981961 -1.0165,0
147,1,148,3,-230.426 6.93531 1.08158 -0.233712,94.4015 13.2511 -0.563959 0.0844003,0
147,1,148,4,-230.426 6.96029 3.6568 -2.05173,94.4015 13.2988 -2.24361 1.27114,0
147,2,148,1,-229.62 6.92093 -6.6679 5.15989,94.0009 13.3849 3.38104 -2.7034,0
147,2,148,2,-229.62 6.87132 -3.85971 3.1835,94.0009 13.289 2.10531 -1.77692,0
147,2,148,3,-229.62 6.84636 -1.12999 1.26091,94.0009 13.2407 0.700363 -0.768885,0
147,2,148,4,-229.62 6.84631 1.52345 -0.610293,94.0009 13.2406 -0.837562 0.323947,0
147,2,148,5,-229.62 6.87118 4.10376 -2.43328,94.0009 13.2887 -2.51056 1.50367,0
147,3,148,2,-228.814 6.83162 -6.23169 4.78928,93.6002 13.3745 3.08909 -2.44558,0
147,3,148,3,-228.814 6.78236 -3.42193 2.81095,93.6002 13.2781 1.82426 -1.52951,0
147,3,148,4,-228.814 6.7576 -0.689578 0.885556,93.6002 13.2296 0.428776 -0.530724,0
147,3,148,5,-228.814 6.75759 1.96758 -0.989414,93.6002 13.2296 -1.10109 0.553969,0
147,3,148,6,-228.814 6.78234 4.55278 -2.81718,93.6002 13.2781 -2.76734 1.72658,0
147,4,148,3,-228.008 6.74259 -5.79274 4.41565,93.1995 13.3636 2.80712 -2.19719,0
147,4,148,4,-228.008 6.69369 -2.98165 2.43565,93.1995 13.2667 1.55323 -1.29156,0
147,4,148,5,-228.008 6.66911 -0.246934 0.507683,93.1995 13.218 0.167243 -0.302063,0
147,4,148,6,-228.008 6.66914 2.41373 -1.37083,93.1995 13.218 -1.35449 0.774428,0
147,4,148,7,-228.008 6.69377 5.00364 -3.20318,93.1995 13.2669 -3.01393 1.93986,0
147,5,148,4,-227.202 6.65383 -5.35127 4.03923,92.7989 13.3521 2.53517 -1.95826,0
147,5,148,5,-227.202 6.60529 -2.53915 2.05783,92.7989 13.2547 1.29224 -1.0631,0
147,5,148,6,-227.202 6.58092 0.197701 0.127537,92.7989 13.2058 -0.0842009 -0.0829394,0
147,5,148,7,-227.202 6.58098 2.86166 -1.75431,92.7989 13.2059 -1.59776 0.985294,0
147,5,148,8,-227.202 6.60549 5.45607 -3.59105,92.7989 13.2551 -3.2503 2.14347,0
147,6,148,5,-226.396 6.56536 -4.90754 3.66026,92.3982 13.3401 2.27329 -1.72885,0
147,6,148,6,-226.396 6.51718 -2.09465 1.67773,92.3982 13.2422 1.04133 -0.844171,0
147,6,148,7,-226.396 6.493 0.644086 -0.254646,92.3982 13.193 -0.325529 0.126617,0
147,6,148,8,-226.396 6.49311 3.31112 -2.1396,92.3982 13.1933 -1.83085 1.18654,0
147,6,148,9,-226.396 6.51749 5.90985 -3.98053,92.3982 13.2428 -3.47643 2.33739,0
147,7,148,6,-225.59 6.47717 -4.46179 3.27898,91.9975 13.3275 2.0215 -1.50899,0
147,7,148,7,-225.59 6.42935 -1.6484 1.29559,91.9975 13.2291 0.800531 -0.634811,0
147,7,148,8,-225.59 6.40538 1.09197 -0.63862,91.9975 13.1797 -0.556716 0.326579,0
147,7,148,9,-225.59 6.40552 3.76185 -2.52646,91.9975 13.18 -2.05376 1.37815,0
147,7,148,10,-225.59 6.42978 6.36471 -4.37139,91.9975 13.23 -3.69232 2.52161,0
147,8,148,7,-224.784 6.38928 -4.01425 2.89563,91.5969 13.3143 1.77984 -1.29872,0
147,8,148,8,-224.784 6.34182 -1.20064 0.911662,91.5969 13.2155 0.569869 -0.435041,0
147,8,148,9,-224.784 6.31805 1.54112 -1.02415,91.5969 13.1659 -0.777747 0.516928,0
147,8,148,10,-224.784 6.31823 4.21363 -2.91466,91.5969 13.1663 -2.26648 1.5601,0
147,9,148,8,-223.979 6.30167 -3.56519 2.51046,91.1962 13.3007 1.54832 -1.09805,0
147,9,148,9,-223.979 6.25458 -0.751627 0.526174,91.1962 13.2013 0.349358 -0.24488,0
147,9,148,10,-223.979 6.23101 1.99129 -1.41098,91.1962 13.1515 -0.988614 0.697654,0
147,10,148,8,-223.173 6.28391 -5.99932 4.15646,90.7955 13.4352 2.37975 -1.6633,0
147,10,148,9,-223.173 6.21436 -3.11484 2.12371,90.7955 13.2865 1.32698 -0.907018,0
147,10,148,10,-223.173 6.16764 -0.301594 0.139371,90.7955 13.1866 0.139007 -0.064341,0
148,0,149,1,-224.989 7.48629 -5.0382 3.53145,108.509 9.94075 3.33085 -2.35793,0
148,0,149,2,-224.989 7.36503 -3.4208 2.6861,108.509 9.77973 2.58499 -2.07271,0
148,0,149,3,-224.989 7.2821 -1.85343 1.85246,108.509 9.66962 1.72664 -1.72591,0
148,0,149,4,-224.989 7.23883 0.239773 0.453328,108.509 9.61216 0.0237907 -0.587264,0
148,0,149,5,-224.989 7.23592 2.74651 -1.39971,108.509 9.6083 -2.41609 1.23482,0
148,1,149,2,-224.207 7.35523 -5.73633 4.22925,108.063 9.76672 3.95818 -2.98771,0
148,1,149,3,-224.207 7.23298 -4.04014 3.30611,108.063 9.60439 3.24625 -2.73511,0
148,1,149,4,-224.207 7.14975 -1.8169 1.8169,108.063 9.49387 1.69311 -1.69311,1
148,1,149,5,-224.207 7.1069 0.810096 -0.116452,108.063 9.43698 -0.586682 0.0219134,0
148,1,149,6,-224.207 7.10517 3.34008 -1.99391,108.063 9.43468 -2.98341 1.79928,0
148,2,149,3,-223.425 6.98545 -5.88063 4.61195,107.618 9.768 4.26416 -3.47144,0
148,2,149,4,-223.425 6.86625 -3.53525 3.03656,107.618 9.60132 2.86702 -2.52929,0
148,2,149,5,-223.425 6.78546 -0.788064 1.02096,107.618 9.48835 0.751039 -0.921992,0
148,2,149,6,-223.425 6.74446 1.85793 -0.933234,107.618 9.43101 -1.47808 0.742801,0
148,2,149,7,-223.425 6.74397 4.40732 -2.83133,107.618 9.43033 -3.83103 2.47477,0
148,3,149,4,-222.643 6.62021 -5.38005 4.34523,107.173 9.75715 3.89932 -3.27222,0
148,3,149,5,-222.643 6.50417 -2.51488 2.24689,107.173 9.58613 1.94786 -1.7714,0
148,3,149,6,-222.643 6.42588 0.247341 0.213757,107.173 9.47074 -0.10974 -0.220081,0
148,3,149,7,-222.643 6.38673 2.90834 -1.7573,107.173 9.41305 -2.28773 1.39394,0
148,3,149,8,-222.643 6.38745 5.4735 -3.67238,107.173 9.4141 -4.59671 3.08021,0
148,4,149,5,-221.86 6.25987 -4.36506 3.5592,106.728 9.73441 2.99456 -2.5212,0
148,4,149,6,-221.86 6.14709 -1.48877 1.44647,106.728 9.55904 1.10928 -1.08221,0
148,4,149,7,-221.86 6.07137 1.2841 -0.599875,106.728 9.44128 -0.889481 0.412644,0
148,4,149,8,-221.86 6.03408 3.95612 -2.58381,106.728 9.38331 -3.0162 1.97568,0
148,4,149,9,-221.86 6.03596 6.5335 -4.51227,106.728 9.38622 -5.28131 3.61621,0
148,5,149,6,-221.078 5.9048 -3.34477 2.76258,106.283 9.70002 2.16964 -1.83837,0
148,5,149,7,-221.078 5.79539 -0.462111 0.640126,106.283 9.52031 0.351 -0.461673,0
148,5,149,8,-221.078 5.72229 2.31706 -1.41514,106.283 9.40021 -1.5888 0.976558,0
148,5,149,9,-221.078 5.68688 4.99617 -3.40804,106.283 9.34204 -3.66441 2.48868,0
148,5,149,10,-221.078 5.68986 7.58227 -5.34633,106.283 9.34695 -5.88604 4.08374,0
148,6,149,7,-220.296 5.55535 -2.32428 1.96016,105.838 9.65425 1.42425 -1.22368,0
148,6,149,8,-220.296 5.44943 0.55999 -0.167392,105.838 9.47017 -0.327634 0.0906168,0
148,6,149,9,-220.296 5.379 3.34115 -2.22732,105.838 9.34778 -2.20866 1.47238,0
148,6,149,10,-220.296 5.34546 6.0235 -4.22534,105.838 9.2895 -4.23363 2.93396,0
148,7,149,8,-219.514 5.21186 -1.30868 1.15666,105.392 9.59734 0.757719 -0.67671,0
148,7,149,9,-219.514 5.10954 1.57251 -0.971403,105.392 9.40891 -0.927621 0.575395,0
148,7,149,10,-219.514 5.04184 4.35142 -3.03182,105.392 9.28425 -2.75039 1.90116,0
148,8,149,8,-218.732 5.00502 -3.27985 2.5525,104.947 9.78438 1.66181 -1.32266,0
148,8,149,9,-218.732 4.87468 -0.302932 0.356712,104.947 9.52957 0.169028 -0.19673,0
148,8,149,10,-218.732 4.77606 2.57054 -1.76734,104.947 9.33678 -1.45031 0.993736,0
148,9,149,8,-217.949 4.82355 -5.34207 4.01401,104.502 10.0324 2.38353 -1.84724,0
148,9,149,9,-217.949 4.66966 -2.27567 1.75229,104.502 9.71235 1.07607 -0.841364,0
148,9,149,10,-217.949 4.54411 0.688111 -0.435153,104.502 9.45124 -0.343182 0.217338,0
148,10,149,8,-217.167 4.66156 -7.48205 5.53379,104.057 10.3411 2.92595 -2.25312,0
148,10,149,9,-217.167 4.48895 -4.3339 3.20905,104.057 9.95817 1.79297 -1.35889,0
148,10,149,10,-217.167 4.34106 -1.28596 0.959788,104.057 9.6301 0.566033 -0.42555,0
149,0,150,0,-219.66 4.09356 -1.45555 1.32319,120.044 5.72679 1.20693 -1.11459,0
149,0,150,1,-219.66 3.9431 0.399386 0.141412,120.044 5.5163 -0.165082 -0.264739,0
149,0,150,2,-219.66 3.85831 2.05933 -0.91106,120.044 5.39769 -1.79892 0.755051,0
149,0,150,3,-219.66 3.84357 3.49955 -1.81383,120.044 5.37706 -3.70025 1.94435,0
149,0,150,4,-219.66 3.89965 4.70783 -2.5555,120.044 5.45552 -5.8595 3.29248,0
149,1,150,1,-219.01 4.42246 -2.58415 1.99478,119.422 5.26472 2.14149 -1.69808,0
149,1,150,2,-219.01 4.25331 -0.665554 0.768033,119.422 5.06336 0.748283 -0.836167,0
149,1,150,3,-219.01 4.15853 1.03501 -0.315056,119.422 4.95053 -0.899129 0.191418,0
149,1,150,4,-219.01 4.14323 2.49098 -1.23302,119.422 4.93231 -2.80563 1.38348,0
149,1,150,5,-219.01 4.20826 3.69033 -1.97471,119.422 5.00973 -4.96064 2.72841,0
149,2,150,2,-218.359 4.70506 -3.60013 2.60006,118.801 4.78721 3.10458 -2.29465,0
149,2,150,3,-218.359 4.51762 -1.6188 1.32887,118.801 4.59649 1.68576 -1.41776,0
149,2,150,4,-218.359 4.41317 0.121431 0.215785,118.801 4.49022 0.0220667 -0.380462,0
149,2,150,5,-218.359 4.39765 1.59204 -0.716604,118.801 4.47442 -1.89046 0.8152,0
149,2,150,6,-218.359 4.47197 2.91969 -1.59588,118.801 4.55004 -4.29272 2.40918,0
149,3,150,3,-217.708 4.94106 -4.5033 3.13914,118.179 4.2986 4.08641 -2.89886,0
149,3,150,4,-217.708 4.73579 -2.46039 1.82419,118.179 4.12002 2.63756 -2.0041,0
149,3,150,5,-217.708 4.62207 -0.68161 0.681832,118.179 4.02108 0.954936 -0.955191,0
149,3,150,6,-217.708 4.60667 0.934951 -0.396633,118.179 4.00769 -1.20603 0.486515,0
149,3,150,7,-217.708 4.69056 2.57807 -1.60095,118.179 4.08067 -4.12976 2.6046,0
149,4,150,4,-217.057 4.81825 -4.66978 3.30032,117.557 4.19176 4.30016 -3.11678,0
149,4,150,5,-217.057 4.60929 -2.5938 1.95599,117.557 4.00997 2.85062 -2.2181,0
149,4,150,6,-217.057 4.49419 -0.663399 0.663399,117.557 3.90983 0.92926 -0.92926,1
149,4,150,7,-217.057 4.48017 1.27269 -0.735979,117.557 3.89764 -1.73567 1.0152,0
149,4,150,8,-217.057 4.56818 2.9499 -1.9785,117.557 3.97421 -4.62975 3.10006,0
149,5,150,5,-216.406 4.41377 -4.25432 3.16124,116.936 4.38828 3.90167 -3.0258,0
149,5,150,6,-216.406 4.2137 -2.04184 1.67152,116.936 4.18937 2.24268 -1.90055,0
149,5,150,7,-216.406 4.10414 0.194817 0.0671351,116.936 4.08044 -0.14803 -0.133569,0
149,5,150,8,-216.406 4.09234 2.16194 -1.3655,116.936 4.06871 -2.76532 1.76279,0
149,5,150,9,-216.406 4.17915 3.87889 -2.64656,116.936 4.15502 -5.63976 3.81826,0
149,6,150,6,-215.756 4.00524 -3.68127 2.86863,116.314 4.55036 3.32559 -2.72279,0
149,6,150,7,-215.756 3.81525 -1.1693 1.06934,116.314 4.33452 1.21636 -1.13038,0
149,6,150,8,-215.756 3.71182 1.08503 -0.558859,116.314 4.21701 -1.09556 0.566395,0
149,6,150,9,-215.756 3.70219 3.07702 -2.01852,116.314 4.20607 -3.6639 2.41301,0
149,6,150,10,-215.756 3.78709 4.83012 -3.33383,116.314 4.30252 -6.51785 4.43785,0
149,7,150,7,-215.105 3.59541 -2.78418 2.25326,115.692 4.67841 2.31993 -1.95618,0
149,7,150,8,-215.105 3.41671 -0.269077 0.439561,115.692 4.44588 0.31882 -0.455199,0
149,7,150,9,-215.105 3.31999 1.99411 -1.20421,115.692 4.32003 -1.91299 1.16981,0
149,7,150,10,-215.105 3.31245 4.00485 -2.68471,115.692 4.31021 -4.43187 2.96584,0
149,8,150,8,-214.454 3.18697 -1.86088 1.61031,115.071 4.77305 1.44186 -1.28375,0
149,8,150,9,-214.454 3.02076 0.645921 -0.207592,115.071 4.52413 -0.449984 0.12436,0
149,8,150,10,-214.454 2.93134 2.90911 -1.85867,115.071 4.39021 -2.60132 1.67696,0
149,9,150,8,-213.803 2.99509 -3.62833 2.91883,114.449 5.20454 2.26776 -1.91948,0
149,9,150,9,-213.803 2.78249 -0.923975 0.949778,114.449 4.83511 0.691161 -0.706102,0
149,9,150,10,-213.803 2.63001 1.563 -0.862024,114.449 4.57015 -1.0914 0.608762,0
149,10,150,8,-213.152 2.81078 -5.49836 4.32238,113.827 5.73554 2.81718 -2.37823,0
149,10,150,9,-213.152 2.57608 -2.6503 2.23172,113.827 5.25663 1.5108 -1.32559,0
149,10,150,10,-213.152 2.38446 0.0142025 0.281535,113.827 4.8656 0.0663356 -0.222768,0
150,0,151,1,-215.699 5.43096 -1.60242 1.50982,125.863 5.05659 2.27932 -2.18165,0
150,0,151,2,-215.699 5.24828 0.0686191 0.395041,125.863 4.88651 0.361218 -0.912274,0
150,0,151,3,-215.699 5.14407 1.48819 -0.546724,125.863 4.78948 -1.75051 0.477686,0
150,0,151,4,-215.699 5.1231 2.63872 -1.3027,125.863 4.76996 -4.06301 1.99091,0
150,0,151,5,-215.699 5.18639 3.51502 -1.86871,125.863 4.82888 -6.5741 3.62428,0
150,1,151,2,-215.176 5.52638 -2.13136 1.79423,125.13 4.69821 2.90272 -2.53281,0
150,1,151,3,-215.176 5.3333 -0.432162 0.661695,125.13 4.53406 0.969312 -1.25406,0
150,1,151,4,-215.176 5.22376 1.00246 -0.289795,125.13 4.44093 -1.15332 0.142903,0
150,1,151,5,-215.176 5.20304 2.15359 -1.04661,125.13 4.42332 -3.4723 1.6607,0
150,1,151,6,-215.176 5.27218 3.01597 -1.60455,125.13 4.4821 -5.98521 3.29603,0
150,2,151,3,-214.654 5.60099 -2.61556 2.05471,124.398 4.34189 3.51807 -2.87798,0
150,2,151,4,-214.654 5.39752 -0.888145 0.904347,124.398 4.18416 1.56828 -1.58927,0
150,2,151,5,-214.654 5.28274 0.561348 -0.0567748,124.398 4.09518 -0.565807 -0.184998,0
150,2,151,6,-214.654 5.26245 1.71255 -0.814096,124.398 4.07945 -2.89127 1.3374,0
150,2,151,7,-214.654 5.33772 2.56018 -1.36341,124.398 4.1378 -5.40541 2.97438,0
150,3,151,4,-214.131 5.65518 -3.05593 2.29178,123.665 3.98877 4.12304 -3.21597,0
150,3,151,5,-214.131 5.44137 -1.30026 1.12351,123.665 3.83796 2.15578 -1.91671,0
150,3,151,6,-214.131 5.32144 0.163912 0.152856,123.665 3.75337 0.0096806 -0.504812,0
150,3,151,7,-214.131 5.30177 1.31465 -0.604622,123.665 3.73949 -2.32224 1.02219,0
150,3,151,8,-214.131 5.38345 2.14665 -1.14472,123.665 3.79711 -4.83698 2.66051,0
150,4,151,5,-213.608 5.68944 -3.45355 2.50603,122.932 3.63995 4.71536 -3.54562,0
150,4,151,6,-213.608 5.46532 -1.66958 1.31978,122.932 3.49657 2.72952 -2.23519,0
150,4,151,7,-213.608 5.34033 -0.190912 0.339675,122.932 3.41661 0.570856 -0.815367,0
150,4,151,8,-213.608 5.32148 0.958802 -0.417598,122.932 3.40454 -1.76747 0.716217,0
150,4,151,9,-213.608 5.40986 1.80337 -0.976963,122.932 3.46109 -4.37048 2.44388,0
150,5,151,6,-213.086 5.70429 -3.80959 2.69812,122.2 3.29651 5.29286 -3.86582,0
150,5,151,7,-213.086 5.46991 -1.99728 1.49377,122.2 3.16106 3.28729 -2.5436,0
150,5,151,8,-213.086 5.33998 -0.504309 0.504322,122.2 3.08597 1.11551 -1.11553,0
150,5,151,9,-213.086 5.32214 0.671638 -0.280205,122.2 3.07567 -1.31369 0.50518,0
150,5,151,10,-213.086 5.41752 2.05325 -1.3836,122.2 3.13079 -5.12274 3.4403,0
150,6,151,7,-212.563 5.56096 -3.84664 2.72938,121.467 3.21368 5.34498 -3.92126,0
150,6,151,8,-212.563 5.32236 -2.0179 1.51283,121.467 3.0758 3.34034 -2.59752,0
150,6,151,9,-212.563 5.19088 -0.490265 0.490265,121.467 2.99981 1.08443 -1.08443,1
150,6,151,10,-212.563 5.17468 1.21168 -0.821893,121.467 2.99045 -2.50038 1.69094,0
150,7,151,8,-212.04 5.07665 -3.19918 2.41712,120.734 3.65858 4.33747 -3.44478,0
150,7,151,9,-212.04 4.84892 -1.35695 1.17622,120.734 3.49446 2.29899 -2.06099,0
150,7,151,10,-212.04 4.72418 0.676408 -0.358814,120.734 3.40457 -1.05198 0.561086,0
150,8,151,8,-211.518 4.85968 -4.55552 3.46774,120.002 4.30472 5.16826 -4.18905,0
150,8,151,9,-211.518 4.56081 -2.45868 2.04335,120.002 4.03998 3.3689 -2.94375,0
150,8,151,10,-211.518 4.34663 -0.122482 0.294921,120.002 3.85026 0.263029 -0.466961,0
150,9,151,8,-210.995 4.63804 -6.00801 4.61917,119.269 5.02446 5.81628 -4.82416,0
150,9,151,9,-210.995 4.29745 -3.73023 3.05557,119.269 4.65549 4.25826 -3.71595,0
150,9,151,10,-210.995 4.02119 -1.14424 1.11943,119.269 4.35621 1.38671 -1.36394,0
150,10,151,8,-210.472 4.37608 -7.47033 5.82075,118.537 5.81688 6.28844 -5.35608,0
150,10,151,9,-210.472 4.023 -5.08686 4.16396,118.537 5.34755 4.95834 -4.37544,0
150,10,151,10,-210.472 3.71543 -2.31704 2.07528,118.537 4.93872 2.29066 -2.11773,0
151,0,152,0,-210.734 7.02264 -0.627959 0.628419,131.836 3.31519 1.98744 -1.98841,0
151,0,152,1,-210.734 6.89345 0.36405 -0.0344824,131.836 3.2542 -0.458313 -0.359192,0
151,0,152,2,-210.734 6.85906 1.06347 -0.499589,131.836 3.23797 -3.01181 1.33303,0
151,0,152,3,-210.734 6.92087 1.46565 -0.763664,131.836 3.26715 -5.67297 3.08749,0
151,1,152,0,-210.361 7.1277 -2.0214 1.5432,131.017 3.23939 4.58461 -3.69099,0
151,1,152,1,-210.361 6.90415 -0.739421 0.684703,131.017 3.13779 2.2374 -2.11969,0
151,1,152,2,-210.361 6.77297 0.258309 0.0180769,131.017 3.07817 -0.212569 -0.487613,0
151,1,152,3,-210.361 6.73955 0.954868 -0.445145,131.017 3.06298 -2.76951 1.207,0
151,1,152,4,-210.361 6.80534 1.34554 -0.701682,131.017 3.09288 -5.43327 2.96334,0
151,2,152,1,-209.987 7.01043 -2.139 1.60442,130.199 3.06436 4.82954 -3.81961,0
151,2,152,2,-209.987 6.78209 -0.843253 0.736932,130.199 2.96455 2.47713 -2.24489,0
151,2,152,3,-209.987 6.64886 0.160333 0.0664896,130.199 2.90632 0.0228833 -0.609932,0
151,2,152,4,-209.987 6.61651 0.853781 -0.394684,130.199 2.89217 -2.5375 1.08708,0
151,2,152,5,-209.987 6.68649 1.23231 -0.643269,130.199 2.92276 -5.20377 2.84525,0
151,3,152,2,-209.614 6.88984 -2.24967 1.66201,129.38 2.89352 5.06421 -3.94215,0
151,3,152,3,-209.614 6.65655 -0.939676 0.785226,129.38 2.79555 2.70647 -2.36395,0
151,3,152,4,-209.614 6.52124 0.0699137 0.110867,129.38 2.73872 0.247905 -0.726076,0
151,3,152,5,-209.614 6.49003 0.759986 -0.348082,129.38 2.72562 -2.3159 0.973315,0
151,3,152,6,-209.614 6.56443 1.12571 -0.588273,129.38 2.75686 -4.9846 2.73327,0
151,4,152,3,-209.24 6.76604 -2.35366 1.71613,128.561 2.72693 5.28848 -4.05855,0
151,4,152,4,-209.24 6.52764 -1.02892 0.829708,128.561 2.63085 2.9253 -2.47679,0
151,4,152,5,-209.24 6.39019 -0.0131593 0.151323,128.561 2.57545 0.462363 -0.835979,0
151,4,152,6,-209.24 6.36023 0.673256 -0.305216,128.561 2.56338 -2.10484 0.865784,0
151,4,152,7,-209.24 6.43927 1.02546 -0.536538,128.561 2.59524 -4.77589 2.62747,0
151,5,152,4,-208.866 6.63915 -2.45124 1.76693,127.742 2.56465 5.50224 -4.16873,0
151,5,152,5,-208.866 6.39546 -1.1112 0.870505,127.742 2.47051 3.13348 -2.58336,0
151,5,152,6,-208.866 6.25581 -0.0890994 0.187972,127.742 2.41657 0.666127 -0.939573,0
151,5,152,7,-208.866 6.22721 0.593357 -0.265958,127.742 2.40552 -1.90446 0.764554,0
151,5,152,8,-208.866 6.31115 0.931277 -0.487904,127.742 2.43795 -4.57776 2.52791,0
151,6,152,5,-208.493 6.50929 -2.54269 1.81457,126.923 2.40673 5.70536 -4.27265,0
151,6,152,6,-208.493 6.26012 -1.18677 0.907743,126.923 2.3146 3.3309 -2.68358,0
151,6,152,7,-208.493 6.11821 -0.15812 0.220927,126.923 2.26213 0.859068 -1.03679,0
151,6,152,8,-208.493 6.09106 0.520055 -0.230179,126.923 2.25209 -1.71488 0.669685,0
151,6,152,9,-208.493 6.18019 0.842871 -0.442203,126.923 2.28505 -4.39031 2.43464,0
151,7,152,6,-208.119 6.3766 -2.62829 1.85921,126.105 2.25323 5.89775 -4.37025,0
151,7,152,7,-208.119 6.12173 -1.25585 0.941552,126.105 2.16317 3.51744 -2.7774,0
151,7,152,8,-208.119 5.97748 -0.220441 0.250308,126.105 2.1122 1.04107 -1.12757,0
151,7,152,9,-208.119 5.95191 0.453107 -0.197747,126.105 2.10316 -1.53622 0.581237,0
151,7,152,10,-208.119 6.04651 0.764081 -0.403404,126.105 2.13659 -4.24793 2.38201,0
151,8,152,7,-207.746 6.24118 -2.70835 1.90101,125.286 2.1042 6.07928 -4.46147,0
151,8,152,8,-207.746 5.98039 -1.31869 0.972066,125.286 2.01627 3.69297 -2.86475,0
151,8,152,9,-207.746 5.83373 -0.27628 0.27623,125.286 1.96683 1.212 -1.21186,0
151,8,152,10,-207.746 5.80986 0.396229 -0.172486,125.286 1.95878 -1.40135 0.532034,0
151,9,152,8,-207.372 6.07415 -2.72511 1.91114,124.467 2.04788 6.07347 -4.45807,0
151,9,152,9,-207.372 5.80846 -1.32003 0.971665,124.467 1.95831 3.68871 -2.86125,0
151,9,152,10,-207.372 5.66002 -0.267907 0.267907,124.467 1.90826 1.17548 -1.17548,1
151,10,152,8,-206.998 5.69414 -3.30479 2.49724,123.648 3.39773 5.80192 -4.71756,0
151,10,152,9,-206.998 5.35356 -1.63474 1.36768,123.648 3.19451 3.6599 -3.24983,0
151,10,152,10,-206.998 5.1081 -0.260356 0.438686,123.648 3.04803 1.35536 -1.67634,0
152,0,153,0,-203.711 7.65001 0.115475 -0.0602475,135.15 1.32448 1.19866 -1.57118,0
152,0,153,1,-203.711 7.61144 0.284106 -0.171045,135.15 1.31781 -1.53298 0.267342,0
152,0,153,2,-203.711 7.67583 0.143337 -0.0753951,135.15 1.32895 -4.28764 2.11106,0
152,1,153,0,-203.511 7.61881 -0.383465 0.269968,134.273 1.27688 3.92145 -3.36886,0
152,1,153,1,-203.511 7.47751 0.0940183 -0.0469446,134.273 1.2532 1.21127 -1.53479,0
152,1,153,2,-203.511 7.44014 0.259365 -0.155657,134.273 1.24694 -1.51991 0.302863,0
152,1,153,3,-203.511 7.50826 0.107704 -0.0528511,134.273 1.25835 -4.27411 2.14585,0
152,2,153,0,-203.311 7.69046 -1.19171 0.806645,133.395 1.24637 6.62342 -5.1628,0
152,2,153,1,-203.311 7.44714 -0.407807 0.285326,133.395 1.20693 3.93175 -3.33149,0
152,2,153,2,-203.311 7.30447 0.0740905 -0.0346298,133.395 1.18381 1.22198 -1.4984,0
152,2,153,3,-203.311 7.26836 0.235951 -0.141119,133.395 1.17796 -1.50875 0.338391,0
152,2,153,4,-203.311 7.3404 0.072845 -0.0307856,133.395 1.18964 -4.26248 2.18065,0
152,3,153,1,-203.111 7.52216 -1.22655 0.82913,132.518 1.17757 6.63152 -5.12439,0
152,3,153,2,-203.111 7.27501 -0.430834 0.299836,132.518 1.13888 3.94014 -3.29411,0
152,3,153,3,-203.111 7.1309 0.0556454 -0.0232726,132.518 1.11632 1.23079 -1.46199,0
152,3,153,4,-203.111 7.09613 0.213803 -0.127391,132.518 1.11088 -1.49948 0.37393,0
152,3,153,5,-203.111 7.17228 0.038661 -0.0091332,132.518 1.1228 -4.25275 2.21548,0
152,4,153,2,-202.912 7.35359 -1.26064 0.851138,131.64 1.11067 6.63772 -5.08596,0
152,4,153,3,-202.912 7.10242 -0.452606 0.313536,131.64 1.07273 3.94662 -3.25672,0
152,4,153,4,-202.912 6.95683 0.0386371 -0.0128426,131.64 1.05074 1.23768 -1.42558,0
152,4,153,5,-202.912 6.92346 0.19286 -0.114433,131.64 1.0457 -1.49213 0.409478,0
152,4,153,6,-202.912 7.00393 0.00504889 0.012175,131.64 1.05786 -4.24492 2.25032,0
152,5,153,3,-202.712 7.18478 -1.29408 0.872736,130.763 1.04565 6.64201 -5.04751,0
152,5,153,4,-202.712 6.92942 -0.473186 0.326469,130.763 1.00848 3.95118 -3.21931,0
152,5,153,5,-202.712 6.78226 0.0230195 -0.00330902,130.763 0.987065 1.24265 -1.38915,0
152,5,153,6,-202.712 6.75038 0.173059 -0.102202,130.763 0.982425 -1.48669 0.445037,0
152,5,153,7,-202.712 6.83539 -0.0281014 0.0332121,130.763 0.994798 -4.239 2.28518,0
152,6,153,4,-202.512 7.01576 -1.32697 0.893992,129.885 0.982514 6.64439 -5.00903,0
152,6,153,5,-202.512 6.75601 -0.492635 0.338675,129.885 0.946137 3.95382 -3.18188,0
152,6,153,6,-202.512 6.60721 0.00874651 0.00535868,129.885 0.925299 1.2457 -1.35271,0
152,6,153,7,-202.512 6.5769 0.154336 -0.0906552,129.885 0.921054 -1.48318 0.48061,0
152,6,153,8,-202.512 6.6667 -0.0609061 0.0540556,129.885 0.93363 -4.235 2.32007,0
152,7,153,5,-202.312 6.84658 -1.35943 0.914979,129.008 0.921272 6.64485 -4.97053,0
152,7,153,6,-202.312 6.58222 -0.51102 0.350198,129.008 0.8857 3.95454 -3.14444,0
152,7,153,7,-202.312 6.4317 -0.00422812 0.0131912,129.008 0.865447 1.24682 -1.31627,0
152,7,153,8,-202.312 6.40306 0.136622 -0.0797483,129.008 0.861593 -1.48158 0.516197,0
152,7,153,9,-202.312 6.4979 -0.0934881 0.0747872,129.008 0.874355 -4.23292 2.35498,0
152,8,153,6,-202.112 6.67726 -1.39156 0.935776,128.13 0.861922 6.6434 -4.93201,0
152,8,153,7,-202.112 6.40807 -0.528407 0.361083,128.13 0.827174 3.95333 -3.10699,0
152,8,153,8,-202.112 6.25574 -0.0159506 0.0202193,128.13 0.807512 1.24602 -1.27981,0
152,8,153,9,-202.112 6.22886 0.119849 -0.0694349,128.13 0.804042 -1.48191 0.551797,0
152,8,153,10,-202.112 6.32903 -0.123354 0.0928687,128.13 0.816972 -4.19904 2.3562,0
152,9,153,7,-201.912 6.50785 -1.42349 0.956464,127.253 0.804465 6.64003 -4.89346,0
152,9,153,8,-201.912 6.23358 -0.544866 0.371376,127.253 0.770561 3.95019 -3.06951,0
152,9,153,9,-201.912 6.07935 -0.0264673 0.0264736,127.253 0.751497 1.24328 -1.24334,0
152,9,153,10,-201.912 6.05435 0.106455 -0.0621777,127.253 0.748406 -1.45194 0.555186,0
152,10,153,8,-201.712 6.33428 -1.44712 0.973008,126.375 0.783009 6.56652 -4.82077,0
152,10,153,9,-201.712 6.05484 -0.552589 0.377186,126.375 0.748467 3.87991 -2.99941,0
152,10,153,10,-201.712 5.89871 -0.0256993 0.0256993,126.375 0.729166 1.20649 -1.20649,1
153,0,154,0,-196.006 7.68439 0.898512 -0.860103,136.102 -0.989709 3.6333 -3.26628,0
153,0,154,1,-196.006 7.64501 0.443757 -0.5295,136.102 -0.984638 0.792234 -1.3153,0
153,0,154,2,-196.006 7.70949 -0.309624 -0.00412241,136.102 -0.992942 -1.97891 0.579125,0
153,1,154,0,-195.987 7.65047 0.943588 -0.890531,135.203 -0.944154 6.22368 -5.00242,0
153,1,154,1,-195.987 7.50751 0.790399 -0.757911,135.203 -0.926511 3.31298 -2.99439,0
153,1,154,2,-195.987 7.46937 0.337834 -0.43073,135.203 -0.921804 0.476032 -1.04716,0
153,1,154,3,-195.987 7.53764 -0.42185 0.0971626,135.203 -0.930228 -2.2926 0.84488,0
153,2,154,0,-195.967 7.72027 0.687978 -0.723986,134.303 -0.911259 8.88698 -6.79882,0
153,2,154,1,-195.967 7.47451 0.832906 -0.78668,134.303 -0.88225 5.90732 -4.73319,0
153,2,154,2,-195.967 7.33019 0.690382 -0.663367,134.303 -0.865216 3.00231 -2.73023,0
153,2,154,3,-195.967 7.29335 0.239641 -0.339307,134.303 -0.860867 0.169604 -0.786895,0
153,2,154,4,-195.967 7.36558 -0.527059 0.191629,134.303 -0.869393 -2.59651 1.10272,0
153,3,154,1,-195.948 7.54778 0.566281 -0.612593,133.403 -0.850368 8.57294 -6.5309,0
153,3,154,2,-195.948 7.29817 0.730068 -0.6903,133.403 -0.822246 5.60057 -4.47167,0
153,3,154,3,-195.948 7.15244 0.598208 -0.576232,133.403 -0.805827 2.70149 -2.47403,0
153,3,154,4,-195.948 7.11696 0.148906 -0.254978,133.403 -0.80183 -0.126852 -0.534702,0
153,3,154,5,-195.948 7.19337 -0.625563 0.279557,133.403 -0.810438 -2.89044 1.35248,0
153,4,154,2,-195.929 7.37511 0.451829 -0.508266,132.503 -0.791358 8.26839 -6.27059,0
153,4,154,3,-195.929 7.12148 0.634806 -0.601143,132.503 -0.764143 5.30364 -4.21807,0
153,4,154,4,-195.929 6.97426 0.513619 -0.496264,132.503 -0.748347 2.41072 -2.22596,0
153,4,154,5,-195.929 6.94022 0.0653518 -0.177486,132.503 -0.744694 -0.413143 -0.290772,0
153,4,154,6,-195.929 7.02102 -0.717687 0.361234,132.503 -0.753363 -3.17423 1.59396,0
153,5,154,3,-195.91 7.20229 0.344317 -0.410734,131.603 -0.734229 7.97352 -6.01806,0
153,5,154,4,-195.91 6.94446 0.546847 -0.518956,131.603 -0.707945 5.01673 -3.97258,0
153,5,154,5,-195.91 6.79568 0.436351 -0.423213,131.603 -0.692778 2.13019 -1.98623,0
153,5,154,6,-195.91 6.76317 -0.0113073 -0.106567,131.603 -0.689463 -0.689086 -0.055285,0
153,5,154,7,-195.91 6.84857 -0.803765 0.43696,131.603 -0.69817 -3.44771 1.82702,0
153,6,154,4,-195.89 7.02937 0.243428 -0.319714,130.704 -0.678982 7.6885 -5.77352,0
153,6,154,5,-195.89 6.76712 0.465908 -0.443478,130.704 -0.653652 4.74002 -3.73539,0
153,6,154,6,-195.89 6.61672 0.366136 -0.356827,130.704 -0.639123 1.8601 -1.75502,0
153,6,154,7,-195.89 6.58582 -0.0813636 -0.0419518,130.704 -0.636139 -0.954509 0.171588,0
153,6,154,8,-195.89 6.67608 -0.884143 0.50704,130.704 -0.644857 -3.71073 2.0515,0
153,7,154,5,-195.871 6.85637 0.148835 -0.234919,129.804 -0.625617 7.41352 -5.53713,0
153,7,154,6,-195.871 6.5895 0.391703 -0.374445,129.804 -0.601266 4.4737 -3.50668,0
153,7,154,7,-195.871 6.43738 0.302699 -0.296846,129.804 -0.587386 1.60062 -1.5325,0
153,7,154,8,-195.871 6.40818 -0.145114 0.0166363,129.804 -0.584722 -1.20924 0.389679,0
153,7,154,9,-195.871 6.50357 -0.959178 0.571788,129.804 -0.593425 -3.96313 2.26725,0
153,8,154,6,-195.852 6.68334 0.0602001 -0.156048,128.904 -0.574133 7.14874 -5.30906,0
153,8,154,7,-195.852 6.41161 0.323937 -0.311583,128.904 -0.55079 4.21794 -3.28662,0
153,8,154,8,-195.852 6.25768 0.245763 -0.243009,128.904 -0.537567 1.35191 -1.31884,0
153,8,154,9,-195.852 6.2303 -0.202865 0.0694787,128.904 -0.535215 -1.45313 0.598833,0
153,8,154,10,-195.852 6.33109 -0.99264 0.594931,128.904 -0.543873 -4.06426 2.3336,0
153,9,154,7,-195.833 6.51032 -0.0228272 -0.0827933,128.004 -0.52453 6.89432 -5.08947,0
153,9,154,8,-195.833 6.23348 0.262307 -0.254614,128.004 -0.502225 3.9729 -3.07537,0
153,9,154,9,-195.833 6.07765 0.195045 -0.195048,128.004 -0.48967 1.11415 -1.1142,0
153,9,154,10,-195.833 6.05218 -0.219957 0.0818918,128.004 -0.487618 -1.55173 0.664614,0
153,9,154,11,-195.833 6.1587 -0.210722 -0.197387,128.004 -0.4962 -2.36579 0.602232,0
153,10,154,8,-195.813 6.33473 -0.0953797 -0.0174517,127.104 -0.510383 6.71755 -4.91207,0
153,10,154,9,-195.813 6.05263 0.211504 -0.205754,127.104 -0.487654 3.8029 -2.90517,0
153,10,154,10,-195.813 5.89485 0.189189 -0.189189,127.104 -0.474942 1.08078 -1.08078,1
153,10,154,11,-195.813 5.87144 0.545983 -0.686097,127.104 -0.473056 0.127737 -1.01464,0
154,0,155,0,-188.283 6.83769 0.621829 -0.73982,135.48 -3.48958 0.800774 -1.02291,0
154,0,155,1,-188.283 6.98466 -0.991509 0.394703,135.48 -3.56459 -1.69617 0.712454,0
154,0,155,2,-188.283 7.21819 -2.85514 1.69297,135.48 -3.68377 -4.06631 2.36518,0
154,1,155,0,-188.447 6.70338 1.56095 -1.38111,134.595 -3.23012 2.78477 -2.38134,0
154,1,155,1,-188.447 6.76192 0.209327 -0.419865,134.595 -3.25833 0.140071 -0.545029,0
154,1,155,2,-188.447 6.91568 -1.41234 0.716207,134.595 -3.33242 -2.36279 1.19533,0
154,2,155,0,-188.61 6.65556 2.24772 -1.85653,133.71 -3.02165 4.93787 -3.85789,0
154,2,155,1,-188.61 6.61695 1.17842 -1.08046,133.71 -3.00412 2.13979 -1.91394,0
154,2,155,2,-188.61 6.67943 -0.172012 -0.124348,133.71 -3.03249 -0.506302 -0.0760658,0
154,3,155,0,-188.774 6.70257 2.66113 -2.15342,132.825 -2.8601 7.25556 -5.45212,0
154,3,155,1,-188.774 6.5618 1.88402 -1.56737,132.825 -2.80003 4.30508 -3.3983,0
154,3,155,2,-188.774 6.52383 0.826992 -0.804219,132.825 -2.78382 1.51008 -1.45609,0
154,3,155,3,-188.774 6.59044 -0.523034 0.147353,132.825 -2.81225 -1.13711 0.382933,0
154,4,155,0,-188.937 6.84837 2.79254 -2.2671,131.94 -2.73904 9.72566 -7.15826,0
154,4,155,1,-188.937 6.60508 2.30418 -1.86729,131.94 -2.64174 6.63098 -4.99747,0
154,4,155,2,-188.937 6.46147 1.55108 -1.30242,131.94 -2.5843 3.68812 -2.94864,0
154,4,155,3,-188.937 6.42422 0.505825 -0.551762,131.94 -2.56941 0.896859 -1.00886,0
154,4,155,4,-188.937 6.49518 -0.844643 0.39591,131.94 -2.59778 -1.75117 0.830957,0
154,5,155,1,-189.101 6.75063 2.43048 -1.97561,131.055 -2.52257 9.10473 -6.70537,0
154,5,155,2,-189.101 6.50126 1.97733 -1.60494,131.055 -2.42939 6.02242 -4.55283,0
154,5,155,3,-189.101 6.35479 1.24808 -1.06105,131.055 -2.37466 3.08822 -2.50996,0
154,5,155,4,-189.101 6.31837 0.214025 -0.322422,131.055 -2.36105 0.301336 -0.573267,0
154,5,155,5,-189.101 6.39389 -1.13779 0.622042,131.055 -2.38927 -2.34733 1.26703,0
154,6,155,2,-189.264 6.64692 2.09755 -1.7073,130.17 -2.31213 8.4996 -6.26225,0
154,6,155,3,-189.264 6.39136 1.67971 -1.36573,130.17 -2.22323 5.43109 -4.11923,0
154,6,155,4,-189.264 6.24199 0.974103 -0.842593,130.17 -2.17127 2.50658 -2.08327,0
154,6,155,5,-189.264 6.2065 -0.0493517 -0.115485,130.17 -2.15893 -0.275337 -0.150288,0
154,6,155,6,-189.264 6.2868 -1.40349 0.826512,130.17 -2.18686 -2.9245 1.69022,0
154,7,155,3,-189.428 6.5375 1.79285 -1.46148,129.285 -2.10786 7.91143 -5.82992,0
154,7,155,4,-189.428 6.2756 1.41041 -1.14898,129.285 -2.02342 4.85814 -3.69766,0
154,7,155,5,-189.428 6.1233 0.728211 -0.646327,129.285 -1.97431 1.94434 -1.66956,0
154,7,155,6,-189.428 6.08884 -0.285296 0.0698044,129.285 -1.9632 -0.832043 0.259124,0
154,7,155,7,-189.428 6.17418 -1.6428 1.01013,129.285 -1.99072 -3.48162 2.09963,0
154,8,155,4,-189.591 6.42262 1.5154 -1.23746,128.399 -1.90993 7.34132 -5.40931,0
154,8,155,5,-189.591 6.15424 1.16844 -0.953961,128.399 -1.83012 4.30469 -3.28909,0
154,8,155,6,-189.591 5.99896 0.50941 -0.471497,128.399 -1.78394 1.40261 -1.26977,0
154,8,155,7,-189.591 5.96564 -0.494848 0.234244,128.399 -1.77403 -1.36772 0.654063,0
154,8,155,8,-189.591 6.05628 -1.75793 1.07485,128.399 -1.80099 -3.78488 2.26159,0
154,9,155,5,-189.755 6.30254 1.26419 -1.03449,127.514 -1.71847 6.79033 -5.00136,0
154,9,155,6,-189.755 6.02751 0.952787 -0.779894,127.514 -1.64347 3.77181 -2.89442,0
154,9,155,7,-189.755 5.86921 0.316663 -0.317308,127.514 -1.60031 0.882445 -0.884806,0
154,9,155,8,-189.755 5.83714 -0.584399 0.28398,127.514 -1.59157 -1.65841 0.81072,0
154,9,155,9,-189.755 5.93336 -1.50952 0.781041,127.514 -1.6178 -3.40115 1.7431,0
154,10,155,6,-189.918 6.14086 1.11147 -0.888405,126.629 -1.67438 6.54103 -4.74771,0
154,10,155,7,-189.918 5.86068 0.832362 -0.660953,126.629 -1.59799 3.52924 -2.6489,0
154,10,155,8,-189.918 5.70025 0.309425 -0.309425,126.629 -1.55424 0.863923 -0.863923,1
154,10,155,9,-189.918 5.66975 -0.25813 -0.0432056,126.629 -1.54593 -1.0316 0.186698,0
154,10,155,10,-189.918 5.77123 -1.12408 0.389418,126.629 -1.5736 -2.82364 1.16982,0
154,11,155,7,-190.082 5.1611 2.60965 -1.57513,125.744 -3.43172 9.9022 -6.30312,0
154,11,155,8,-190.082 4.91459 2.37726 -1.42807,125.744 -3.26781 6.94345 -4.34486,0
154,11,155,9,-190.082 4.77417 2.14628 -1.38851,125.744 -3.17444 4.80603 -3.1374,0
154,11,155,10,-190.082 4.74927 1.6289 -1.17808,125.744 -3.15789 2.82715 -2.01166,0
154,11,155,11,-190.082 4.84168 0.841996 -0.815416,125.744 -3.21933 1.04466 -1.00432,0
155,0,156,0,-181.564 5.56145 -1.10559 0.598789,131.768 -4.70272 -1.17211 0.631183,0
155,0,156,1,-181.564 5.79039 -3.32833 2.14397,131.768 -4.8963 -3.12863 2.00108,0
155,0,156,2,-181.564 6.08867 -5.76624 3.83496,131.768 -5.14853 -4.93416 3.27862,0
155,1,156,0,-181.895 5.48997 0.261557 -0.365036,130.931 -4.27746 0.258174 -0.387771,0
155,1,156,1,-181.895 5.64939 -1.7416 1.03008,130.931 -4.40166 -1.89428 1.10868,0
155,1,156,2,-181.895 5.89062 -3.98989 2.5885,130.931 -4.58962 -3.87108 2.49322,0
155,2,156,0,-182.227 5.47948 1.43223 -1.19337,130.095 -3.9272 1.91307 -1.55634,0
155,2,156,1,-182.227 5.55436 -0.315191 0.0305397,130.095 -3.98087 -0.448959 0.0791499,0
155,2,156,2,-182.227 5.72253 -2.33359 1.43213,130.095 -4.1014 -2.61521 1.58572,0
155,3,156,0,-182.559 5.54681 2.36537 -1.86201,129.258 -3.6485 3.79307 -2.87844,0
155,3,156,1,-182.559 5.52458 0.90211 -0.825146,129.258 -3.63388 1.21672 -1.09692,0
155,3,156,2,-182.559 5.60408 -0.848197 0.397036,129.258 -3.68617 -1.15212 0.544,0
155,4,156,0,-182.891 5.70458 3.032 -2.35457,128.422 -3.4333 5.88578 -4.34977,0
155,4,156,1,-182.891 5.57733 1.86777 -1.51171,128.422 -3.35671 3.10215 -2.42294,0
155,4,156,2,-182.891 5.55519 0.415395 -0.485826,128.422 -3.34338 0.526497 -0.640824,0
155,4,156,3,-182.891 5.6394 -1.33818 0.734902,128.422 -3.39407 -1.84925 1.0054,0
155,5,156,0,-183.223 5.95936 3.4197 -2.6652,127.585 -3.26909 8.16554 -5.95714,0
155,5,156,1,-183.223 5.72523 2.55239 -2.0124,127.585 -3.14066 5.19378 -3.89403,0
155,5,156,2,-183.223 5.59355 1.41308 -1.19004,127.585 -3.06842 2.4189 -1.9716,0
155,5,156,3,-183.223 5.5716 -0.0287127 -0.174917,127.585 -3.05638 -0.155532 -0.189423,0
155,5,156,4,-183.223 5.66064 -1.78595 1.04465,127.585 -3.10522 -2.53831 1.46199,0
155,6,156,1,-183.555 5.97437 2.94468 -2.32199,126.748 -2.97267 7.4647 -5.49634,0
155,6,156,2,-183.555 5.73184 2.1151 -1.6985,126.748 -2.85199 4.51029 -3.44282,0
155,6,156,3,-183.555 5.59583 1.00047 -0.896488,126.748 -2.78432 1.74534 -1.52577,0
155,6,156,4,-183.555 5.57415 -0.431105 0.108136,126.748 -2.77353 -0.827361 0.255938,0
155,6,156,5,-183.555 5.66811 -2.04982 1.18426,126.748 -2.82029 -3.01279 1.70791,0
155,7,156,2,-183.886 5.97559 2.51133 -2.00664,125.912 -2.68047 6.77257 -5.04004,0
155,7,156,3,-183.886 5.72476 1.71922 -1.41233,125.912 -2.56796 3.8373 -2.9975,0
155,7,156,4,-183.886 5.58451 0.62897 -0.63046,125.912 -2.50505 1.08345 -1.08677,0
155,7,156,5,-183.886 5.56321 -0.65542 0.226605,125.912 -2.49549 -1.29003 0.496936,0
155,7,156,6,-183.886 5.66219 -2.11824 1.14181,125.912 -2.53989 -3.25648 1.72758,0
155,8,156,3,-184.218 5.86281 2.31984 -1.81916,125.075 -2.62989 6.56463 -4.82631,0
155,8,156,4,-184.218 5.60819 1.55613 -1.24946,125.075 -2.51567 3.62973 -2.78584,0
155,8,156,5,-184.218 5.46623 0.620025 -0.620025,125.075 -2.45199 1.07026 -1.07026,1
155,8,156,6,-184.218 5.44575 -0.504401 0.0762539,125.075 -2.4428 -1.08882 0.299423,0
155,8,156,7,-184.218 5.54809 -1.96769 0.988571,125.075 -2.48871 -3.0582 1.53449,0
155,9,156,4,-184.55 5.38767 2.86674 -2.00771,124.239 -3.26984 7.73937 -5.30472,0
155,9,156,5,-184.55 5.14541 2.23461 -1.58195,124.239 -3.12281 4.93806 -3.43066,0
155,9,156,6,-184.55 5.01073 1.44495 -1.10623,124.239 -3.04107 2.55063 -1.90518,0
155,9,156,7,-184.55 4.99234 0.320677 -0.412208,124.239 -3.02991 0.375459 -0.521377,0
155,9,156,8,-184.55 5.09151 -1.13048 0.491153,124.239 -3.0901 -1.57117 0.705225,0
155,10,156,5,-184.882 4.84604 3.69921 -2.41534,123.402 -3.83383 8.96412 -5.9091,0
155,10,156,6,-184.882 4.62027 3.19797 -2.13696,123.402 -3.65522 6.30738 -4.21119,0
155,10,156,7,-184.882 4.49512 2.39206 -1.65453,123.402 -3.55621 3.86667 -2.6497,0
155,10,156,8,-184.882 4.47902 1.26681 -0.961813,123.402 -3.54347 1.67625 -1.25223,0
155,10,156,9,-184.882 4.57314 -0.168901 -0.0688424,123.402 -3.61793 -0.247475 -0.0342568,0
155,11,156,6,-185.214 4.24927 4.80647 -3.04261,122.565 -4.31547 10.2406 -6.64755,0
155,11,156,7,-185.214 4.04401 4.26564 -2.74516,122.565 -4.10701 7.49916 -4.8948,0
155,11,156,8,-185.214 3.93055 3.43813 -2.25282,122.565 -3.99178 5.00722 -3.2983,0
155,11,156,9,-185.214 3.91687 2.31092 -1.56055,122.565 -3.97789 2.80249 -1.88767,0
155,11,156,10,-185.214 4.004 0.894088 -0.679482,122.565 -4.06638 0.901395 -0.678299,0
156,0,157,0,-176.509 11.2412 -0.155382 0.0208801,126.524 -11.256 -0.155766 0.0230261,0
156,0,157,1,-176.509 11.3062 -2.45594 1.66052,126.524 -11.321 -2.29636 1.55425,0
156,0,157,2,-176.509 11.4063 -4.54473 3.05326,126.524 -11.4213 -4.01952 2.70323,0
156,1,157,0,-176.957 11.5133 0.799452 -0.757357,125.744 -10.6542 0.821223 -0.775553,0
156,1,157,1,-176.957 11.5447 -1.39477 0.809459,125.744 -10.6833 -1.42142 0.82178,0
156,1,157,2,-176.957 11.6137 -3.38746 2.1372,125.744 -10.7471 -3.25087 2.04066,0
156,2,157,0,-177.406 11.7929 1.70506 -1.49401,124.964 -10.0806 1.89011 -1.63783,0
156,2,157,1,-177.406 11.787 -0.375025 -0.0039706,124.964 -10.0755 -0.453054 0.025863,0
156,2,157,2,-177.406 11.8208 -2.26196 1.25326,124.964 -10.1044 -2.38738 1.31462,0
156,3,157,0,-177.855 12.0854 2.55007 -2.18281,124.184 -9.53307 3.04794 -2.56294,0
156,3,157,1,-177.855 12.0387 0.590805 -0.772787,124.184 -9.49623 0.607187 -0.833453,0
156,3,157,2,-177.855 12.0333 -1.18158 0.408969,124.184 -9.49203 -1.42924 0.524356,0
156,4,157,0,-178.303 12.3952 3.32441 -2.81832,123.403 -9.00887 4.28992 -3.54891,0
156,4,157,1,-178.303 12.3047 1.49127 -1.49066,123.403 -8.94312 1.7559 -1.75507,0
156,4,157,2,-178.303 12.2569 -0.158906 -0.388615,123.403 -8.90836 -0.37844 -0.329898,0
156,4,157,3,-178.303 12.2522 -1.85192 0.713122,123.403 -8.90497 -2.33089 0.944735,0
156,5,157,0,-178.752 12.3815 4.70916 -3.74083,122.623 -8.99897 6.5986 -5.08727,0
156,5,157,1,-178.752 12.2487 2.99849 -2.49321,122.623 -8.90239 3.96637 -3.22605,0
156,5,157,2,-178.752 12.158 1.47169 -1.47169,122.623 -8.83649 1.73248 -1.73248,1
156,5,157,3,-178.752 12.1105 -0.0989399 -0.449499,122.623 -8.80195 -0.320423 -0.388528,0
156,5,157,4,-178.752 12.1066 -1.79473 0.654183,122.623 -8.79916 -2.27255 0.886387,0
156,6,157,1,-179.201 11.8243 5.20435 -3.82613,121.843 -9.43315 7.35732 -5.30602,0
156,6,157,2,-179.201 11.6952 3.79214 -2.88076,121.843 -9.33015 5.01192 -3.73804,0
156,6,157,3,-179.201 11.6074 2.33961 -1.93636,121.843 -9.26008 2.84958 -2.32019,0
156,6,157,4,-179.201 11.5618 0.764221 -0.911308,121.843 -9.2237 0.791342 -0.972757,0
156,6,157,5,-179.201 11.5589 -0.934617 0.194466,121.843 -9.2214 -1.16065 0.302517,0
156,7,157,2,-179.649 11.2534 6.03235 -4.23053,121.063 -9.83569 8.35307 -5.79343,0
156,7,157,3,-179.649 11.1284 4.69205 -3.36115,121.063 -9.72641 6.07415 -4.29822,0
156,7,157,4,-179.649 11.0436 3.23267 -2.41292,121.063 -9.6523 3.90135 -2.87395,0
156,7,157,5,-179.649 11 1.65233 -1.3849,121.063 -9.61417 1.83802 -1.52318,0
156,7,157,6,-179.649 10.998 -0.049513 -0.277046,121.063 -9.61245 -0.113612 -0.24768,0
156,8,157,3,-180.098 10.6705 6.96369 -4.72626,120.283 -10.2063 9.36449 -6.3285,0
156,8,157,4,-180.098 10.5498 5.61405 -3.8519,120.283 -10.0908 7.07018 -4.82403,0
156,8,157,5,-180.098 10.4682 4.14742 -2.89964,120.283 -10.0128 4.88717 -3.39347,0
156,8,157,6,-180.098 10.4267 2.56197 -1.86856,120.283 -9.97304 2.819 -2.03949,0
156,8,157,7,-180.098 10.4256 0.85718 -0.758638,120.283 -9.972 0.867957 -0.763904,0
156,9,157,4,-180.547 10.0773 7.91427 -5.23093,119.502 -10.5446 10.3089 -6.82882,0
156,9,157,5,-180.547 9.96123 6.5547 -4.35128,119.502 -10.4232 7.99953 -5.31523,0
156,9,157,6,-180.547 9.88304 5.08045 -3.3948,119.502 -10.3414 5.80659 -3.87852,0
156,9,157,7,-180.547 9.84358 3.48973 -2.36057,119.502 -10.3001 3.73383 -2.52147,0
156,9,157,8,-180.547 9.84333 1.78206 -1.2486,119.502 -10.2998 1.78361 -1.24594,0
156,10,157,5,-180.995 9.47542 8.88066 -5.74281,118.722 -10.8505 11.1861 -7.29424,0
156,10,157,6,-180.995 9.36433 7.51057 -4.85758,118.722 -10.7233 8.86191 -5.77169,0
156,10,157,7,-180.995 9.2897 6.02835 -3.89668,118.722 -10.6379 6.65934 -4.32899,0
156,10,157,8,-180.995 9.25242 4.43222 -2.85922,118.722 -10.5952 4.58225 -2.96902,0
156,10,157,9,-180.995 9.25294 2.72175 -1.74522,118.722 -10.5958 2.63309 -1.69368,0
157,0,158,0,-165.402 10.4643 -0.90625 0.558097,115.136 -10.9453 -0.837204 0.514642,0
157,0,158,1,-165.402 10.4955 -2.9711 1.93453,115.136 -10.978 -2.58351 1.67872,0
157,0,158,2,-165.402 10.5633 -5.1405 3.37892,115.136 -11.0489 -4.21015 2.76139,0
157,1,158,0,-165.998 10.7116 0.439675 -0.439152,114.461 -10.594 0.426957 -0.426428,0
157,1,158,1,-165.998 10.7059 -1.515 0.86404,114.461 -10.5883 -1.43491 0.814895,0
157,1,158,2,-165.998 10.7383 -3.57802 2.23739,114.461 -10.6204 -3.17758 1.97479,0
157,2,158,0,-166.594 10.6948 2.27722 -1.66395,113.787 -10.5773 2.39973 -1.74139,0
157,2,158,1,-166.594 10.6508 0.435622 -0.435622,113.787 -10.5339 0.422959 -0.422959,1
157,2,158,2,-166.594 10.6453 -1.51483 0.863212,113.787 -10.5284 -1.43417 0.813762,0
157,2,158,3,-166.594 10.6781 -3.57892 2.23727,113.787 -10.5609 -3.17578 1.97295,0
157,3,158,0,-167.19 10.6352 4.16354 -2.8948,113.112 -10.6798 4.65004 -3.21479,0
157,3,158,1,-167.19 10.5538 2.43367 -1.74064,113.112 -10.598 2.55724 -1.81871,0
157,3,158,2,-167.19 10.5101 0.596244 -0.516734,113.112 -10.5542 0.583871 -0.504093,0
157,3,158,3,-167.19 10.5047 -1.35474 0.782446,113.112 -10.5488 -1.27294 0.732411,0
157,3,158,4,-167.19 10.5377 -3.41941 2.15697,113.112 -10.5819 -3.01297 1.89063,0
157,4,158,1,-167.786 10.4942 4.31976 -2.97122,112.438 -10.6999 4.80663 -3.29181,0
157,4,158,2,-167.786 10.4131 2.5941 -1.82161,112.438 -10.6172 2.71599 -1.8988,0
157,4,158,3,-167.786 10.3697 0.75619 -0.597484,112.438 -10.5729 0.741676 -0.583647,0
157,4,158,4,-167.786 10.3645 -1.19532 0.702044,112.438 -10.5676 -1.11481 0.652634,0
157,4,158,5,-167.786 10.3975 -3.26056 2.07703,112.438 -10.6013 -2.85325 1.80988,0
157,5,158,2,-168.382 10.3535 4.47995 -3.05194,111.763 -10.7184 4.96448 -3.3716,0
157,5,158,3,-168.382 10.2727 2.75383 -1.90221,111.763 -10.6348 2.87164 -1.97732,0
157,5,158,4,-168.382 10.2296 0.915431 -0.677854,111.763 -10.5901 0.896383 -0.661628,0
157,5,158,5,-168.382 10.2246 -1.03661 0.622022,111.763 -10.5849 -0.959768 0.574425,0
157,5,158,6,-168.382 10.2577 -3.10242 1.99748,111.763 -10.6193 -2.69659 1.73067,0
157,6,158,3,-168.978 10.2131 4.63941 -3.13227,111.089 -10.7354 5.11925 -3.44984,0
157,6,158,4,-168.978 10.1327 2.91283 -1.98242,111.089 -10.6509 3.02421 -2.05427,0
157,6,158,5,-168.978 10.0898 1.07394 -0.757831,111.089 -10.6058 1.048 -0.738039,0
157,6,158,6,-168.978 10.085 -0.878642 0.542395,111.089 -10.6007 -0.807798 0.497777,0
157,6,158,7,-168.978 10.1182 -2.94502 1.91832,111.089 -10.6357 -2.54298 1.65302,0
157,7,158,4,-169.574 10.0731 4.79813 -3.21219,110.415 -10.751 5.27096 -3.52652,0
157,7,158,5,-169.574 9.99302 3.07107 -2.06222,110.415 -10.6655 3.1737 -2.12965,0
157,7,158,6,-169.574 9.9504 1.23168 -0.837401,110.415 -10.62 1.19656 -0.812891,0
157,7,158,7,-169.574 9.94575 -0.721436 0.463178,110.415 -10.615 -0.65889 0.422685,0
157,7,158,8,-169.574 9.97912 -2.78837 1.83957,110.415 -10.6506 -2.39241 1.57691,0
157,8,158,5,-170.17 9.93345 4.95606 -3.2917,109.74 -10.765 5.41963 -3.60166,0
157,8,158,6,-170.17 9.85372 3.22851 -2.1416,109.74 -10.6786 3.32014 -2.20349,0
157,8,158,7,-170.17 9.81137 1.38862 -0.916546,109.74 -10.6327 1.34205 -0.886186,0
157,8,158,8,-170.17 9.8069 -0.565026 0.384384,109.74 -10.6278 -0.513031 0.349142,0
157,8,158,9,-170.17 9.84036 -2.63252 1.76124,109.74 -10.6641 -2.24488 1.50234,0
157,9,158,6,-170.766 9.79417 5.11318 -3.37077,109.066 -10.7775 5.56526 -3.67525,0
157,9,158,7,-170.766 9.7148 3.38514 -2.22054,109.066 -10.6902 3.46353 -2.27577,0
157,9,158,8,-170.766 9.67273 1.54474 -0.995253,109.066 -10.6439 1.48449 -0.957933,0
157,9,158,9,-170.766 9.66844 -0.409441 0.306031,109.066 -10.6391 -0.370207 0.277141,0
157,9,158,10,-170.766 9.70198 -2.4775 1.68336,109.066 -10.6761 -2.10035 1.4293,0
157,10,158,7,-171.362 9.65528 5.26946 -3.4494,108.391 -10.7885 5.70786 -3.74731,0
157,10,158,8,-171.362 9.57628 3.54092 -2.29904,108.391 -10.7003 3.60389 -2.34651,0
157,10,158,9,-171.362 9.53448 1.7 -1.07351,108.391 -10.6536 1.62391 -1.02814,0
157,10,158,10,-171.362 9.53037 -0.254712 0.228131,108.391 -10.649 -0.230406 0.206676,0
158,0,159,0,-155.286 10.2373 -2.26463 1.58793,103.868 -10.9805 -2.00537 1.41139,0
158,0,159,1,-155.286 10.2958 -4.43552 3.04553,103.868 -11.0432 -3.69974 2.55106,0
158,0,159,2,-155.286 10.3902 -6.71565 4.57639,103.868 -11.1445 -5.27972 3.61492,0
158,1,159,0,-155.943 10.2178 -0.234088 0.234088,103.253 -10.9596 -0.223012 0.223012,1
158,1,159,1,-155.943 10.2396 -2.29416 1.61747,103.253 -10.983 -2.03422 1.44025,0
158,1,159,2,-155.943 10.2981 -4.4651 3.07514,103.253 -11.0457 -3.72889 2.5802,0
158,2,159,0,-156.6 10.2304 1.6944 -1.04989,102.638 -10.9825 1.68571 -1.0479,0
158,2,159,1,-156.6 10.2155 -0.254301 0.258949,102.638 -10.9664 -0.243154 0.247485,0
158,2,159,2,-156.6 10.2373 -2.31433 1.64231,102.638 -10.9899 -2.05451 1.46487,0
158,2,159,3,-156.6 10.2957 -4.48528 3.10002,102.638 -11.0526 -3.74942 2.60507,0
158,3,159,0,-157.258 10.2797 3.51223 -2.2598,102.023 -11.0448 3.71163 -2.39666,0
158,3,159,1,-157.258 10.2281 1.67417 -1.025,102.023 -10.9893 1.66552 -1.02338,0
158,3,159,2,-157.258 10.2132 -0.274442 0.28374,102.023 -10.9733 -0.26339 0.272052,0
158,3,159,3,-157.258 10.235 -2.33442 1.66707,102.023 -10.9967 -2.07489 1.48959,0
158,3,159,4,-157.258 10.2934 -4.50537 3.12482,102.023 -11.0595 -3.77005 2.63005,0
158,4,159,1,-157.915 10.2774 3.49193 -2.2348,101.408 -11.0516 3.69129 -2.37198,0
158,4,159,2,-157.915 10.2258 1.65402 -1.00018,101.408 -10.9962 1.64523 -0.998759,0
158,4,159,3,-157.915 10.2109 -0.294507 0.308461,101.408 -10.9801 -0.28372 0.296712,0
158,4,159,4,-157.915 10.2327 -2.35444 1.69176,101.408 -11.0036 -2.09537 1.5144,0
158,4,159,5,-157.915 10.291 -4.5254 3.14955,101.408 -11.0663 -3.79077 2.65511,0
158,5,159,2,-158.572 10.275 3.47171 -2.20988,100.793 -11.0585 3.67086 -2.34721,0
158,5,159,3,-158.572 10.2235 1.63393 -0.975426,100.793 -11.003 1.62486 -0.974048,0
158,5,159,4,-158.572 10.2086 -0.314499 0.333112,100.793 -10.987 -0.304143 0.321467,0
158,5,159,5,-158.572 10.2304 -2.37439 1.71638,100.793 -11.0104 -2.11594 1.53931,0
158,5,159,6,-158.572 10.2887 -4.54534 3.17421,100.793 -11.0732 -3.81158 2.68027,0
158,6,159,3,-159.229 10.2727 3.45156 -2.18502,100.178 -11.0653 3.65034 -2.32234,0
158,6,159,4,-159.229 10.2212 1.61392 -0.950743,100.178 -11.0099 1.60438 -0.949242,0
158,6,159,5,-159.229 10.2063 -0.334418 0.357694,100.178 -10.9938 -0.324661 0.346315,0
158,6,159,6,-159.229 10.2281 -2.39426 1.74093,100.178 -11.0173 -2.1366 1.5643,0
158,6,159,7,-159.229 10.2863 -4.56521 3.1988,100.178 -11.08 -3.83249 2.70553,0
158,7,159,4,-159.886 10.2703 3.43149 -2.16024,99.5634 -11.0722 3.62972 -2.29738,0
158,7,159,5,-159.886 10.2189 1.59399 -0.926131,99.5634 -11.0167 1.58382 -0.924343,0
158,7,159,6,-159.886 10.204 -0.35426 0.382203,99.5634 -11.0007 -0.345271 0.371256,0
158,7,159,7,-159.886 10.2258 -2.41406 1.76541,99.5634 -11.0241 -2.15736 1.58939,0
158,7,159,8,-159.886 10.284 -4.58501 3.22332,99.5634 -11.0869 -3.8535 2.73088,0
158,8,159,5,-160.543 10.268 3.4115 -2.13552,98.9485 -11.079 3.609 -2.27233,0
158,8,159,6,-160.543 10.2166 1.57413 -0.901591,98.9485 -11.0236 1.56316 -0.899352,0
158,8,159,7,-160.543 10.2017 -0.374028 0.406642,98.9485 -11.0075 -0.365974 0.396291,0
158,8,159,8,-160.543 10.2234 -2.43378 1.78982,98.9485 -11.031 -2.17821 1.61458,0
158,8,159,9,-160.543 10.2816 -4.60473 3.24776,98.9485 -11.0937 -3.87459 2.75632,0
158,9,159,6,-161.201 10.2656 3.39157 -2.11088,98.3336 -11.0859 3.58819 -2.24718,0
158,9,159,7,-161.201 10.2142 1.55435 -0.87712,98.3336 -11.0304 1.54241 -0.874265,0
158,9,159,8,-161.201 10.1994 -0.393723 0.431011,98.3336 -11.0143 -0.386772 0.421419,0
158,9,159,9,-161.201 10.2211 -2.45343 1.81415,98.3336 -11.0378 -2.19915 1.63986,0
158,9,159,10,-161.201 10.2792 -4.62437 3.27214,98.3336 -11.1006 -3.89578 2.78185,0
158,10,159,7,-161.858 10.2632 3.37173 -2.08631,97.7187 -11.0927 3.56729 -2.22193,0
158,10,159,8,-161.858 10.2119 1.53464 -0.852722,97.7187 -11.0373 1.52156 -0.849087,0
158,10,159,9,-161.858 10.197 -0.413338 0.455306,97.7187 -11.0212 -0.40766 0.446639,0
158,10,159,10,-161.858 10.2188 -2.473 1.83842,97.7187 -11.0447 -2.22018 1.66523,0
159,0,160,0,-145.725 10.4538 1.41238 -0.786485,92.2932 -10.7386 1.46761 -0.820575,0
159,0,160,1,-145.725 10.4476 -0.465036 0.465036,92.2932 -10.7322 -0.473212 0.473212,1
159,0,160,2,-145.725 10.4791 -2.5428 1.87923,92.2932 -10.7646 -2.39151 1.78317,0
159,0,160,3,-145.725 10.5479 -4.73458 3.3701,92.2932 -10.8353 -4.19835 3.02004,0
159,1,160,0,-146.38 10.5498 3.11562 -1.93088,91.6758 -10.7778 3.46338 -2.15973,0
159,1,160,1,-146.38 10.506 1.35259 -0.756125,91.6758 -10.733 1.40896 -0.790744,0
159,1,160,2,-146.38 10.4998 -0.610489 0.58103,91.6758 -10.7267 -0.623497 0.59474,0
159,1,160,3,-146.38 10.5313 -2.68797 1.99489,91.6758 -10.7589 -2.54328 1.90606,0
159,1,160,4,-146.38 10.6002 -4.87972 3.48566,91.6758 -10.8293 -4.3524 3.14489,0
159,2,160,1,-147.035 10.602 3.05584 -1.90059,91.0584 -10.7718 3.40372 -2.12934,0
159,2,160,2,-147.035 10.5582 1.20688 -0.639909,91.0584 -10.7273 1.25787 -0.668665,0
159,2,160,3,-147.035 10.552 -0.755637 0.69667,91.0584 -10.721 -0.775306 0.717585,0
159,2,160,4,-147.035 10.5836 -2.83282 2.11019,91.0584 -10.7531 -2.69658 2.03027,0
159,2,160,5,-147.035 10.6526 -5.02452 3.60084,91.0584 -10.8232 -4.50797 3.27104,0
159,3,160,2,-147.69 10.6543 2.90962 -1.7839,90.441 -10.7656 3.25104 -2.00612,0
159,3,160,3,-147.69 10.6105 1.06149 -0.524048,90.441 -10.7213 1.10524 -0.545267,0
159,3,160,4,-147.69 10.6043 -0.900469 0.811946,90.441 -10.7151 -0.928637 0.841748,0
159,3,160,5,-147.69 10.636 -2.97734 2.22511,90.441 -10.7471 -2.8514 2.15579,0
159,3,160,6,-147.69 10.705 -5.16897 3.71562,90.441 -10.8168 -4.66505 3.39851,0
159,4,160,3,-148.345 10.7066 2.76372 -1.66758,89.8235 -10.7591 3.09683 -1.88158,0
159,4,160,4,-148.345 10.6628 0.916411 -0.408555,89.8235 -10.7151 0.951098 -0.420552,0
159,4,160,5,-148.345 10.6567 -1.04497 0.926846,89.8235 -10.709 -1.08349 0.967224,0
159,4,160,6,-148.345 10.6884 -3.12151 2.33964,89.8235 -10.7408 -3.00774 2.28262,0
159,4,160,7,-148.345 10.7575 -5.31306 3.83,89.8235 -10.8103 -4.82365 3.52729,0
159,5,160,4,-149 10.759 2.61814 -1.55164,89.2061 -10.7525 2.94109 -1.75572,0
159,5,160,5,-149 10.7152 0.77167 -0.293441,89.2061 -10.7087 0.79543 -0.294521,0
159,5,160,6,-149 10.7091 -1.18913 1.04136,89.2061 -10.7027 -1.23986 1.09401,0
159,5,160,7,-149 10.7408 -3.26534 2.45377,89.2061 -10.7344 -3.1656 2.41076,0
159,5,160,8,-149 10.81 -5.45679 3.94396,89.2061 -10.8035 -4.98376 3.65737,0
159,6,160,5,-149.654 10.8114 2.4729 -1.43608,88.5887 -10.7457 2.78383 -1.62854,0
159,6,160,6,-149.654 10.7676 0.627274 -0.178719,88.5887 -10.7022 0.638241 -0.167177,0
159,6,160,7,-149.654 10.7615 -1.33294 1.15547,88.5887 -10.6961 -1.39775 1.22211,0
159,6,160,8,-149.654 10.7933 -3.4088 2.56749,88.5887 -10.7277 -3.32497 2.54021,0
159,6,160,9,-149.654 10.8625 -5.60012 4.0575,88.5887 -10.7965 -5.14538 3.78876,0
159,7,160,6,-150.309 10.8638 2.32802 -1.32092,87.9713 -10.7387 2.62505 -1.50005,0
159,7,160,7,-150.309 10.82 0.483237 -0.0643997,87.9713 -10.6954 0.479533 -0.038521,0
159,7,160,8,-150.309 10.814 -1.47638 1.26917,87.9713 -10.6894 -1.55716 1.35152,0
159,7,160,9,-150.309 10.8458 -3.55188 2.68079,87.9713 -10.7208 -3.48585 2.67096,0
159,7,160,10,-150.309 10.9151 -5.74307 4.17059,87.9713 -10.7893 -5.30851 3.92146,0
159,8,160,7,-150.964 10.9163 2.18351 -1.20617,87.3539 -10.7314 2.46475 -1.37025,0
159,8,160,8,-150.964 10.8725 0.33957 0.0495052,87.3539 -10.6884 0.319308 0.0914448,0
159,8,160,9,-150.964 10.8665 -1.61944 1.38245,87.3539 -10.6825 -1.71808 1.48223,0
159,8,160,10,-150.964 10.8984 -3.69456 2.79365,87.3539 -10.7138 -3.64824 2.80302,0
159,9,160,8,-151.619 10.9689 2.03938 -1.09184,86.7365 -10.724 2.30293 -1.23913,0
159,9,160,9,-151.619 10.9251 0.196287 0.162984,86.7365 -10.6812 0.157568 0.222718,0
159,9,160,10,-151.619 10.9191 -1.76211 1.4953,86.7365 -10.6753 -1.88051 1.61425,0
159,10,160,8,-152.274 11.1027 3.62455 -2.15597,86.119 -10.7953 4.39115 -2.63862,0
159,10,160,9,-152.274 11.0215 1.89564 -0.977943,86.119 -10.7164 2.1396 -1.10671,0
159,10,160,10,-152.274 10.9777 0.0533985 0.276024,86.119 -10.6738 -0.00568541 0.355297,0
160,0,161,0,-134.646 10.8632 1.07966 -0.483434,82.2017 -10.2125 1.21054 -0.536693,0
160,0,161,1,-134.646 10.8644 -0.388555 0.388418,82.2017 -10.2137 -0.429707 0.429562,0
160,0,161,2,-134.646 10.9051 -2.29759 1.66159,82.2017 -10.2519 -2.34188 1.70488,0
160,0,161,3,-134.646 10.9849 -4.4164 3.10548,82.2017 -10.3269 -4.2513 3.01417,0
160,1,161,0,-135.278 10.9381 2.74646 -1.59301,81.561 -10.2829 3.3381 -1.9532,0
160,1,161,1,-135.278 10.9 1.39984 -0.80342,81.561 -10.2471 1.59113 -0.917197,0
160,1,161,2,-135.278 10.9012 -0.389459 0.389459,81.561 -10.2483 -0.430725 0.430725,1
160,1,161,3,-135.278 10.9419 -2.3891 1.75332,81.561 -10.2865 -2.44856 1.81163,0
160,1,161,4,-135.278 11.0214 -4.50727 3.19677,81.561 -10.3613 -4.36051 3.12326,0
160,2,161,1,-135.91 11.0605 2.89768 -1.82972,80.9203 -10.2252 3.53657 -2.24388,0
160,2,161,2,-135.91 11.0223 1.22796 -0.71692,80.9203 -10.1898 1.40637 -0.824133,0
160,2,161,3,-135.91 11.0236 -0.652343 0.566893,80.9203 -10.1911 -0.720768 0.629108,0
160,2,161,4,-135.91 11.0645 -2.65205 1.93058,80.9203 -10.2288 -2.74108 2.01208,0
160,2,161,5,-135.91 11.1445 -4.7708 3.37418,80.9203 -10.3028 -4.65688 3.32671,0
160,3,161,2,-136.542 11.1827 2.72618 -1.74351,80.2796 -10.1661 3.34799 -2.14882,0
160,3,161,3,-136.542 11.1444 0.965368 -0.539517,80.2796 -10.1312 1.11318 -0.623983,0
160,3,161,4,-136.542 11.1458 -0.91446 0.743758,80.2796 -10.1325 -1.01503 0.830374,0
160,3,161,5,-136.542 11.1869 -2.91421 2.10724,80.2796 -10.1699 -3.03781 2.21541,0
160,3,161,6,-136.542 11.2673 -5.03349 3.55098,80.2796 -10.243 -4.95747 3.53303,0
160,4,161,3,-137.174 11.3047 2.4634 -1.56579,79.639 -10.1057 3.05027 -1.94596,0
160,4,161,4,-137.174 11.2663 0.703581 -0.362702,79.639 -10.0713 0.815783 -0.42095,0
160,4,161,5,-137.174 11.2678 -1.17576 0.92002,79.639 -10.0726 -1.3135 1.03452,0
160,4,161,6,-137.174 11.3091 -3.17553 2.28328,79.639 -10.1096 -3.33875 2.42161,0
160,4,161,7,-137.174 11.3899 -5.29531 3.72711,79.639 -10.1818 -5.26227 3.74223,0
160,5,161,4,-137.806 11.4265 2.20146 -1.38869,78.9983 -10.0439 2.74834 -1.74022,0
160,5,161,5,-137.806 11.388 0.442638 -0.186506,78.9983 -10.0101 0.51417 -0.215035,0
160,5,161,6,-137.806 11.3895 -1.43621 1.09565,78.9983 -10.0114 -1.61618 1.24155,0
160,5,161,7,-137.806 11.4311 -3.43596 2.45867,78.9983 -10.048 -3.64391 2.6307,0
160,5,161,8,-137.806 11.5123 -5.5562 3.90256,78.9983 -10.1194 -5.57128 3.95431,0
160,6,161,5,-138.438 11.548 1.9404 -1.21224,78.3576 -9.98086 2.4422 -1.5316,0
160,6,161,6,-138.438 11.5094 0.182585 -0.0109617,78.3576 -9.94749 0.208344 -0.00623944,0
160,6,161,7,-138.438 11.511 -1.69575 1.27061,78.3576 -9.94889 -1.92309 1.45146,0
160,6,161,8,-138.438 11.5529 -3.69547 2.63337,78.3576 -9.98503 -3.95328 2.84266,0
160,6,161,9,-138.438 11.6344 -5.81613 4.0773,78.3576 -10.0555 -5.8845 4.16926,0
160,7,161,6,-139.07 11.6693 1.68029 -1.03646,77.7169 -9.91646 2.13185 -1.3201,0
160,7,161,7,-139.07 11.6306 -0.0765332 0.1639,77.7169 -9.88358 -0.101696 0.205437,0
160,7,161,8,-139.07 11.6323 -1.95435 1.44488,77.7169 -9.88501 -2.2342 1.66424,0
160,7,161,9,-139.07 11.6743 -3.954 2.80734,77.7169 -9.92073 -4.26686 3.0575,0
160,7,161,10,-139.07 11.7563 -6.07505 4.25128,77.7169 -9.99039 -6.20193 4.38709,0
160,8,161,7,-139.702 11.7903 1.42115 -0.861396,77.0763 -9.85073 1.81728 -1.10571,0
160,8,161,8,-139.702 11.7515 -0.33467 0.338048,77.0763 -9.81833 -0.415949 0.419993,0
160,8,161,9,-139.702 11.7533 -2.21194 1.61842,77.0763 -9.8198 -2.54953 1.87991,0
160,8,161,10,-139.702 11.7956 -4.21151 2.98058,77.0763 -9.85511 -4.58466 3.27522,0
160,9,161,8,-140.334 11.911 1.16303 -0.687069,76.4356 -9.78366 1.49851 -0.888454,0
160,9,161,9,-140.334 11.8722 -0.591781 0.51145,76.4356 -9.75175 -0.734412 0.637426,0
160,9,161,10,-140.334 11.874 -2.46851 1.7912,76.4356 -9.75325 -2.86907 2.09845,0
160,10,161,8,-140.967 12.1108 2.53952 -1.63125,75.7949 -9.77935 3.50523 -2.25881,0
160,10,161,9,-140.967 12.0315 0.905991 -0.513515,75.7949 -9.71527 1.17553 -0.66832,0
160,10,161,10,-140.967 11.9925 -0.847821 0.684074,75.7949 -9.68384 -1.05708 0.857736,0
161,0,162,0,-123.186 11.5723 0.545179 -0.296869,72.663 -9.40161 0.691157 -0.376987,0
161,0,162,1,-123.186 11.5735 -1.06431 0.7428,72.663 -9.40256 -1.27157 0.8891,0
161,0,162,2,-123.186 11.6167 -2.79864 1.86523,72.663 -9.4377 -3.1328 2.08787,0
161,0,162,3,-123.186 11.7016 -4.75918 3.17225,72.663 -9.50664 -5.01872 3.34515,0
161,1,162,0,-123.781 11.3173 2.77186 -1.67334,71.9879 -9.84065 3.64816 -2.21983,0
161,1,162,1,-123.781 11.2776 1.28695 -0.717415,71.9879 -9.80615 1.58165 -0.885401,0
161,1,162,2,-123.781 11.2787 -0.320943 0.320658,71.9879 -9.80716 -0.381714 0.381387,0
161,1,162,3,-123.781 11.3207 -2.15404 1.54312,71.9879 -9.84367 -2.36639 1.70497,0
161,1,162,4,-123.781 11.4031 -4.16373 2.9018,71.9879 -9.91527 -4.31437 3.02697,0
161,2,162,1,-124.377 11.3433 2.87276 -1.7738,71.3127 -9.8633 3.77553 -2.347,0
161,2,162,2,-124.377 11.3038 1.38874 -0.818896,71.3127 -9.82892 1.70808 -1.01153,0
161,2,162,3,-124.377 11.305 -0.320832 0.320832,71.3127 -9.82995 -0.381616 0.381616,1
161,2,162,4,-124.377 11.3469 -2.2078 1.59723,71.3127 -9.8664 -2.43338 1.77223,0
161,2,162,5,-124.377 11.4291 -4.21713 2.95571,71.3127 -9.93786 -4.38271 3.09545,0
161,3,162,2,-124.972 11.4605 2.79325 -1.78499,70.6376 -9.78017 3.6908 -2.36787,0
161,3,162,3,-124.972 11.4208 1.2073 -0.727961,70.6376 -9.74625 1.49726 -0.905829,0
161,3,162,4,-124.972 11.422 -0.556363 0.465822,70.6376 -9.7473 -0.659215 0.554105,0
161,3,162,5,-124.972 11.4642 -2.44374 1.74236,70.6376 -9.7833 -2.71263 1.94593,0
161,3,162,6,-124.972 11.5469 -4.45403 3.1013,70.6376 -9.85387 -4.66485 3.27113,0
161,4,162,3,-125.567 11.5771 2.61268 -1.69455,69.9625 -9.69571 3.47628 -2.26027,0
161,4,162,4,-125.567 11.5372 0.972884 -0.583481,69.9625 -9.66227 1.21681 -0.731831,0
161,4,162,5,-125.567 11.5385 -0.790633 0.610114,69.9625 -9.66333 -0.940084 0.728538,0
161,4,162,6,-125.567 11.5809 -2.6784 1.88678,69.9625 -9.69888 -2.99517 2.12158,0
161,4,162,7,-125.567 11.6641 -4.68963 3.24617,69.9625 -9.76854 -4.95027 3.44876,0
161,5,162,4,-126.162 11.6932 2.37886 -1.55028,69.2874 -9.60992 3.19176 -2.08399,0
161,5,162,5,-126.162 11.653 0.739755 -0.439715,69.2874 -9.57696 0.933105 -0.555893,0
161,5,162,6,-126.162 11.6543 -1.02361 0.753689,69.2874 -9.57803 -1.22422 0.904912,0
161,5,162,7,-126.162 11.6971 -2.91176 2.03048,69.2874 -9.61312 -3.28096 2.29917,0
161,5,162,8,-126.162 11.7807 -4.92389 3.39029,69.2874 -9.68188 -5.23895 3.62833,0
161,6,162,5,-126.757 11.8086 2.14637 -1.40674,68.6122 -9.52282 2.90398 -1.90577,0
161,6,162,6,-126.757 11.7683 0.507951 -0.29668,68.6122 -9.49033 0.64614 -0.378018,0
161,6,162,7,-126.757 11.7696 -1.25526 0.89653,68.6122 -9.49141 -1.51161 1.08322,0
161,6,162,8,-126.757 11.8126 -3.14377 2.17343,68.6122 -9.52605 -3.57002 2.4787,0
161,6,162,9,-126.757 11.8967 -5.15679 3.53365,68.6122 -9.5939 -5.5309 3.80984,0
161,7,162,6,-127.352 11.9234 1.91525 -1.26395,67.9371 -9.4344 2.61295 -1.72562,0
161,7,162,7,-127.352 11.883 0.277505 -0.154397,67.9371 -9.40238 0.355925 -0.198209,0
161,7,162,8,-127.352 11.8843 -1.48554 1.03862,67.9371 -9.40347 -1.80225 1.26347,0
161,7,162,9,-127.352 11.9276 -3.37441 2.31561,67.9371 -9.43766 -3.86233 2.66016,0
161,8,162,7,-127.947 12.0376 1.68552 -1.12194,67.262 -9.34467 2.31868 -1.54355,0
161,8,162,8,-127.947 11.997 0.0484508 -0.0128839,67.262 -9.31312 0.0624695 -0.0164714,0
161,8,162,9,-127.947 11.9984 -1.71443 1.17993,67.262 -9.31422 -2.09613 1.44564,0
161,9,162,7,-128.543 12.2339 2.96914 -2.00663,66.5868 -9.31658 4.3727 -2.95053,0
161,9,162,8,-128.543 12.1512 1.45723 -0.980719,66.5868 -9.25363 2.02118 -1.35954,0
161,9,162,9,-128.543 12.1104 -0.179179 0.12784,66.5868 -9.22256 -0.234219 0.167192,0
161,10,162,7,-129.138 12.4713 4.13001 -2.80983,65.9117 -9.31609 6.51312 -4.41631,0
161,10,162,8,-129.138 12.3471 2.74117 -1.86543,65.9117 -9.2233 4.06994 -2.7635,0
161,10,162,9,-129.138 12.2641 1.2304 -0.840311,65.9117 -9.16129 1.72046 -1.17362,0
162,0,163,0,-111.366 11.8125 0.947757 -0.603442,63.5756 -9.18169 1.27234 -0.811341,0
162,0,163,1,-111.366 11.8018 -0.659012 0.456961,63.5756 -9.17341 -0.831004 0.576806,0
162,0,163,2,-111.366 11.8339 -2.39397 1.60282,63.5756 -9.19834 -2.83498 1.8988,0
162,0,163,3,-111.366 11.9084 -4.25573 2.83309,63.5756 -9.25622 -4.73994 3.15473,0
162,1,163,0,-111.934 11.7766 2.6601 -1.71122,62.878 -9.36054 3.7727 -2.43526,0
162,1,163,1,-111.934 11.7238 1.18048 -0.735859,62.878 -9.3186 1.56943 -0.980852,0
162,1,163,2,-111.934 11.7133 -0.426363 0.324515,62.878 -9.31021 -0.534212 0.407496,0
162,1,163,3,-111.934 11.745 -2.16043 1.46978,62.878 -9.33546 -2.53752 1.72915,0
162,1,163,4,-111.934 11.8188 -4.05336 2.73192,62.878 -9.39409 -4.48305 3.02641,0
162,2,163,1,-112.503 11.6858 2.89726 -1.84597,62.1804 -9.49712 4.06934 -2.60464,0
162,2,163,2,-112.503 11.6336 1.41659 -0.870071,62.1804 -9.45466 1.86481 -1.14949,0
162,2,163,3,-112.503 11.6231 -0.190338 0.190275,62.1804 -9.44616 -0.239138 0.23906,0
162,2,163,4,-112.503 11.6546 -1.95636 1.36779,62.1804 -9.47174 -2.28377 1.60237,0
162,2,163,5,-112.503 11.7276 -3.86524 2.64659,62.1804 -9.53112 -4.25028 2.92134,0
162,3,163,2,-113.072 11.6973 2.93009 -1.87867,61.4828 -9.50646 4.11146 -2.64674,0
162,3,163,3,-113.072 11.6451 1.44928 -0.902686,61.4828 -9.46404 1.9068 -1.19142,0
162,3,163,4,-113.072 11.6347 -0.190336 0.190336,61.4828 -9.45556 -0.239141 0.239141,1
162,3,163,5,-113.072 11.6661 -1.97362 1.38514,61.4828 -9.48112 -2.30612 1.62477,0
162,3,163,6,-113.072 11.7391 -3.88238 2.66388,61.4828 -9.54044 -4.27298 2.94405,0
162,4,163,3,-113.64 11.763 2.85464 -1.85733,60.7852 -9.44866 4.01926 -2.62167,0
162,4,163,4,-113.64 11.7107 1.34132 -0.848649,60.7852 -9.40658 1.77307 -1.12447,0
162,4,163,5,-113.64 11.7002 -0.31556 0.261664,60.7852 -9.39818 -0.39496 0.328254,0
162,4,163,6,-113.64 11.7318 -2.09907 1.45658,60.7852 -9.42353 -2.46248 1.71422,0
162,4,163,7,-113.64 11.805 -4.0084 2.73561,60.7852 -9.48238 -4.43053 3.03421,0
162,5,163,4,-114.209 11.8285 2.74692 -1.80344,60.0876 -9.39041 3.88391 -2.55388,0
162,5,163,5,-114.209 11.7759 1.21657 -0.777549,60.0876 -9.34868 1.61617 -1.03479,0
162,5,163,6,-114.209 11.7654 -0.440223 0.332707,60.0876 -9.34035 -0.551736 0.417883,0
162,5,163,7,-114.209 11.7971 -2.22397 1.52774,60.0876 -9.3655 -2.61979 1.80419,0
162,5,163,8,-114.209 11.8707 -4.13385 2.80706,60.0876 -9.42388 -4.58904 3.1249,0
162,6,163,5,-114.778 11.8937 2.62233 -1.7324,59.39 -9.33173 3.72527 -2.46325,0
162,6,163,6,-114.778 11.8409 1.09238 -0.706737,59.39 -9.29034 1.45832 -0.944589,0
162,6,163,7,-114.778 11.8304 -0.564321 0.403465,59.39 -9.28208 -0.709469 0.50803,0
162,6,163,8,-114.778 11.8622 -2.3483 1.59861,59.39 -9.30704 -2.77806 1.89467,0
162,6,163,9,-114.778 11.936 -4.25872 2.87821,59.39 -9.36494 -4.7485 3.2161,0
162,7,163,6,-115.346 11.9586 2.49832 -1.66166,58.6924 -9.2726 3.56568 -2.3721,0
162,7,163,7,-115.346 11.9057 0.96877 -0.636215,58.6924 -9.23156 1.29951 -0.853878,0
162,7,163,8,-115.346 11.8951 -0.687847 0.473932,58.6924 -9.22338 -0.868154 0.59869,0
162,7,163,9,-115.346 11.927 -2.47205 1.66919,58.6924 -9.24813 -2.93729 1.98567,0
162,8,163,7,-115.915 12.0232 2.37489 -1.59121,57.9948 -9.21304 3.40513 -2.28044,0
162,8,163,8,-115.915 11.9701 0.845737 -0.565986,57.9948 -9.17235 1.13975 -0.762653,0
162,8,163,9,-115.915 11.9595 -0.810795 0.544106,57.9948 -9.16424 -1.02779 0.689864,0
162,9,163,7,-116.484 12.1829 3.65498 -2.46234,57.2973 -9.22526 5.60438 -3.76988,0
162,9,163,8,-116.484 12.0875 2.25205 -1.52106,57.2973 -9.15304 3.24364 -2.18826,0
162,9,163,9,-116.484 12.0342 0.723288 -0.496054,57.2973 -9.1127 0.979044 -0.670916,0
163,0,164,0,-99.2088 11.8896 -0.314767 0.217549,54.8549 -9.06484 -0.408738 0.282623,0
163,0,164,1,-99.2088 11.9147 -2.02667 1.35465,54.8549 -9.08397 -2.47273 1.65314,0
163,0,164,2,-99.2088 11.9825 -3.86682 2.57722,54.8549 -9.13572 -4.43884 2.95837,0
163,1,164,0,-99.7659 11.8826 1.34497 -0.878149,54.1479 -9.12639 1.85432 -1.21198,0
163,1,164,1,-99.7659 11.8647 -0.237882 0.17288,54.1479 -9.11265 -0.308138 0.224125,0
163,1,164,2,-99.7659 11.8897 -1.94956 1.30983,54.1479 -9.13187 -2.37196 1.59454,0
163,1,164,3,-99.7659 11.9573 -3.78911 2.53204,54.1479 -9.18382 -4.33759 2.8995,0
163,2,164,0,-100.323 11.9178 2.87735 -1.88874,53.441 -9.22091 4.21583 -2.77206,0
163,2,164,1,-100.323 11.8574 1.4224 -0.92311,53.441 -9.17419 1.95493 -1.27049,0
163,2,164,2,-100.323 11.8396 -0.160579 0.127983,53.441 -9.1604 -0.207661 0.165687,0
163,2,164,3,-100.323 11.8645 -1.87202 1.26478,53.441 -9.17969 -2.27131 1.53601,0
163,2,164,4,-100.323 11.932 -3.72368 2.49932,53.441 -9.23186 -4.25304 2.85729,0
163,3,164,1,-100.88 11.8923 2.95568 -1.93421,52.7341 -9.26883 4.31674 -2.83076,0
163,3,164,2,-100.88 11.8321 1.50024 -0.968298,52.7341 -9.22193 2.05541 -1.32895,0
163,3,164,3,-100.88 11.8143 -0.0828578 0.0828587,52.7341 -9.20809 -0.107308 0.107309,0
163,3,164,4,-100.88 11.8392 -1.8067 1.23215,52.7341 -9.22746 -2.18728 1.49403,0
163,3,164,5,-100.88 11.9064 -3.66794 2.47648,52.7341 -9.27984 -4.18179 2.82829,0
163,4,164,2,-101.437 11.8995 2.96842 -1.9469,52.0272 -9.2745 4.33314 -2.8472,0
163,4,164,3,-101.437 11.8394 1.51284 -0.98088,52.0272 -9.22763 2.07181 -1.34536,0
163,4,164,4,-101.437 11.8216 -0.0829119 0.0829119,52.0272 -9.2138 -0.107378 0.107378,1
163,4,164,5,-101.437 11.8465 -1.81672 1.24218,52.0272 -9.23316 -2.20047 1.50722,0
163,4,164,6,-101.437 11.9136 -3.67789 2.48648,52.0272 -9.28551 -4.19516 2.84163,0
163,5,164,3,-101.994 11.9242 2.94639 -1.94223,51.3203 -9.25779 4.30479 -2.84127,0
163,5,164,4,-101.994 11.864 1.47818 -0.963532,51.3203 -9.21106 2.02718 -1.32301,0
163,5,164,5,-101.994 11.8463 -0.127546 0.110251,51.3203 -9.19728 -0.164989 0.142755,0
163,5,164,6,-101.994 11.8711 -1.8614 1.26954,51.3203 -9.21658 -2.25826 1.54271,0
163,5,164,7,-101.994 11.9384 -3.72269 2.51391,51.3203 -9.26877 -4.25338 2.8774,0
163,6,164,4,-102.551 11.9489 2.91172 -1.92489,50.6134 -9.24102 4.25972 -2.81868,0
163,6,164,5,-102.551 11.8886 1.43355 -0.936193,50.6134 -9.19444 1.96932 -1.28749,0
163,6,164,6,-102.551 11.8709 -0.172138 0.137567,50.6134 -9.18069 -0.222747 0.178219,0
163,6,164,7,-102.551 11.8958 -1.90604 1.29688,50.6134 -9.19994 -2.31618 1.57828,0
163,6,164,8,-102.551 11.963 -3.76746 2.54132,50.6134 -9.25197 -4.31175 2.91326,0
163,7,164,5,-103.108 11.9735 2.86702 -1.89751,49.9065 -9.22419 4.20136 -2.78286,0
163,7,164,6,-103.108 11.9132 1.38897 -0.908878,49.9065 -9.17775 1.91132 -1.25188,0
163,7,164,7,-103.108 11.8955 -0.216686 0.164861,49.9065 -9.16405 -0.280652 0.213771,0
163,7,164,8,-103.108 11.9204 -1.95063 1.3242,49.9065 -9.18324 -2.37426 1.61395,0
163,7,164,9,-103.108 11.9877 -3.81218 2.5687,49.9065 -9.23512 -4.37026 2.9492,0
163,8,164,6,-103.665 11.9981 2.82236 -1.87015,49.1996 -9.20731 4.14284 -2.74694,0
163,8,164,7,-103.665 11.9378 1.34443 -0.881584,49.1996 -9.16101 1.85317 -1.21619,0
163,8,164,8,-103.665 11.92 -0.261191 0.192132,49.1996 -9.14735 -0.338705 0.249409,0
163,8,164,9,-103.665 11.9449 -1.99518 1.35149,49.1996 -9.16648 -2.43248 1.6497,0
163,9,164,7,-104.222 12.0227 2.77775 -1.84281,48.4927 -9.19036 4.08418 -2.71094,0
163,9,164,8,-104.222 11.9624 1.29994 -0.854313,48.4927 -9.1442 1.79487 -1.18041,0
163,9,164,9,-104.222 11.9446 -0.305652 0.21938,48.4927 -9.13059 -0.396905 0.285135,0
164,0,165,0,-87.4165 11.9182 -0.130186 0.0925456,45.6639 -9.03861 -0.171067 0.121647,0
164,0,165,1,-87.4165 11.9423 -1.83565 1.22963,45.6639 -9.05689 -2.26703 1.51911,0
164,0,165,2,-87.4165 12.0092 -3.66971 2.45249,45.6639 -9.10767 -4.2656 2.85167,0
164,1,165,0,-87.9662 11.9301 1.47064 -0.970478,44.9513 -9.07368 2.05542 -1.35715,0
164,1,165,1,-87.9662 11.9111 -0.105501 0.0803728,44.9513 -9.05925 -0.138565 0.105622,0
164,1,165,2,-87.9662 11.9352 -1.81088 1.21742,44.9513 -9.07756 -2.23449 1.50307,0
164,1,165,3,-87.9662 12.002 -3.64472 2.44014,44.9513 -9.1284 -4.23293 2.83558,0
164,2,165,0,-88.5159 11.9846 2.9432 -1.94792,44.2387 -9.14141 4.37965 -2.90103,0
164,2,165,1,-88.5159 11.9229 1.49547 -0.982724,44.2387 -9.09433 2.08795 -1.37319,0
164,2,165,2,-88.5159 11.904 -0.0807466 0.068166,44.2387 -9.07989 -0.106069 0.0895988,0
164,2,165,3,-88.5159 11.928 -1.78605 1.20517,44.2387 -9.09822 -2.20195 1.48703,0
164,2,165,4,-88.5159 11.9948 -3.61935 2.42745,44.2387 -9.14914 -4.19986 2.81908,0
164,3,165,1,-89.0656 11.9774 2.96831 -1.96032,43.526 -9.16212 4.41227 -2.9171,0
164,3,165,2,-89.0656 11.9158 1.52036 -0.995004,43.526 -9.11499 2.12047 -1.38922,0
164,3,165,3,-89.0656 11.8968 -0.0559241 0.0559251,43.526 -9.10052 -0.0735773 0.0735785,0
164,3,165,4,-89.0656 11.9208 -1.76083 1.19257,43.526 -9.11888 -2.16899 1.47057,0
164,3,165,5,-89.0656 11.9875 -3.58612 2.40694,43.526 -9.16987 -4.15649 2.79228,0
164,4,165,2,-89.6153 11.9828 2.96809 -1.96005,42.8134 -9.16625 4.41172 -2.91658,0
164,4,165,3,-89.6153 11.9212 1.52004 -0.994682,42.8134 -9.11914 2.11999 -1.38875,0
164,4,165,4,-89.6153 11.9023 -0.0559526 0.0559526,42.8134 -9.10468 -0.0736147 0.0736147,1
164,4,165,5,-89.6153 11.9263 -1.75309 1.18483,42.8134 -9.12303 -2.15881 1.46038,0
164,4,165,6,-89.6153 11.9929 -3.57823 2.39909,42.8134 -9.174 -4.14632 2.78207,0
164,5,165,3,-90.165 11.9982 2.94775 -1.94973,42.1008 -9.15723 4.38486 -2.90291,0
164,5,165,4,-90.165 11.9366 1.50004 -0.984671,42.1008 -9.1102 2.09375 -1.37561,0
164,5,165,5,-90.165 11.9177 -0.0682245 0.0582364,42.1008 -9.09577 -0.0895662 0.0764941,0
164,5,165,6,-90.165 11.9417 -1.76534 1.18709,42.1008 -9.11409 -2.17482 1.46328,0
164,5,165,7,-90.165 12.0084 -3.59046 2.40129,42.1008 -9.16496 -4.16248 2.78504,0
164,6,165,4,-90.7147 12.0137 2.92774 -1.93973,41.3882 -9.14817 4.35837 -2.88963,0
164,6,165,5,-90.7147 11.952 1.48779 -0.982412,41.3882 -9.10124 2.07771 -1.37269,0
164,6,165,6,-90.7147 11.9331 -0.0804702 0.0604991,41.3882 -9.08684 -0.105561 0.0793937,0
164,6,165,7,-90.7147 11.9571 -1.77757 1.18932,41.3882 -9.10512 -2.19087 1.4662,0
164,6,165,8,-90.7147 12.0238 -3.60266 2.40346,41.3882 -9.1559 -4.17869 2.78802,0
164,7,165,5,-91.2644 12.0291 2.91553 -1.93753,40.6756 -9.1391 4.34214 -2.88664,0
164,7,165,6,-91.2644 11.9675 1.47557 -0.980175,40.6756 -9.09225 2.06163 -1.36975,0
164,7,165,7,-91.2644 11.9485 -0.0926896 0.0627408,40.6756 -9.07788 -0.121598 0.0823134,0
164,7,165,8,-91.2644 11.9726 -1.78977 1.19154,40.6756 -9.09613 -2.20696 1.46915,0
164,7,165,9,-91.2644 12.0393 -3.61483 2.40562,40.6756 -9.14681 -4.19494 2.79103,0
164,8,165,6,-91.8141 12.0446 2.90335 -1.93535,39.9629 -9.13 4.32587 -2.88362,0
164,8,165,7,-91.8141 11.9829 1.46337 -0.977958,39.9629 -9.08325 2.0455 -1.3668,0
164,8,165,8,-91.8141 11.964 -0.104883 0.0649613,39.9629 -9.0689 -0.137679 0.0852534,0
164,8,165,9,-91.8141 11.988 -1.80195 1.19373,39.9629 -9.08712 -2.2231 1.47211,0
164,9,165,7,-92.3638 12.06 2.89119 -1.93319,39.2503 -9.12088 4.30955 -2.88059,0
164,9,165,8,-92.3638 11.9983 1.45121 -0.975762,39.2503 -9.07422 2.02933 -1.36382,0
164,9,165,9,-92.3638 11.9794 -0.117049 0.0671607,39.2503 -9.0599 -0.153803 0.0882136,0
165,0,166,0,-75.536 11.9421 -0.012042 0.0129859,36.5759 -9.02085 -0.0159751 0.0172247,0
165,0,166,1,-75.536 11.9653 -1.71009 1.14707,36.5759 -9.03838 -2.12986 1.42921,0
165,0,166,2,-75.536 12.0314 -3.53694 2.36706,36.5759 -9.08832 -4.14671 2.77656,0
165,1,166,0,-76.0802 11.9659 1.54977 -1.02832,35.8591 -9.03814 2.18662 -1.4513,0
165,1,166,1,-76.0802 11.9459 -0.0187923 0.0194218,35.8591 -9.02309 -0.0249449 0.0257784,0
165,1,166,2,-76.0802 11.9691 -1.71683 1.1535,35.8591 -9.04062 -2.13887 1.4378,0
165,1,166,3,-76.0802 12.0352 -3.54366 2.37349,35.8591 -9.09054 -4.15581 2.78523,0
165,2,166,0,-76.6245 12.0325 2.98284 -1.98378,35.1423 -9.08783 4.48634 -2.98455,0
165,2,166,1,-76.6245 11.9697 1.54303 -1.02188,35.1423 -9.04037 2.17762 -1.44272,0
165,2,166,2,-76.6245 11.9498 -0.0255409 0.025856,35.1423 -9.02532 -0.0339242 0.0343414,0
165,2,166,3,-76.6245 11.973 -1.72357 1.15993,35.1423 -9.04285 -2.14789 1.44639,0
165,2,166,4,-76.6245 12.039 -3.54423 2.37376,35.1423 -9.09275 -4.15672 2.7857,0
165,3,166,1,-77.1688 12.0363 2.97611 -1.97734,34.4255 -9.09004 4.47724 -2.97589,0
165,3,166,2,-77.1688 11.9735 1.53628 -1.01545,34.4255 -9.0426 2.16861 -1.43413,0
165,3,166,3,-77.1688 11.9536 -0.032288 0.0322884,34.4255 -9.02756 -0.042913 0.0429135,0
165,3,166,4,-77.1688 11.9768 -1.72419 1.16024,34.4255 -9.04508 -2.14875 1.44683,0
165,3,166,5,-77.1688 12.0429 -3.53151 2.36076,34.4255 -9.09497 -4.13994 2.76847,0
165,4,166,2,-77.713 12.0398 2.97002 -1.97123,33.7087 -9.09268 4.46898 -2.96764,0
165,4,166,3,-77.713 11.977 1.53017 -1.00933,33.7087 -9.04525 2.16042 -1.42595,0
165,4,166,4,-77.713 11.9571 -0.0322987 0.0322987,33.7087 -9.03022 -0.0429272 0.0429272,1
165,4,166,5,-77.713 11.9803 -1.71097 1.14703,33.7087 -9.04773 -2.13118 1.42925,0
165,4,166,6,-77.713 12.0463 -3.51813 2.3474,33.7087 -9.0976 -4.12232 2.75083,0
165,5,166,3,-78.2573 12.0355 2.9795 -1.97289,32.992 -9.10561 4.48129 -2.96969,0
165,5,166,4,-78.2573 11.9728 1.54566 -1.01707,32.992 -9.05814 2.18087 -1.43616,0
165,5,166,5,-78.2573 11.9529 -0.00365695 0.0113855,32.992 -9.04309 -0.00491627 0.0151407,0
165,5,166,6,-78.2573 11.9761 -1.68222 1.12603,32.992 -9.06062 -2.09312 1.40144,0
165,5,166,7,-78.2573 12.042 -3.48914 2.32622,32.992 -9.11054 -4.08411 2.72291,0
165,6,166,4,-78.8015 12.0312 2.99515 -1.98073,32.2752 -9.11854 4.50181 -2.97993,0
165,6,166,5,-78.8015 11.9685 1.5744 -1.03805,32.2752 -9.07103 2.21894 -1.46399,0
165,6,166,6,-78.8015 11.9487 0.0250449 -0.00957454,32.2752 -9.05597 0.0330844 -0.0126362,0
165,6,166,7,-78.8015 11.9718 -1.65341 1.10499,32.2752 -9.07352 -2.05507 1.37363,0
165,6,166,8,-78.8015 12.0377 -3.46009 2.30499,32.2752 -9.12347 -4.04591 2.69499,0
165,7,166,5,-79.3458 12.0269 3.02413 -2.00187,31.5584 -9.13146 4.54004 -3.00788,0
165,7,166,6,-79.3458 11.9643 1.6032 -1.05908,31.5584 -9.08392 2.25699 -1.49181,0
165,7,166,7,-79.3458 11.9444 0.0538068 -0.0305814,31.5584 -9.06885 0.0710748 -0.0404033,0
165,7,166,8,-79.3458 11.9676 -1.62455 1.0839,31.5584 -9.08641 -2.01704 1.34583,0
165,7,166,9,-79.3458 12.0334 -3.43098 2.28372,31.5584 -9.13641 -4.00772 2.66708,0
165,8,166,6,-79.8901 12.0226 3.05317 -2.02306,30.8416 -9.14439 4.57825 -3.03582,0
165,8,166,7,-79.8901 11.96 1.63206 -1.08015,30.8416 -9.09681 2.29503 -1.51962,0
165,8,166,8,-79.8901 11.9402 0.0826289 -0.051635,30.8416 -9.08173 0.109055 -0.0681607,0
165,8,166,9,-79.8901 11.9633 -1.59562 1.06276,30.8416 -9.0993 -1.97901 1.31804,0
165,9,166,7,-80.4343 12.0182 3.08226 -2.0443,30.1248 -9.15732 4.61645 -3.06375,0
165,9,166,8,-80.4343 11.9557 1.66098 -1.10127,30.1248 -9.1097 2.33307 -1.54742,0
165,9,166,9,-80.4343 11.9359 0.111511 -0.0727354,30.1248 -9.0946 0.147024 -0.0959082,0
166,0,167,0,-63.5929 11.964 0.0699475 -0.0516066,27.5563 -9.00637 0.0930386 -0.068623,0
166,0,167,1,-63.5929 11.9862 -1.63062 1.08756,27.5563 -9.02315 -2.04032 1.36085,0
166,0,167,2,-63.5929 12.0515 -3.46008 2.31268,27.5563 -9.07225 -4.07691 2.72587,0
166,1,167,0,-64.1337 11.9926 1.61241 -1.08197,26.8368 -9.01517 2.28594 -1.53329,0
166,1,167,1,-64.1337 11.9717 0.0413561 -0.0291327,26.8368 -8.99947 0.0550805 -0.038797,0
166,1,167,2,-64.1337 11.994 -1.65922 1.11003,26.8368 -9.01623 -2.07839 1.39077,0
166,1,167,3,-64.1337 12.0593 -3.48877 2.33522,26.8368 -9.06528 -4.11523 2.756,0
166,2,167,0,-64.6744 12.0643 3.026 -2.02645,26.1174 -9.0562 4.57569 -3.06257,0
166,2,167,1,-64.6744 12.0004 1.58378 -1.05946,26.1174 -9.00825 2.2479 -1.5034,0
166,2,167,2,-64.6744 11.9795 0.0128074 -0.00669751,26.1174 -8.99256 0.017074 -0.00892893,0
166,2,167,3,-64.6744 12.0018 -1.68777 1.13246,26.1174 -9.00931 -2.1165 1.42073,0
166,2,167,4,-64.6744 12.067 -3.50105 2.34136,26.1174 -9.0583 -4.13166 2.76422,0
166,3,167,1,-65.2152 12.072 2.99726 -2.00385,25.398 -9.04922 4.5374 -3.0325,0
166,3,167,2,-65.2152 12.0081 1.5552 -1.037,25.398 -9.00132 2.2098 -1.47346,0
166,3,167,3,-65.2152 11.9872 -0.0156986 0.0156988,25.398 -8.98564 -0.0209807 0.020981,0
166,3,167,4,-65.2152 12.0095 -1.70001 1.13858,25.398 -9.00237 -2.13283 1.4289,0
166,3,167,5,-65.2152 12.0748 -3.50666 2.34082,25.398 -9.05132 -4.13918 2.76353,0
166,4,167,2,-65.7559 12.0737 2.98085 -1.98743,24.6785 -9.05044 4.51549 -3.01059,0
166,4,167,3,-65.7559 12.0098 1.53889 -1.02068,24.6785 -9.00254 2.18799 -1.45165,0
166,4,167,4,-65.7559 11.9889 -0.0157013 0.0157013,24.6785 -8.98687 -0.0209844 0.0209844,1
166,4,167,5,-65.7559 12.0112 -1.69337 1.13195,24.6785 -9.0036 -2.12397 1.42003,0
166,4,167,6,-65.7559 12.0765 -3.49996 2.33413,24.6785 -9.05254 -4.1303 2.75463,0
166,5,167,3,-66.2967 12.062 2.99105 -1.98433,23.9591 -9.06936 4.52893 -3.00634,0
166,5,167,4,-66.2967 11.9982 1.56533 -1.0339,23.9591 -9.02137 2.22318 -1.46925,0
166,5,167,5,-66.2967 11.9773 0.0172981 -0.0041064,23.9591 -9.00567 0.0230099 -0.00543846,0
166,5,167,6,-66.2967 11.9996 -1.66029 1.11209,23.9591 -9.02243 -2.07991 1.39357,0
166,5,167,7,-66.2967 12.0648 -3.46666 2.31414,23.9591 -9.07146 -4.08601 2.72804,0
166,6,167,4,-66.8374 12.0503 3.01771 -1.99767,23.2397 -9.08826 4.56426 -3.024,0
166,6,167,5,-66.8374 11.9866 1.59845 -1.05378,23.2397 -9.04019 2.26722 -1.4957,0
166,6,167,6,-66.8374 11.9657 0.0503646 -0.0239518,23.2397 -9.02446 0.0669726 -0.0318443,0
166,6,167,7,-66.8374 11.988 -1.62715 1.0922,23.2397 -9.04125 -2.03587 1.36712,0
166,6,167,8,-66.8374 12.0531 -3.43331 2.29411,23.2397 -9.09037 -4.04177 2.70147,0
166,7,167,5,-67.3782 12.0386 3.0511 -2.0177,22.5202 -9.10715 4.60848 -3.05057,0
166,7,167,6,-67.3782 11.9749 1.63164 -1.0737,22.5202 -9.05899 2.31122 -1.52213,0
166,7,167,7,-67.3782 11.9541 0.0834981 -0.0438349,22.5202 -9.04323 0.110904 -0.0582331,0
166,7,167,8,-67.3782 11.9763 -1.59394 1.07226,22.5202 -9.06005 -1.99187 1.34069,0
166,7,167,9,-67.3782 12.0414 -3.39988 2.27404,22.5202 -9.10926 -3.99755 2.67491,0
166,8,167,6,-67.9189 12.0269 3.08455 -2.03777,21.8008 -9.12602 4.65267 -3.07712,0
166,8,167,7,-67.9189 11.9633 1.6649 -1.09365,21.8008 -9.07777 2.3552 -1.54855,0
166,8,167,8,-67.9189 11.9425 0.116699 -0.0637557,21.8008 -9.06199 0.154803 -0.0846048,0
166,8,167,9,-67.9189 11.9647 -1.56066 1.05229,21.8008 -9.07884 -1.9479 1.31428,0
166,8,167,10,-67.9189 12.0296 -3.36639 2.25394,21.8008 -9.12814 -3.95336 2.64837,0
166,9,167,7,-68.4597 12.0151 3.11808 -2.05788,21.0814 -9.14488 4.69683 -3.10364,0
166,9,167,8,-68.4597 11.9516 1.69823 -1.11364,21.0814 -9.09654 2.39913 -1.57495,0
166,9,167,9,-68.4597 11.9308 0.149966 -0.0837141,21.0814 -9.08073 0.19867 -0.110959,0
166,9,167,10,-68.4597 11.953 -1.52732 1.03228,21.0814 -9.09761 -1.90396 1.28789,0
167,0,168,0,-51.6106 11.9513 0.163272 -0.114305,18.5743 -9.0279 0.217207 -0.152015,0
167,0,168,1,-51.6106 11.9734 -1.54298 1.03183,18.5743 -9.04455 -1.93146 1.29186,0
167,0,168,2,-51.6106 12.0383 -3.37798 2.26385,18.5743 -9.09359 -3.98334 2.67133,0
167,1,168,0,-52.1497 11.9898 1.68153 -1.13195,17.8537 -9.02286 2.38586 -1.60505,0
167,1,168,1,-52.1497 11.9687 0.104656 -0.0720481,17.8537 -9.00698 0.139555 -0.0960605,0
167,1,168,2,-52.1497 11.9908 -1.6016 1.07407,17.8537 -9.02359 -2.00934 1.348,0
167,1,168,3,-52.1497 12.0558 -3.4368 2.3062,17.8537 -9.0725 -4.06173 2.72786,0
167,2,168,0,-52.6888 12.0713 3.07094 -2.06376,17.133 -9.04994 4.65123 -3.12266,0
167,2,168,1,-52.6888 12.0072 1.62288 -1.08966,17.133 -9.00187 2.308 -1.54895,0
167,2,168,2,-52.6888 11.9861 0.0462075 -0.0299216,17.133 -8.98603 0.0617566 -0.0399924,0
167,2,168,3,-52.6888 12.0082 -1.66005 1.11617,17.133 -9.0026 -2.08736 1.40425,0
167,2,168,4,-52.6888 12.0733 -3.46966 2.32263,17.133 -9.05139 -4.10552 2.74976,0
167,3,168,1,-53.2279 12.0888 3.01207 -2.02129,16.4123 -9.02879 4.57287 -3.06623,0
167,3,168,2,-53.2279 12.0246 1.56441 -1.04749,16.4123 -8.98084 2.22999 -1.49275,0
167,3,168,3,-53.2279 12.0034 -0.012074 0.0120741,16.4123 -8.96504 -0.0161888 0.0161889,0
167,3,168,4,-53.2279 12.0256 -1.69268 1.13249,16.4123 -8.98157 -2.13098 1.42606,0
167,3,168,5,-53.2279 12.0907 -3.48893 2.3255,16.4123 -9.03024 -4.13126 2.75356,0
167,4,168,2,-53.7671 12.0898 2.9861 -1.99531,15.6917 -9.02957 4.53826 -3.03163,0
167,4,168,3,-53.7671 12.0256 1.53866 -1.02174,15.6917 -8.98162 2.19551 -1.45826,0
167,4,168,4,-53.7671 12.0045 -0.0120753 0.0120753,15.6917 -8.96582 -0.0161905 0.0161905,1
167,4,168,5,-53.7671 12.0266 -1.67922 1.11903,15.6917 -8.98235 -2.11295 1.40803,0
167,4,168,6,-53.7671 12.0918 -3.47535 2.31193,15.6917 -9.03102 -4.11316 2.73547,0
167,5,168,3,-54.3062 12.0842 2.97356 -1.97609,14.971 -9.03926 4.52141 -3.00587,0
167,5,168,4,-54.3062 12.02 1.55192 -1.02837,14.971 -8.99127 2.21324 -1.46713,0
167,5,168,5,-54.3062 11.9989 0.0145867 -0.0079688,14.971 -8.97546 0.0195165 -0.0106624,0
167,5,168,6,-54.3062 12.021 -1.65248 1.09892,14.971 -8.992 -2.0772 1.38115,0
167,5,168,7,-54.3062 12.0861 -3.44842 2.29167,14.971 -9.04071 -4.07725 2.70847,0
167,6,168,4,-54.8453 12.0786 2.98692 -1.98278,14.2503 -9.04895 4.53922 -3.01477,0
167,6,168,5,-54.8453 12.0144 1.57865 -1.04846,14.2503 -9.00091 2.249 -1.49402,0
167,6,168,6,-54.8453 11.9933 0.0412934 -0.0280498,14.2503 -8.98509 0.0551997 -0.037495,0
167,6,168,7,-54.8453 12.0154 -1.62569 1.07877,14.2503 -9.00164 -2.04147 1.35429,0
167,6,168,8,-54.8453 12.0805 -3.42144 2.27137,14.2503 -9.0504 -4.04136 2.68149,0
167,7,168,5,-55.3844 12.0729 3.01383 -2.003,13.5297 -9.05863 4.57515 -3.0418,0
167,7,168,6,-55.3844 12.0088 1.60543 -1.06859,13.5297 -9.01055 2.28474 -1.5209,0
167,7,168,7,-55.3844 11.9877 0.0680446 -0.0481678,13.5297 -8.99471 0.0908592 -0.0643071,0
167,7,168,8,-55.3844 12.0098 -1.59886 1.05858,13.5297 -9.01128 -2.00577 1.32745,0
167,7,168,9,-55.3844 12.0748 -3.39442 2.25104,13.5297 -9.06008 -4.0055 2.65453,0
167,8,168,6,-55.9235 12.0673 3.04078 -2.02326,12.809 -9.06831 4.61106 -3.06881,0
167,8,168,7,-55.9235 12.0032 1.63225 -1.08876,12.809 -9.02019 2.32045 -1.54775,0
167,8,168,8,-55.9235 11.9821 0.0948405 -0.0683227,12.809 -9.00434 0.126495 -0.0910988,0
167,8,168,9,-55.9235 12.0042 -1.57198 1.03836,12.809 -9.02092 -1.97009 1.30063,0
167,9,168,7,-56.4626 12.0616 3.06778 -2.04355,12.0883 -9.07799 4.64695 -3.09579,0
167,9,168,8,-56.4626 11.9976 1.65911 -1.10896,12.0883 -9.02983 2.35614 -1.57459,0
167,9,168,9,-56.4626 11.9765 0.121681 -0.0885146,12.0883 -9.01396 0.162107 -0.11787,0
167,10,168,7,-57.0017 12.1621 4.37684 -2.91399,11.3677 -9.16768 7.069 -4.70748,0
167,10,168,8,-57.0017 12.0559 3.09482 -2.06388,11.3677 -9.08766 4.68281 -3.12276,0
167,10,168,9,-57.0017 11.992 1.68602 -1.1292,11.3677 -9.03946 2.3918 -1.6014,0
168,0,169,0,-39.6103 11.9575 -1.47977 0.998076,9.61161 -9.0666 -1.85334 1.25087,0
168,0,169,1,-39.6103 12.0222 -3.31258 2.22896,9.61161 -9.11571 -3.90844 2.63296,0
168,0,169,2,-39.6103 12.1291 -5.27227 3.5446,9.61161 -9.19677 -5.8686 3.95204,0
168,1,169,0,-40.1484 11.9623 0.145818 -0.0943042,8.89017 -9.01638 0.194678 -0.125924,0
168,1,169,1,-40.1484 11.9843 -1.55837 1.05073,8.89017 -9.03296 -1.9576 1.32081,0
168,1,169,2,-40.1484 12.0492 -3.39148 2.28178,8.89017 -9.08188 -4.01336 2.70337,0
168,2,169,0,-40.6864 12.0102 1.64214 -1.10047,8.16872 -8.9986 2.34005 -1.56763,0
168,2,169,1,-40.6864 11.9891 0.0675487 -0.0418393,8.16872 -8.98272 0.0904498 -0.0560333,0
168,2,169,2,-40.6864 12.0111 -1.63667 1.10318,8.16872 -8.99924 -2.0621 1.39091,0
168,2,169,3,-40.6864 12.0761 -3.44344 2.30776,8.16872 -9.04797 -4.08255 2.73796,0
168,3,169,0,-41.2245 12.1012 3.00935 -2.0206,7.44728 -9.01271 4.5815 -3.07353,0
168,3,169,1,-41.2245 12.0369 1.56393 -1.048,7.44728 -8.9648 2.23547 -1.49753,0
168,3,169,2,-41.2245 12.0157 -0.0104296 0.0104295,7.44728 -8.94899 -0.0140208 0.0140206,0
168,3,169,3,-41.2245 12.0378 -1.68818 1.12894,7.44728 -8.96544 -2.13107 1.42539,0
168,3,169,4,-41.2245 12.1029 -3.48826 2.32669,7.44728 -9.01398 -4.14254 2.76328,0
168,4,169,1,-41.7626 12.1021 2.98252 -1.99376,6.72583 -9.01338 4.54568 -3.03771,0
168,4,169,2,-41.7626 12.0378 1.53732 -1.0214,6.72583 -8.96548 2.19977 -1.46183,0
168,4,169,3,-41.7626 12.0166 -0.01043 0.01043,6.72583 -8.94967 -0.0140212 0.0140212,1
168,4,169,4,-41.7626 12.0387 -1.68125 1.12201,6.72583 -8.96612 -2.12176 1.41609,0
168,4,169,5,-41.7626 12.1038 -3.48127 2.31971,6.72583 -9.01465 -4.1332 2.75394,0
168,5,169,2,-42.3007 12.0895 2.98283 -1.98055,6.00439 -9.03219 4.54602 -3.01993,0
168,5,169,3,-42.3007 12.0253 1.56423 -1.03485,6.00439 -8.98419 2.23583 -1.47986,0
168,5,169,4,-42.3007 12.0041 0.0233336 -0.00990642,6.00439 -8.96835 0.0312714 -0.0132711,0
168,5,169,5,-42.3007 12.0261 -1.64741 1.10163,6.00439 -8.98483 -2.0764 1.38875,0
168,5,169,6,-42.3007 12.0912 -3.44723 2.29919,6.00439 -9.03346 -4.08761 2.72647,0
168,6,169,3,-42.8387 12.0769 3.00995 -1.99411,5.28294 -9.05097 4.58223 -3.03803,0
168,6,169,4,-42.8387 12.0127 1.59811 -1.05526,5.28294 -9.00288 2.28116 -1.50718,0
168,6,169,5,-42.8387 11.9915 0.0571625 -0.0302795,5.28294 -8.98701 0.0765241 -0.0405413,0
168,6,169,6,-42.8387 12.0136 -1.61351 1.0812,5.28294 -9.00352 -2.03107 1.36144,0
168,6,169,7,-42.8387 12.0786 -3.41312 2.27865,5.28294 -9.05225 -4.04205 2.69902,0
168,7,169,4,-43.3768 12.0642 3.0441 -2.01466,4.5615 -9.06974 4.62776 -3.06547,0
168,7,169,5,-43.3768 12.0001 1.63207 -1.0757,4.5615 -9.02156 2.32646 -1.53448,0
168,7,169,6,-43.3768 11.979 0.0910593 -0.0506909,4.5615 -9.00565 0.12174 -0.0677917,0
168,7,169,7,-43.3768 12.001 -1.57954 1.06074,4.5615 -9.0222 -1.98578 1.33415,0
168,7,169,8,-43.3768 12.0659 -3.37894 2.25806,4.5615 -9.07102 -3.99653 2.67159,0
168,8,169,5,-43.9149 12.0515 3.0783 -2.03525,3.84005 -9.08849 4.67325 -3.0929,0
168,8,169,6,-43.9149 11.9875 1.66609 -1.09618,3.84005 -9.04022 2.37171 -1.56176,0
168,8,169,7,-43.9149 11.9664 0.125021 -0.0711389,3.84005 -9.02428 0.166916 -0.0950199,0
168,8,169,8,-43.9149 11.9883 -1.5455 1.04025,3.84005 -9.04086 -1.94053 1.30688,0
168,8,169,9,-43.9149 12.0532 -3.3447 2.23743,3.84005 -9.08977 -3.95105 2.64418,0
168,9,169,6,-44.4529 12.0388 3.11258 -2.05588,3.11861 -9.10722 4.7187 -3.1203,0
168,9,169,7,-44.4529 11.9748 1.70017 -1.1167,3.11861 -9.05886 2.41693 -1.58901,0
168,9,169,8,-44.4529 11.9537 0.159049 -0.0916235,3.11861 -9.04289 0.212052 -0.122226,0
168,9,169,9,-44.4529 11.9757 -1.5114 1.01971,3.11861 -9.0595 -1.89532 1.27963,0
169,0,170,0,-28.1345 11.9715 0.176615 -0.123395,-0.0574584 -9.00514 0.236066 -0.164875,0
169,0,170,1,-28.1345 11.9935 -1.538 1.0329,-0.0574584 -9.02165 -1.93525 1.30024,0
169,0,170,2,-28.1345 12.0584 -3.38156 2.27519,-0.0574584 -9.07046 -4.01033 2.70144,0
169,1,170,0,-28.6717 12.0202 1.6687 -1.12703,-0.779583 -8.98606 2.38088 -1.60664,0
169,1,170,1,-28.6717 11.999 0.0836961 -0.0571369,-0.779583 -8.97017 0.112284 -0.0766469,0
169,1,170,2,-28.6717 12.021 -1.63086 1.09904,-0.779583 -8.98661 -2.05944 1.38881,0
169,1,170,3,-28.6717 12.086 -3.43525 2.30204,-0.779583 -9.03522 -4.08197 2.73726,0
169,2,170,0,-29.2088 12.1121 3.03167 -2.04467,-1.50171 -8.99882 4.62173 -3.11261,0
169,2,170,1,-29.2088 12.0476 1.57582 -1.06076,-1.50171 -8.95094 2.2567 -1.51816,0
169,2,170,2,-29.2088 12.0263 -0.00879179 0.00879184,-1.50171 -8.93511 -0.0118456 0.0118456,0
169,2,170,3,-29.2088 12.0483 -1.68407 1.12565,-1.50171 -8.95149 -2.13085 1.42452,0
169,2,170,4,-29.2088 12.1135 -3.46746 2.3075,-1.50171 -8.99991 -4.12514 2.74453,0
169,3,170,1,-29.746 12.1128 2.9918 -2.0048,-2.22383 -8.9994 4.56866 -3.05954,0
169,3,170,2,-29.746 12.0484 1.53638 -1.02132,-2.22383 -8.95152 2.20375 -1.46521,0
169,3,170,3,-29.746 12.0271 -0.0087925 0.0087925,-2.22383 -8.93569 -0.0118465 0.0118465,1
169,3,170,4,-29.746 12.0491 -1.66289 1.10448,-2.22383 -8.95207 -2.10237 1.39604,0
169,3,170,5,-29.746 12.1143 -3.44609 2.28613,-2.22383 -9.00048 -4.09657 2.71595,0
169,4,170,2,-30.2831 12.1066 2.96608 -1.97211,-2.94596 -9.00933 4.53413 -3.01566,0
169,4,170,3,-30.2831 12.0422 1.55023 -1.02824,-2.94596 -8.96141 2.22236 -1.47452,0
169,4,170,4,-30.2831 12.021 0.0261586 -0.0192487,-2.94596 -8.94556 0.0351695 -0.0258765,0
169,4,170,5,-30.2831 12.043 -1.62781 1.07631,-2.94596 -8.96196 -2.05532 1.3583,0
169,4,170,6,-30.2831 12.1081 -3.41073 2.25774,-2.94596 -9.01042 -4.04932 2.67806,0
169,5,170,3,-30.8203 12.1005 2.98003 -1.97909,-3.66808 -9.01926 4.55283 -3.025,0
169,5,170,4,-30.8203 12.0361 1.58526 -1.05635,-3.66808 -8.9713 2.26945 -1.5123,0
169,5,170,5,-30.8203 12.0148 0.0611958 -0.0473678,-3.66808 -8.95543 0.082131 -0.0635491,0
169,5,170,6,-30.8203 12.0368 -1.59263 1.04807,-3.66808 -8.97184 -2.00832 1.32061,0
169,5,170,7,-30.8203 12.1019 -3.37528 2.22927,-3.66808 -9.02035 -4.00213 2.64022,0
169,6,170,4,-31.3575 12.0943 3.01528 -2.00736,-4.39021 -9.02919 4.60015 -3.06298,0
169,6,170,5,-31.3575 12.0299 1.62038 -1.08453,-4.39021 -8.98118 2.31649 -1.55004,0
169,6,170,6,-31.3575 12.0087 0.0963189 -0.0755648,-4.39021 -8.9653 0.129038 -0.101171,0
169,6,170,7,-31.3575 12.0307 -1.55737 1.01975,-4.39021 -8.98173 -1.96138 1.28297,0
169,6,170,8,-31.3575 12.0957 -3.33975 2.20072,-4.39021 -9.03028 -3.95499 2.60243,0
169,7,170,5,-31.8946 12.088 3.05062 -2.03571,-5.11233 -9.03912 4.64742 -3.10091,0
169,7,170,6,-31.8946 12.0238 1.65559 -1.11279,-5.11233 -8.99105 2.36347 -1.58772,0
169,7,170,7,-31.8946 12.0025 0.131528 -0.10384,-5.11233 -8.97516 0.175889 -0.138742,0
169,7,170,8,-31.8946 12.0245 -1.52203 0.991353,-5.11233 -8.9916 -1.9145 1.24538,0
169,7,170,9,-31.8946 12.0895 -3.30413 2.17209,-5.11233 -9.04021 -3.90791 2.56469,0
169,8,170,6,-32.4318 12.0818 3.08605 -2.06414,-5.83446 -9.04903 4.69464 -3.13879,0
169,8,170,7,-32.4318 12.0176 1.69089 -1.14112,-5.83446 -9.00093 2.41039 -1.62535,0
169,8,170,8,-32.4318 11.9964 0.166823 -0.132192,-5.83446 -8.98502 0.222686 -0.176262,0
169,8,170,9,-32.4318 12.0183 -1.48659 0.962877,-5.83446 -9.00148 -1.86766 1.20784,0
169,9,170,7,-32.9689 12.0756 3.12156 -2.09265,-6.55658 -9.05895 4.7418 -3.17661,0
169,9,170,8,-32.9689 12.0114 1.72626 -1.16954,-6.55658 -9.0108 2.45726 -1.66294,0
169,9,170,9,-32.9689 11.9902 0.202203 -0.160622,-6.55658 -8.99487 0.269427 -0.213731,0
170,0,171,0,-16.1098 11.955 0.202378 -0.12341,-8.99141 -9.02798 0.270697 -0.165164,0
170,0,171,1,-16.1098 11.9769 -1.49633 1.01771,-8.99141 -9.04449 -1.8841 1.28296,0
170,0,171,2,-16.1098 12.0416 -3.32396 2.24489,-8.99141 -9.09337 -3.94239 2.66694,0
170,1,171,0,-16.6462 12.0166 1.6664 -1.11263,-9.71411 -8.99174 2.38278 -1.59078,0
170,1,171,1,-16.6462 11.9953 0.0973323 -0.0579623,-9.71411 -8.97578 0.130734 -0.0778777,0
170,1,171,2,-16.6462 12.0172 -1.60146 1.08318,-9.71411 -8.99219 -2.0244 1.37048,0
170,1,171,3,-16.6462 12.0821 -3.40372 2.28477,-9.71411 -9.04079 -4.04852 2.72,0
170,2,171,0,-17.1825 12.1212 3.00129 -2.01578,-10.4368 -8.98713 4.59034 -3.08025,0
170,2,171,1,-17.1825 12.0567 1.56163 -1.0473,-10.4368 -8.93927 2.24221 -1.50316,0
170,2,171,2,-17.1825 12.0353 -0.00716066 0.00716067,-10.4368 -8.92341 -0.00966592 0.00966593,0
170,2,171,3,-17.1825 12.0573 -1.68035 1.12262,-10.4368 -8.93972 -2.13031 1.42343,0
170,2,171,4,-17.1825 12.1224 -3.46517 2.30657,-10.4368 -8.98803 -4.13095 2.74919,0
170,3,171,1,-17.7189 12.1219 2.97527 -1.98976,-11.1595 -8.98761 4.55547 -3.04538,0
170,3,171,2,-17.7189 12.0573 1.53583 -1.0215,-11.1595 -8.93975 2.20745 -1.46841,0
170,3,171,3,-17.7189 12.0359 -0.00716106 0.00716106,-11.1595 -8.92389 -0.00966646 0.00966646,1
170,3,171,4,-17.7189 12.0579 -1.66259 1.10487,-11.1595 -8.9402 -2.10638 1.39951,0
170,3,171,5,-17.7189 12.1231 -3.44726 2.28867,-11.1595 -8.98851 -4.10693 2.72517,0
170,4,171,2,-18.2553 12.1012 2.99191 -1.98511,-11.8822 -9.01672 4.57779 -3.03907,0
170,4,171,3,-18.2553 12.0368 1.57818 -1.04267,-11.8822 -8.96871 2.26441 -1.49689,0
170,4,171,4,-18.2553 12.0155 0.0528206 -0.0316889,-11.8822 -8.95281 0.0710826 -0.0426519,0
170,4,171,5,-18.2553 12.0374 -1.60245 1.0659,-11.8822 -8.96917 -2.02552 1.34713,0
170,4,171,6,-18.2553 12.1024 -3.38673 2.24943,-11.8822 -9.01762 -4.02568 2.67255,0
170,5,171,3,-18.7917 12.0805 3.03463 -2.00647,-12.6049 -9.04578 4.63495 -3.06765,0
170,5,171,4,-18.7917 12.0162 1.63841 -1.08166,-12.6049 -8.99763 2.34521 -1.54925,0
170,5,171,5,-18.7917 11.9949 0.11299 -0.0706575,-12.6049 -8.98167 0.151705 -0.0948907,0
170,5,171,6,-18.7917 12.0168 -1.54212 1.02681,-12.6049 -8.99808 -1.94479 1.29483,0
170,5,171,7,-18.7917 12.0817 -3.32602 2.21007,-12.6049 -9.04669 -3.94455 2.62001,0
170,6,171,4,-19.328 12.0598 3.09533 -2.04575,-13.3276 -9.0748 4.71608 -3.12024,0
170,6,171,5,-19.328 11.9956 1.69883 -1.12077,-13.3276 -9.0265 2.42588 -1.60153,0
170,6,171,6,-19.328 11.9743 0.173348 -0.109745,-13.3276 -9.01049 0.232201 -0.14705,0
170,6,171,7,-19.328 11.9962 -1.4816 0.987598,-13.3276 -9.02695 -1.86418 1.24261,0
170,6,171,8,-19.328 12.061 -3.26511 2.17059,-13.3276 -9.07571 -3.86355 2.56755,0
170,7,171,5,-19.8644 12.0389 3.15623 -2.08515,-14.0503 -9.10377 4.79708 -3.17275,0
170,7,171,6,-19.8644 11.9748 1.75944 -1.16,-14.0503 -9.05532 2.50642 -1.65374,0
170,7,171,7,-19.8644 11.9536 0.233893 -0.14895,-14.0503 -9.03926 0.312569 -0.199128,0
170,7,171,8,-19.8644 11.9754 -1.42089 0.94827,-14.0503 -9.05578 -1.78371 1.19047,0
170,7,171,9,-19.8644 12.0401 -3.20402 2.131,-14.0503 -9.10468 -3.78268 2.51517,0
170,8,171,6,-20.4008 12.018 3.21731 -2.12466,-14.7731 -9.13269 4.87795 -3.22518,0
170,8,171,7,-20.4008 11.954 1.82023 -1.19935,-14.7731 -9.08409 2.58684 -1.70586,0
170,8,171,8,-20.4008 11.9328 0.294626 -0.188274,-14.7731 -9.06799 0.392809 -0.251127,0
170,8,171,9,-20.4008 11.9546 -1.35999 0.908823,-14.7731 -9.08455 -1.70336 1.13842,0
170,9,171,7,-20.9372 11.997 3.27858 -2.1643,-15.4958 -9.16157 4.95869 -3.27753,0
170,9,171,8,-20.9372 11.9332 1.88121 -1.23881,-15.4958 -9.11282 2.66712 -1.7579,0
170,9,171,9,-20.9372 11.912 0.355546 -0.227716,-15.4958 -9.09666 0.472921 -0.303044,0
171,0,172,0,-4.0758 11.99 0.180164 -0.12856,-17.9139 -8.98242 0.241635 -0.172337,0
171,0,172,1,-4.0758 12.0119 -1.53243 1.02697,-17.9139 -8.9988 -1.93516 1.29726,0
171,0,172,2,-4.0758 12.0767 -3.37411 2.26859,-17.9139 -9.04739 -4.01598 2.7031,0
171,1,172,0,-4.61153 12.0378 1.66992 -1.13038,-18.637 -8.96414 2.3911 -1.61689,0
171,1,172,1,-4.61153 12.0164 0.0870914 -0.0613382,-18.637 -8.9482 0.117251 -0.0825635,0
171,1,172,2,-4.61153 12.0383 -1.62541 1.09406,-18.637 -8.96451 -2.05996 1.38739,0
171,1,172,3,-4.61153 12.1033 -3.42618 2.29462,-18.637 -9.01291 -4.08571 2.73796,0
171,2,172,0,-5.14725 12.1288 3.03041 -2.04611,-19.3602 -8.97763 4.63643 -3.12555,0
171,2,172,1,-5.14725 12.0641 1.57687 -1.06313,-19.3602 -8.92978 2.26634 -1.52688,0
171,2,172,2,-5.14725 12.0426 -0.00553462 0.00553458,-19.3602 -8.91389 -0.00748211 0.00748207,0
171,2,172,3,-5.14725 12.0646 -1.67701 1.11986,-19.3602 -8.93014 -2.12947 1.42214,0
171,2,172,4,-5.14725 12.1297 -3.46049 2.303,-19.3602 -8.97835 -4.1319 2.74921,0
171,3,172,1,-5.68297 12.1293 2.98875 -2.00445,-20.0834 -8.97801 4.58086 -3.06998,0
171,3,172,2,-5.68297 12.0646 1.53568 -1.02194,-20.0834 -8.93016 2.21088 -1.47142,0
171,3,172,3,-5.68297 12.0432 -0.00553476 0.00553476,-20.0834 -8.91427 -0.0074823 0.0074823,1
171,3,172,4,-5.68297 12.0651 -1.65955 1.1024,-20.0834 -8.93052 -2.1059 1.39857,0
171,3,172,5,-5.68297 12.1302 -3.44288 2.2854,-20.0834 -8.97873 -4.10825 2.72556,0
171,4,172,2,-6.2187 12.1119 2.98304 -1.98088,-20.8066 -9.00245 4.57321 -3.03827,0
171,4,172,3,-6.2187 12.0474 1.57119 -1.03969,-20.8066 -8.95447 2.25874 -1.49535,0
171,4,172,4,-6.2187 12.026 0.0473301 -0.0296116,-20.8066 -8.93855 0.0638213 -0.0399332,0
171,4,172,5,-6.2187 12.0479 -1.60654 1.06714,-20.8066 -8.95484 -2.0345 1.35111,0
171,4,172,6,-6.2187 12.1129 -3.38953 2.24989,-20.8066 -9.00317 -4.0365 2.67787,0
171,5,172,3,-6.75442 12.0946 3.01884 -1.99879,-21.5298 -9.02686 4.62125 -3.06229,0
171,5,172,4,-6.75442 12.0301 1.62425 -1.07495,-21.5298 -8.97876 2.3301 -1.54282,0
171,5,172,5,-6.75442 12.0087 0.10034 -0.0648542,-21.5298 -8.96279 0.135026 -0.0872834,0
171,5,172,6,-6.75442 12.0306 -1.55338 1.03178,-21.5298 -8.97912 -1.9632 1.3037,0
171,5,172,7,-6.75442 12.0955 -3.33603 2.21429,-21.5298 -9.02758 -3.96486 2.63025,0
171,6,172,4,-7.29014 12.0771 3.07229 -2.03429,-22.253 -9.05123 4.69292 -3.10998,0
171,6,172,5,-7.29014 12.0128 1.67745 -1.11031,-22.253 -9.003 2.40136 -1.59022,0
171,6,172,6,-7.29014 11.9914 0.153495 -0.100193,-22.253 -8.98699 0.206133 -0.134568,0
171,6,172,7,-7.29014 12.0133 -1.50008 0.99633,-22.253 -9.00337 -1.892 1.25637,0
171,6,172,8,-7.29014 12.0781 -3.28239 2.1786,-22.253 -9.05195 -3.89331 2.5827,0
171,7,172,5,-7.82587 12.0597 3.12589 -2.06989,-22.9762 -9.07557 4.7645 -3.1576,0
171,7,172,6,-7.82587 11.9954 1.7308 -1.14576,-22.9762 -9.02722 2.47253 -1.63755,0
171,7,172,7,-7.82587 11.9741 0.206796 -0.135628,-22.9762 -9.01116 0.27714 -0.181787,0
171,7,172,8,-7.82587 11.9959 -1.44664 0.960782,-22.9762 -9.02758 -1.8209 1.2091,0
171,7,172,9,-7.82587 12.0606 -3.2286 2.14281,-22.9762 -9.0763 -3.82187 2.53521,0
171,8,172,6,-8.36159 12.0421 3.17963 -2.10559,-23.6994 -9.09987 4.83597 -3.20515,0
171,8,172,7,-8.36159 11.978 1.7843 -1.18131,-23.6994 -9.0514 2.5436 -1.68482,0
171,8,172,8,-8.36159 11.9567 0.26024 -0.171159,-23.6994 -9.0353 0.348049 -0.228941,0
171,8,172,9,-8.36159 11.9785 -1.39304 0.925137,-23.6994 -9.05176 -1.7499 1.16189,0
171,9,172,7,-8.89731 12.0246 3.23352 -2.14139,-24.4225 -9.12415 4.90735 -3.25263,0
171,9,172,8,-8.89731 11.9605 1.83794 -1.21696,-24.4225 -9.07554 2.61456 -1.73202,0
171,9,172,9,-8.89731 11.9392 0.31383 -0.206786,-24.4225 -9.05941 0.418857 -0.276028,0
172,0,173,0,7.9658 11.9651 0.224349 -0.141856,-26.827 -9.0165 0.300799 -0.190274,0
172,0,173,1,7.9658 11.9869 -1.47717 1.00309,-26.827 -9.03289 -1.8642 1.26726,0
172,0,173,2,7.9658 12.0515 -3.30767 2.23412,-26.827 -9.08162 -3.93289 2.66081,0
172,1,173,0,7.4306 12.0283 1.68171 -1.12723,-27.5505 -8.97764 2.41014 -1.61491,0
172,1,173,1,7.4306 12.0069 0.109893 -0.068772,-27.5505 -8.96162 0.148003 -0.0926437,0
172,1,173,2,7.4306 12.0287 -1.59168 1.07616,-27.5505 -8.97791 -2.01739 1.36518,0
172,1,173,3,7.4306 12.0936 -3.39101 2.27579,-27.5505 -9.02634 -4.04403 2.71638,0
172,2,173,0,6.8954 12.1346 3.00988 -2.02652,-28.2741 -8.97033 4.6148 -3.10331,0
172,2,173,1,6.8954 12.0699 1.56755 -1.05427,-28.2741 -8.92247 2.25668 -1.51691,0
172,2,173,2,6.8954 12.0484 -0.00391204 0.0039121,-28.2741 -8.90655 -0.00529446 0.00529454,0
172,2,173,3,6.8954 12.0703 -1.67407 1.11735,-28.2741 -8.92274 -2.12831 1.42064,0
172,2,173,4,6.8954 12.1354 -3.45634 2.29971,-28.2741 -8.97086 -4.13191 2.7485,0
172,3,173,1,6.36019 12.135 2.97795 -1.99458,-28.9977 -8.97061 4.57202 -3.06053,0
172,3,173,2,6.36019 12.0703 1.53593 -1.02265,-28.9977 -8.92276 2.21403 -1.47425,0
172,3,173,3,6.36019 12.0488 -0.00391236 0.00391236,-28.9977 -8.90684 -0.00529489 0.00529489,1
172,3,173,4,6.36019 12.0707 -1.65666 1.09995,-28.9977 -8.92303 -2.1048 1.39713,0
172,3,173,5,6.36019 12.1358 -3.43879 2.28216,-28.9977 -8.97115 -4.10831 2.7249,0
172,4,173,2,5.82499 12.1179 2.98127 -1.98035,-29.7213 -8.99459 4.57652 -3.04134,0
172,4,173,3,5.82499 12.0532 1.57085 -1.04011,-29.7213 -8.94661 2.26116 -1.49782,0
172,4,173,4,5.82499 12.0317 0.048314 -0.0308862,-29.7213 -8.93065 0.065232 -0.0417046,0
172,4,173,5,5.82499 12.0536 -1.60429 1.06504,-29.7213 -8.94688 -2.03418 1.35008,0
172,4,173,6,5.82499 12.1186 -3.38608 2.24701,-29.7213 -8.99513 -4.03734 2.67763,0
172,5,173,3,5.28978 12.1006 3.01648 -1.99795,-30.4448 -9.01854 4.62384 -3.065,0
172,5,173,4,5.28978 12.0361 1.62327 -1.07502,-30.4448 -8.97043 2.33175 -1.54487,0
172,5,173,5,5.28978 12.0146 0.100681 -0.0657787,-30.4448 -8.95443 0.135661 -0.0886392,0
172,5,173,6,5.28978 12.0365 -1.55178 1.03004,-30.4448 -8.9707 -1.96366 1.30309,0
172,5,173,7,5.28978 12.1014 -3.33324 2.21177,-30.4448 -9.01907 -3.96648 2.63043,0
172,6,173,4,4.75458 12.0834 3.06928 -2.0331,-31.1684 -9.04245 4.69473 -3.11226,0
172,6,173,5,4.75458 12.0189 1.67582 -1.11002,-31.1684 -8.99422 2.40224 -1.59185,0
172,6,173,6,4.75458 11.9975 0.153189 -0.100765,-31.1684 -8.97818 0.205993 -0.135509,0
172,6,173,7,4.75458 12.0193 -1.49913 0.994938,-31.1684 -8.99449 -1.89323 1.25617,0
172,6,173,8,4.75458 12.0841 -3.28025 2.17643,-31.1684 -9.04299 -3.89572 2.58329,0
172,7,173,5,4.21937 12.0661 3.12222 -2.06835,-31.892 -9.06633 4.76553 -3.15946,0
172,7,173,6,4.21937 12.0017 1.72852 -1.14512,-31.892 -9.01798 2.47263 -1.63877,0
172,7,173,7,4.21937 11.9803 0.205838 -0.135845,-31.892 -9.0019 0.276226 -0.182313,0
172,7,173,8,4.21937 12.0021 -1.44634 0.959747,-31.892 -9.01825 -1.82291 1.20932,0
172,7,173,9,4.21937 12.0668 -3.22712 2.141,-31.892 -9.06687 -3.82505 2.53622,0
172,8,173,6,3.68417 12.0487 3.1753 -2.10369,-32.6155 -9.09018 4.83623 -3.2066,0
172,8,173,7,3.68417 11.9845 1.78136 -1.18031,-32.6155 -9.0417 2.54292 -1.68563,0
172,8,173,8,3.68417 11.9631 0.258627 -0.171018,-32.6155 -9.02558 0.346361 -0.229051,0
172,8,173,9,3.68417 11.9848 -1.39341 0.924462,-32.6155 -9.04198 -1.75268 1.16253,0
172,9,173,7,3.14896 12.0313 3.22852 -2.13912,-33.3391 -9.114 4.90683 -3.25367,0
172,9,173,8,3.14896 11.9672 1.83434 -1.2156,-33.3391 -9.06539 2.61311 -1.73242,0
172,9,173,9,3.14896 11.9458 0.311556 -0.206285,-33.3391 -9.04923 0.416398 -0.275724,0
173,0,174,0,20.0134 11.9887 0.169065 -0.105788,-35.733 -8.98606 0.227366 -0.142319,0
173,0,174,1,20.0134 12.0104 -1.52233 1.02931,-35.733 -9.00235 -1.92618 1.30347,0
173,0,174,2,20.0134 12.0751 -3.34292 2.25063,-35.733 -9.05086 -3.98354 2.68529,0
173,1,174,0,19.4786 12.0422 1.6447 -1.10012,-36.4568 -8.95982 2.3627 -1.58004,0
173,1,174,1,19.4786 12.0207 0.0831997 -0.0516355,-36.4568 -8.94378 0.112273 -0.0696927,0
173,1,174,2,19.4786 12.0424 -1.60827 1.08349,-36.4568 -8.95999 -2.04154 1.37628,0
173,1,174,3,19.4786 12.1073 -3.4068 2.28257,-36.4568 -9.00827 -4.06909 2.72807,0
173,2,174,0,18.9438 12.1389 2.99092 -2.00822,-37.1807 -8.96522 4.59345 -3.08153,0
173,2,174,1,18.9438 12.0741 1.55898 -1.04602,-37.1807 -8.91735 2.24717 -1.50717,0
173,2,174,2,18.9438 12.0525 -0.00229262 0.0022926,-37.1807 -8.90139 -0.00310505 0.00310501,0
173,2,174,3,18.9438 12.0743 -1.67151 1.11511,-37.1807 -8.91752 -2.12685 1.41894,0
173,2,174,4,18.9438 12.1394 -3.45243 2.29641,-37.1807 -8.96557 -4.1306 2.74669,0
173,3,174,1,18.409 12.1391 2.96832 -1.98562,-37.9045 -8.96541 4.56307 -3.05115,0
173,3,174,2,18.409 12.0743 1.53658 -1.02362,-37.9045 -8.91754 2.21689 -1.47689,0
173,3,174,3,18.409 12.0527 -0.0022926 0.0022926,-37.9045 -8.90158 -0.00310501 0.00310501,1
173,3,174,4,18.409 12.0746 -1.65366 1.09725,-37.9045 -8.91771 -2.10272 1.3948,0
173,3,174,5,18.409 12.1396 -3.43443 2.2784,-37.9045 -8.96576 -4.10638 2.72246,0
173,4,174,2,17.8741 12.1219 2.9808 -1.9806,-38.6284 -8.98924 4.57991 -3.04435,0
173,4,174,3,17.8741 12.0572 1.57138 -1.04102,-38.6284 -8.94124 2.26392 -1.50041,0
173,4,174,4,17.8741 12.0356 0.0502701 -0.0328992,-38.6284 -8.92524 0.0679315 -0.0444593,0
173,4,174,5,17.8741 12.0574 -1.60095 1.06195,-38.6284 -8.94141 -2.03159 1.34719,0
173,4,174,6,17.8741 12.1224 -3.38138 2.24286,-38.6284 -8.98959 -4.0349 2.67463,0
173,5,174,3,17.3393 12.1046 3.01589 -1.99814,-39.3522 -9.01303 4.62712 -3.06796,0
173,5,174,4,17.3393 12.04 1.62414 -1.07633,-39.3522 -8.96491 2.33502 -1.54802,0
173,5,174,5,17.3393 12.0184 0.102975 -0.0681863,-39.3522 -8.94887 0.138868 -0.091956,0
173,5,174,6,17.3393 12.0402 -1.5481 1.02655,-39.3522 -8.96508 -1.96056 1.29964,0
173,5,174,7,17.3393 12.1051 -3.32819 2.20721,-39.3522 -9.01338 -3.96353 2.62686,0
173,6,174,4,16.8045 12.0873 3.06902 -2.03368,-40.0761 -9.03679 4.69853 -3.11579,0
173,6,174,5,16.8045 12.0227 1.67703 -1.11172,-40.0761 -8.98854 2.40602 -1.59557,0
173,6,174,6,16.8045 12.0012 0.155821 -0.103569,-40.0761 -8.97246 0.209703 -0.139385,0
173,6,174,7,16.8045 12.023 -1.49511 0.991052,-40.0761 -8.98872 -1.88964 1.25216,0
173,6,174,8,16.8045 12.0877 -3.27486 2.17148,-40.0761 -9.03714 -3.89226 2.57917,0
173,7,174,5,16.2697 12.0699 3.12229 -2.06932,-40.8 -9.06052 4.76984 -3.16356,0
173,7,174,6,16.2697 12.0055 1.73006 -1.14722,-40.8 -9.01215 2.47691 -1.64305,0
173,7,174,7,16.2697 11.984 0.208808 -0.139046,-40.8 -8.99602 0.280437 -0.186746,0
173,7,174,8,16.2697 12.0057 -1.44198 0.955461,-40.8 -9.01232 -1.81881 1.20475,0
173,7,174,9,16.2697 12.0704 -3.22139 2.13564,-40.8 -9.06087 -3.82109 2.53154,0
173,8,174,6,15.7349 12.0525 3.17571 -2.10506,-41.5238 -9.08421 4.84105 -3.21126,0
173,8,174,7,15.7349 11.9881 1.78324 -1.18281,-41.5238 -9.03572 2.54771 -1.69047,0
173,8,174,8,15.7349 11.9667 0.261937 -0.174619,-41.5238 -9.01955 0.35107 -0.234039,0
173,8,174,9,15.7349 11.9884 -1.3887 0.919774,-41.5238 -9.03589 -1.74808 1.15741,0
173,9,174,7,15.2 12.035 3.22927 -2.14088,-42.2477 -9.10787 4.91215 -3.25889,0
173,9,174,8,15.2 11.9707 1.83656 -1.21849,-42.2477 -9.05925 2.6184 -1.73781,0
173,9,174,9,15.2 11.9493 0.315206 -0.210286,-42.2477 -9.04305 0.421601 -0.281263,0
174,0,175,0,32.0654 12.0316 -1.51283 1.00149,-44.634 -8.9748 -1.91437 1.26681,0
174,0,175,1,32.0654 12.0963 -3.37743 2.26689,-44.634 -9.02311 -4.03192 2.70853,0
174,0,175,2,32.0654 12.2035 -5.30257 3.55045,-44.634 -9.10303 -5.96512 3.99751,0
174,1,175,0,31.5308 12.0324 0.110681 -0.0883166,-45.358 -8.92854 0.149098 -0.118879,0
174,1,175,1,31.5308 12.0542 -1.62453 1.09072,-45.358 -8.94467 -2.06454 1.38676,0
174,1,175,2,31.5308 12.1191 -3.42263 2.28949,-45.358 -8.99282 -4.09268 2.73891,0
174,2,175,0,30.9962 12.0766 1.60437 -1.09161,-46.0821 -8.91441 2.30922 -1.56909,0
174,2,175,1,30.9962 12.0549 -0.000673958 0.000674035,-46.0821 -8.89841 -0.000913102 0.000913207,0
174,2,175,2,30.9962 12.0767 -1.66934 1.11312,-46.0821 -8.91449 -2.12509 1.41703,0
174,2,175,3,30.9962 12.1417 -3.45149 2.29583,-46.0821 -8.96247 -4.13167 2.74746,0
174,3,175,0,30.4617 12.1416 3.01337 -2.03106,-46.8061 -8.9624 4.62582 -3.11364,0
174,3,175,1,30.4617 12.0767 1.53763 -1.02486,-46.8061 -8.9145 2.21949 -1.47935,0
174,3,175,2,30.4617 12.0551 -0.000674197 0.000674197,-46.8061 -8.8985 -0.000913426 0.000913426,1
174,3,175,3,30.4617 12.0768 -1.65325 1.09702,-46.8061 -8.91458 -2.10332 1.39526,0
174,3,175,4,30.4617 12.1418 -3.43527 2.2796,-46.8061 -8.96256 -4.10982 2.7256,0
174,4,175,1,29.9271 12.1238 2.98216 -1.9819,-47.5302 -8.98676 4.58412 -3.04769,0
174,4,175,2,29.9271 12.059 1.57334 -1.04271,-47.5302 -8.93873 2.26776 -1.50349,0
174,4,175,3,29.9271 12.0374 0.0510349 -0.033214,-47.5302 -8.92269 0.0689998 -0.0449078,0
174,4,175,4,29.9271 12.0591 -1.6014 1.06303,-47.5302 -8.93881 -2.03331 1.34939,0
174,4,175,5,29.9271 12.124 -3.38311 2.24539,-47.5302 -8.98692 -4.03946 2.67951,0
174,5,175,2,29.3926 12.1059 3.01816 -1.9999,-48.2542 -9.01108 4.63258 -3.07192,0
174,5,175,3,29.3926 12.0412 1.62524 -1.07671,-48.2542 -8.96292 2.33773 -1.54936,0
174,5,175,4,29.3926 12.0196 0.10288 -0.0671898,-48.2542 -8.94683 0.138814 -0.0906648,0
174,5,175,5,29.3926 12.0413 -1.54942 1.02896,-48.2542 -8.963 -1.9634 1.30358,0
174,5,175,6,29.3926 12.1061 -3.33081 2.21109,-48.2542 -9.01124 -3.9692 2.63349,0
174,6,175,3,28.858 12.088 3.07044 -2.03413,-48.9782 -9.03536 4.70285 -3.11799,0
174,6,175,4,28.858 12.0234 1.67727 -1.1108,-48.9782 -8.98707 2.40759 -1.59516,0
174,6,175,5,28.858 12.0018 0.154861 -0.101253,-48.9782 -8.97095 0.208527 -0.136357,0
174,6,175,6,28.858 12.0235 -1.49731 0.994793,-48.9782 -8.98715 -1.89359 1.25783,0
174,6,175,7,28.858 12.0882 -3.27837 2.1767,-48.9782 -9.03552 -3.89905 2.58752,0
174,7,175,4,28.3234 12.07 3.12286 -2.06845,-49.7023 -9.05961 4.77302 -3.16401,0
174,7,175,5,28.3234 12.0055 1.72944 -1.14497,-49.7023 -9.01119 2.47736 -1.6409,0
174,7,175,6,28.3234 11.984 0.206979 -0.135405,-49.7023 -8.99502 0.278143 -0.181987,0
174,7,175,7,28.3234 12.0056 -1.44506 0.96054,-49.7023 -9.01127 -1.82388 1.21215,0
174,7,175,8,28.3234 12.0702 -3.22579 2.14222,-49.7023 -9.05977 -3.82899 2.54163,0
174,8,175,5,27.7889 12.052 3.17541 -2.10286,-50.4263 -9.08382 4.84309 -3.20996,0
174,8,175,6,27.7889 11.9876 1.78175 -1.17923,-50.4263 -9.03528 2.54703 -1.68657,0
174,8,175,7,27.7889 11.9661 0.259233 -0.169644,-50.4263 -9.01906 0.347658 -0.227552,0
174,8,175,8,27.7889 11.9877 -1.39267 0.926199,-50.4263 -9.03536 -1.75427 1.16653,0
174,8,175,9,27.7889 12.0522 -3.17308 2.10766,-50.4263 -9.08399 -3.75904 2.49579,0
174,9,175,6,27.2543 12.0339 3.2281 -2.13735,-51.1504 -9.108 4.91306 -3.25584,0
174,9,175,7,27.2543 11.9696 1.8342 -1.21358,-51.1504 -9.05932 2.6166 -1.73219,0
174,9,175,8,27.2543 11.9481 0.311621 -0.20397,-51.1504 -9.04307 0.417072 -0.273051,0
174,9,175,9,27.2543 11.9697 -1.34015 0.891771,-51.1504 -9.05941 -1.68476 1.12098,0
175,0,176,0,43.5856 11.9891 0.188929 -0.122301,-54.2563 -8.9872 0.254098 -0.164521,0
175,0,176,1,43.5856 12.0107 -1.53406 1.04464,-54.2563 -9.00339 -1.94354 1.32518,0
175,0,176,2,43.5856 12.0753 -3.33152 2.24306,-54.2563 -9.0518 -3.97117 2.67709,0
175,1,176,0,43.0512 12.0775 1.59391 -1.0812,-54.9805 -8.91366 2.2956 -1.55543,0
175,1,176,1,43.0512 12.0558 0.000943706 -0.000943717,-54.9805 -8.89762 0.00127853 -0.00127854,0
175,1,176,2,43.0512 12.0775 -1.66756 1.11139,-54.9805 -8.91364 -2.12302 1.41492,0
175,1,176,3,43.0512 12.1424 -3.45568 2.30012,-54.9805 -8.96157 -4.13801 2.75371,0
175,2,176,0,42.5167 12.1425 3.00268 -2.02048,-55.7046 -8.96159 4.61222 -3.09997,0
175,2,176,1,42.5167 12.0775 1.53908 -1.02637,-55.7046 -8.91365 2.2218 -1.48163,0
175,2,176,2,42.5167 12.0558 0.000943737 -0.000943737,-55.7046 -8.89761 0.00127857 -0.00127857,1
175,2,176,3,42.5167 12.0775 -1.65756 1.10139,-55.7046 -8.91364 -2.10949 1.40139,0
175,2,176,4,42.5167 12.1424 -3.44561 2.29005,-55.7046 -8.96157 -4.12442 2.74012,0
175,3,176,1,41.9823 12.1263 2.97992 -1.98153,-56.4287 -8.98347 4.58179 -3.04766,0
175,3,176,2,41.9823 12.0614 1.57127 -1.04247,-56.4287 -8.93541 2.26533 -1.50339,0
175,3,176,3,41.9823 12.0397 0.043058 -0.0269911,-56.4287 -8.91933 0.0582401 -0.0365113,0
175,3,176,4,41.9823 12.0614 -1.61536 1.07528,-56.4287 -8.9354 -2.05244 1.36611,0
175,3,176,5,41.9823 12.1262 -3.40317 2.26379,-56.4287 -8.98345 -4.06707 2.70466,0
175,4,176,2,41.4479 12.11 3.01236 -1.99776,-57.1529 -9.00532 4.62551 -3.06952,0
175,4,176,3,41.4479 12.0452 1.61354 -1.0686,-57.1529 -8.95714 2.32234 -1.53866,0
175,4,176,4,41.4479 12.0236 0.0852657 -0.0530926,-57.1529 -8.94102 0.115132 -0.0717038,0
175,4,176,5,41.4479 12.0452 -1.57306 1.04912,-57.1529 -8.95713 -1.99545 1.33086,0
175,4,176,6,41.4479 12.11 -3.36062 2.23747,-57.1529 -9.00529 -4.00979 2.66923,0
175,5,176,3,40.9134 12.0938 3.05494 -2.02407,-57.877 -9.02714 4.68276 -3.10495,0
175,5,176,4,40.9134 12.0291 1.6559 -1.09479,-57.877 -8.97885 2.37928 -1.57389,0
175,5,176,5,40.9134 12.0074 0.127567 -0.0792484,-57.877 -8.96269 0.171955 -0.106856,0
175,5,176,6,40.9134 12.029 -1.53067 1.0229,-57.877 -8.97883 -1.93854 1.29566,0
175,5,176,7,40.9134 12.0937 -3.31799 2.21109,-57.877 -9.02711 -3.95258 2.63385,0
175,6,176,4,40.379 12.0774 3.0976 -2.05044,-58.6012 -9.04893 4.73994 -3.14033,0
175,6,176,5,40.379 12.0128 1.69836 -1.12103,-58.6012 -9.00052 2.43614 -1.60907,0
175,6,176,6,40.379 11.9912 0.169961 -0.105458,-58.6012 -8.98432 0.228708 -0.141968,0
175,6,176,7,40.379 12.0128 -1.48818 0.99663,-58.6012 -9.00051 -1.8817 1.26049,0
175,6,176,8,40.379 12.0774 -3.27526 2.18466,-58.6012 -9.0489 -3.89545 2.59851,0
175,7,176,5,39.8445 12.0611 3.14037 -2.07686,-59.3253 -9.07069 4.79706 -3.17568,0
175,7,176,6,39.8445 11.9966 1.74091 -1.14733,-59.3253 -9.02217 2.49294 -1.64422,0
175,7,176,7,39.8445 11.975 0.212448 -0.131722,-59.3253 -9.00593 0.285392 -0.177039,0
175,7,176,8,39.8445 11.9966 -1.4456 0.970304,-59.3253 -9.02215 -1.82492 1.22537,0
175,7,176,9,39.8445 12.0611 -3.23244 2.15818,-59.3253 -9.07067 -3.83838 2.56321,0
175,8,176,6,39.3101 12.0447 3.18322 -2.10334,-60.0494 -9.09242 4.8541 -3.21099,0
175,8,176,7,39.3101 11.9803 1.78355 -1.17368,-60.0494 -9.04378 2.54967 -1.67933,0
175,8,176,8,39.3101 11.9587 0.255028 -0.15804,-60.0494 -9.0275 0.342005 -0.212069,0
175,8,176,9,39.3101 11.9803 -1.40293 0.943923,-60.0494 -9.04377 -1.76822 1.19029,0
175,9,176,7,38.7757 12.0283 3.22617 -2.12987,-60.7736 -9.11413 4.91107 -3.24625,0
175,9,176,8,38.7757 11.9639 1.82628 -1.20008,-60.7736 -9.06537 2.60632 -1.71439,0
175,9,176,9,38.7757 11.9424 0.297701 -0.184412,-60.7736 -9.04905 0.398548 -0.247059,0
176,0,177,0,55.6414 12.0004 0.153994 -0.099263,-63.154 -8.97277 0.207347 -0.133679,0
176,0,177,1,55.6414 12.0219 -1.5565 1.05509,-63.154 -8.98889 -1.97305 1.33881,0
176,0,177,2,55.6414 12.0865 -3.35429 2.25371,-63.154 -9.03717 -4.00065 2.69066,0
176,1,177,0,55.1069 12.0768 1.58298 -1.07019,-63.8781 -8.91509 2.28047 -1.54035,0
176,1,177,1,55.1069 12.055 0.00256228 -0.0025623,-63.8781 -8.899 0.00346992 -0.00346995,0
176,1,177,2,55.1069 12.0766 -1.66616 1.10992,-63.8781 -8.91498 -2.12065 1.41261,0
176,1,177,3,55.1069 12.1415 -3.44908 2.29338,-63.8781 -8.96287 -4.12815 2.74397,0
176,2,177,0,54.5725 12.1416 2.99194 -2.00958,-64.6022 -8.96298 4.59686 -3.08472,0
176,2,177,1,54.5725 12.0766 1.54094 -1.02815,-64.6022 -8.91499 2.22383 -1.48371,0
176,2,177,2,54.5725 12.0548 0.00256232 -0.00256232,-64.6022 -8.89889 0.00346998 -0.00346998,1
176,2,177,3,54.5725 12.0765 -1.65079 1.09455,-64.6022 -8.91488 -2.09987 1.39183,0
176,2,177,4,54.5725 12.1413 -3.43359 2.27789,-64.6022 -8.96277 -4.10728 2.72311,0
176,3,177,1,54.038 12.1314 2.96977 -1.97736,-65.3263 -8.97648 4.56712 -3.04138,0
176,3,177,2,54.038 12.0665 1.56093 -1.03815,-65.3263 -8.92841 2.25089 -1.49724,0
176,3,177,3,54.038 12.0447 0.0378692 -0.027889,-65.3263 -8.91229 0.0512166 -0.0377128,0
176,3,177,4,54.038 12.0663 -1.61539 1.06914,-65.3263 -8.9283 -2.05206 1.35755,0
176,3,177,5,54.038 12.1312 -3.39797 2.25231,-65.3263 -8.97626 -4.05925 2.68867,0
176,4,177,2,53.5036 12.1212 2.9899 -1.98742,-66.0505 -8.98997 4.5943 -3.05497,0
176,4,177,3,53.5036 12.0563 1.59633 -1.06353,-66.0505 -8.94182 2.2987 -1.53153,0
176,4,177,4,53.5036 12.0346 0.0732412 -0.0532658,-66.0505 -8.92568 0.0989133 -0.0719171,0
176,4,177,5,53.5036 12.0562 -1.57992 1.04368,-66.0505 -8.94171 -2.00431 1.32331,0
176,4,177,6,53.5036 12.1209 -3.36227 2.22668,-66.0505 -8.98975 -4.01126 2.65427,0
176,5,177,3,52.9691 12.111 3.02552 -2.01296,-66.7746 -9.00344 4.64235 -3.08944,0
176,5,177,4,52.9691 12.0462 1.6318 -1.08897,-66.7746 -8.95522 2.34646 -1.56579,0
176,5,177,5,52.9691 12.0244 0.108678 -0.0786928,-66.7746 -8.93906 0.14656 -0.106083,0
176,5,177,6,52.9691 12.046 -1.54438 1.01817,-66.7746 -8.95511 -1.9566 1.28911,0
176,5,177,7,52.9691 12.1107 -3.32651 2.201,-66.7746 -9.00322 -3.96332 2.61992,0
176,6,177,4,52.4347 12.1008 3.0612 -2.03854,-67.4987 -9.0169 4.69034 -3.12387,0
176,6,177,5,52.4347 12.036 1.66733 -1.11446,-67.4987 -8.96861 2.39417 -1.6,0
176,6,177,6,52.4347 12.0142 0.14418 -0.10417,-67.4987 -8.95242 0.194156 -0.14021,0
176,6,177,7,52.4347 12.0358 -1.50878 0.992617,-67.4987 -8.9685 -1.90895 1.25495,0
176,6,177,8,52.4347 12.1005 -3.29069 2.17527,-67.4987 -9.01669 -3.91544 2.5856,0
176,7,177,5,51.9002 12.0905 3.09695 -2.06418,-68.2229 -9.03035 4.73829 -3.15825,0
176,7,177,6,51.9002 12.0258 1.70292 -1.13999,-68.2229 -8.98199 2.44183 -1.63418,0
176,7,177,7,51.9002 12.0041 0.179747 -0.129697,-68.2229 -8.96578 0.241703 -0.174299,0
176,7,177,8,51.9002 12.0256 -1.47311 0.967009,-68.2229 -8.98188 -1.86134 1.22083,0
176,7,177,9,51.9002 12.0902 -3.2548 2.14949,-68.2229 -9.03014 -3.8676 2.55132,0
176,8,177,6,51.3658 12.0803 3.13276 -2.08987,-68.947 -9.04379 4.78618 -3.19261,0
176,8,177,7,51.3658 12.0156 1.73858 -1.16558,-68.947 -8.99536 2.48944 -1.66832,0
176,8,177,8,51.3658 11.9939 0.215379 -0.155274,-68.947 -8.97912 0.289199 -0.208348,0
176,8,177,9,51.3658 12.0154 -1.43738 0.94135,-68.947 -8.99525 -1.81379 1.18674,0
176,9,177,7,50.8313 12.07 3.16864 -2.11561,-69.6711 -9.05722 4.83403 -3.22692,0
176,9,177,8,50.8313 12.0053 1.77431 -1.19122,-69.6711 -9.00871 2.537 -1.70242,0
176,9,177,9,50.8313 11.9837 0.251075 -0.180901,-69.6711 -8.99245 0.336644 -0.242359,0
177,0,178,0,67.6965 12.0108 0.141609 -0.0996383,-72.0531 -8.95931 0.190632 -0.13409,0
177,0,178,1,67.6965 12.0323 -1.58106 1.06666,-72.0531 -8.97535 -2.00469 1.35345,0
177,0,178,2,67.6965 12.0969 -3.37956 2.26572,-72.0531 -9.02351 -4.03194 2.70504,0
177,1,178,0,67.1619 12.0744 1.59678 -1.08378,-72.7771 -8.91871 2.2976 -1.55763,0
177,1,178,1,67.1619 12.0525 0.0041832 -0.00418316,-72.7771 -8.90256 0.00566054 -0.0056605,0
177,1,178,2,67.1619 12.0741 -1.66515 1.1087,-72.7771 -8.9185 -2.11797 1.41009,0
177,1,178,3,67.1619 12.1389 -3.4508 2.2947,-72.7771 -8.96636 -4.12787 2.74403,0
177,2,178,0,66.6273 12.1392 3.00648 -2.02368,-73.5011 -8.96657 4.61367 -3.10182,0
177,2,178,1,66.6273 12.0741 1.5432 -1.0302,-73.5011 -8.91851 2.22558 -1.48561,0
177,2,178,2,66.6273 12.0523 0.00418301 -0.00418301,-73.5011 -8.90236 0.00566028 -0.00566028,1
177,2,178,3,66.6273 12.0738 -1.65192 1.09548,-73.5011 -8.9183 -2.10011 1.39223,0
177,2,178,4,66.6273 12.1386 -3.43748 2.28138,-73.5011 -8.96616 -4.10993 2.72608,0
177,3,178,1,66.0927 12.1235 2.98352 -1.98526,-74.2251 -8.98726 4.58305 -3.05031,0
177,3,178,2,66.0927 12.0585 1.57395 -1.04557,-74.2251 -8.93908 2.26714 -1.50639,0
177,3,178,3,66.0927 12.0366 0.0480805 -0.0327343,-74.2251 -8.9229 0.0649699 -0.0442312,0
177,3,178,4,66.0927 12.0582 -1.60792 1.06685,-74.2251 -8.93888 -2.04071 1.35361,0
177,3,178,5,66.0927 12.1229 -3.39322 2.25257,-74.2251 -8.98685 -4.05023 2.68727,0
177,4,178,2,65.5581 12.1077 3.0145 -2.00075,-74.9492 -9.00792 4.62478 -3.07117,0
177,4,178,3,65.5581 12.0428 1.61799 -1.07421,-74.9492 -8.95963 2.3265 -1.545,0
177,4,178,4,65.5581 12.021 0.0920738 -0.0613464,-74.9492 -8.94341 0.124204 -0.0827544,0
177,4,178,5,65.5581 12.0425 -1.56383 1.03816,-74.9492 -8.95942 -1.98139 1.31503,0
177,4,178,6,65.5581 12.1071 -3.34887 2.2237,-74.9492 -9.00751 -3.9906 2.64851,0
177,5,178,3,65.0235 12.0919 3.05884 -2.02957,-75.6732 -9.02855 4.68441 -3.10997,0
177,5,178,4,65.0235 12.0271 1.66214 -1.10291,-75.6732 -8.98015 2.38579 -1.58357,0
177,5,178,5,65.0235 12.0053 0.136163 -0.0900192,-75.6732 -8.96389 0.183363 -0.12123,0
177,5,178,6,65.0235 12.0268 -1.51963 1.00941,-75.6732 -8.97994 -1.92214 1.27651,0
177,5,178,7,65.0235 12.0913 -3.30442 2.19478,-75.6732 -9.02814 -3.93106 2.6098,0
177,6,178,4,64.4889 12.0761 3.10329 -2.05846,-76.3972 -9.04916 4.74396 -3.14871,0
177,6,178,5,64.4889 12.0113 1.70637 -1.13166,-76.3972 -9.00064 2.445 -1.62209,0
177,6,178,6,64.4889 11.9896 0.180347 -0.118753,-76.3972 -8.98434 0.242447 -0.159657,0
177,6,178,7,64.4889 12.011 -1.47535 0.980601,-76.3972 -9.00043 -1.86297 1.23803,0
177,6,178,8,64.4889 12.0755 -3.25987 2.16579,-76.3972 -9.04874 -3.87159 2.57113,0
177,7,178,5,63.9544 12.0602 3.14783 -2.0874,-77.1212 -9.06973 4.80344 -3.18741,0
177,7,178,6,63.9544 11.9955 1.75071 -1.16048,-77.1212 -9.02111 2.50413 -1.66056,0
177,7,178,7,63.9544 11.9738 0.224627 -0.147547,-77.1212 -9.00477 0.301455 -0.198036,0
177,7,178,8,63.9544 11.9953 -1.43096 0.95173,-77.1212 -9.0209 -1.80388 1.1996,0
177,7,178,9,63.9544 12.0596 -3.21523 2.13674,-77.1212 -9.06932 -3.81219 2.53252,0
177,8,178,6,63.4198 12.0443 3.19247 -2.11641,-77.8453 -9.09028 4.86285 -3.22606,0
177,8,178,7,63.4198 11.9797 1.79513 -1.18936,-77.8453 -9.04154 2.56319 -1.69898,0
177,8,178,8,63.4198 11.958 0.269002 -0.176401,-77.8453 -9.02517 0.360387 -0.236367,0
177,8,178,9,63.4198 11.9794 -1.38648 0.922798,-77.8453 -9.04134 -1.74486 1.16122,0
177,9,178,7,62.8852 12.0283 3.2372 -2.14548,-78.5693 -9.1108 4.92217 -3.26467,0
177,9,178,8,62.8852 11.9638 1.83966 -1.2183,-78.5693 -9.06195 2.62218 -1.73735,0
177,9,178,9,62.8852 11.9422 0.313472 -0.205316,-78.5693 -9.04554 0.419244 -0.27465,0
178,0,179,0,79.7493 11.9954 0.163695 -0.110209,-80.9558 -8.9805 0.219989 -0.148101,0
178,0,179,1,79.7493 12.0168 -1.55736 1.05416,-80.9558 -8.99653 -1.97096 1.33536,0
178,0,179,2,79.7493 12.0812 -3.35667 2.25379,-80.9558 -9.04475 -3.9972 2.6863,0
178,1,179,0,79.2144 12.0704 1.59688 -1.08353,-81.6797 -8.92451 2.29553 -1.55581,0
178,1,179,1,79.2144 12.0485 0.00580686 -0.00580688,-81.6797 -8.90831 0.00784841 -0.00784844,0
178,1,179,2,79.2144 12.07 -1.66452 1.10774,-81.6797 -8.92421 -2.115 1.40738,0
178,1,179,3,79.2144 12.1347 -3.44908 2.29232,-81.6797 -8.97205 -4.12131 2.73801,0
178,2,179,0,78.6796 12.1351 3.00766 -2.02415,-82.4035 -8.97236 4.61094 -3.09955,0
178,2,179,1,78.6796 12.07 1.54587 -1.03252,-82.4035 -8.92421 2.22705 -1.48732,0
178,2,179,2,78.6796 12.0481 0.00580672 -0.00580672,-82.4035 -8.90801 0.00784822 -0.00784822,1
178,2,179,3,78.6796 12.0696 -1.64926 1.09248,-82.4035 -8.92391 -2.09442 1.3868,0
178,2,179,4,78.6796 12.1343 -3.43371 2.27695,-82.4035 -8.97176 -4.10065 2.71735,0
178,3,179,1,78.1447 12.1214 2.98297 -1.98616,-83.1273 -8.99002 4.57802 -3.04866,0
178,3,179,2,78.1447 12.0563 1.57233 -1.04575,-83.1273 -8.94178 2.26278 -1.50519,0
178,3,179,3,78.1447 12.0344 0.04745 -0.0342448,-83.1273 -8.92554 0.0640506 -0.0462183,0
178,3,179,4,78.1447 12.0559 -1.60751 1.06396,-83.1273 -8.94148 -2.03814 1.34839,0
178,3,179,5,78.1447 12.1206 -3.39171 2.24824,-83.1273 -8.98942 -4.04409 2.67875,0
178,4,179,2,77.6098 12.1077 3.00961 -1.99948,-83.8511 -9.00766 4.6139 -3.0666,0
178,4,179,3,77.6098 12.0427 1.6141 -1.07426,-83.8511 -8.95932 2.31905 -1.54361,0
178,4,179,4,77.6098 12.0208 0.0891782 -0.0627425,-83.8511 -8.94305 0.120184 -0.0845403,0
178,4,179,5,77.6098 12.0423 -1.56568 1.03538,-83.8511 -8.95902 -1.98193 1.31002,0
178,4,179,6,77.6098 12.1068 -3.34962 2.21948,-83.8511 -9.00706 -3.9876 2.64021,0
178,5,179,3,77.075 12.0939 3.05165 -2.02817,-84.5749 -9.02528 4.67043 -3.10521,0
178,5,179,4,77.075 12.029 1.65595 -1.10283,-84.5749 -8.97685 2.37524 -1.58198,0
178,5,179,5,77.075 12.0071 0.130991 -0.0912995,-84.5749 -8.96054 0.176248 -0.122814,0
178,5,179,6,77.075 12.0286 -1.52376 1.00674,-84.5749 -8.97654 -1.92579 1.27171,0
178,5,179,7,77.075 12.0931 -3.30744 2.19065,-84.5749 -9.02468 -3.93118 2.60171,0
178,6,179,4,76.5401 12.0801 3.09377 -2.05692,-85.2988 -9.04288 4.72689 -3.14377,0
178,6,179,5,76.5401 12.0153 1.69788 -1.13147,-85.2988 -8.99435 2.43136 -1.6203,0
178,6,179,6,76.5401 11.9935 0.172889 -0.119916,-85.2988 -8.97801 0.232243 -0.161039,0
178,6,179,7,76.5401 12.0149 -1.48175 0.978038,-85.2988 -8.99405 -1.86972 1.23344,0
178,6,179,8,76.5401 12.0793 -3.26519 2.16177,-85.2988 -9.04228 -3.87484 2.56326,0
178,7,179,5,76.0052 12.0663 3.13598 -2.08573,-86.0226 -9.06046 4.78328 -3.18228,0
178,7,179,6,76.0052 12.0015 1.73991 -1.16016,-86.0226 -9.01183 2.48742 -1.65857,0
178,7,179,7,76.0052 11.9797 0.214872 -0.148592,-86.0226 -8.99546 0.288169 -0.199216,0
178,7,179,8,76.0052 12.0011 -1.43966 0.949278,-86.0226 -9.01153 -1.81372 1.19522,0
178,7,179,9,76.0052 12.0655 -3.22284 2.13282,-86.0226 -9.05986 -3.81856 2.52486,0
178,8,179,6,75.4704 12.0525 3.17827 -2.11459,-86.7464 -9.07802 4.83961 -3.22075,0
178,8,179,7,75.4704 11.9878 1.78201 -1.18891,-86.7464 -9.02929 2.54341 -1.6968,0
178,8,179,8,75.4704 11.966 0.256939 -0.177326,-86.7464 -9.01289 0.344025 -0.237344,0
178,8,179,9,75.4704 11.9874 -1.39749 0.920458,-86.7464 -9.02899 -1.75779 1.15705,0
178,9,179,7,74.9355 12.0386 3.22065 -2.14352,-87.4702 -9.09556 4.89586 -3.25916,0
178,9,179,8,74.9355 11.974 1.82421 -1.21772,-87.4702 -9.04673 2.59932 -1.73498,0
178,9,179,9,74.9355 11.9522 0.299091 -0.20612,-87.4702 -9.0303 0.399812 -0.275424,0
179,0,180,0,91.7982 12.0137 -1.56225 1.05602,-89.8644 -9.00099 -1.97475 1.33598,0
179,0,180,1,91.7982 12.0781 -3.36291 2.25654,-89.8644 -9.04919 -3.99984 2.68614,0
179,0,180,2,91.7982 12.1847 -5.28201 3.53319,-89.8644 -9.12909 -5.9184 3.96148,0
179,1,180,0,91.2629 12.0428 0.00743496 -0.00743495,-90.588 -8.91623 0.0100333 -0.0100333,0
179,1,180,1,91.2629 12.0642 -1.66427 1.10703,-90.588 -8.9321 -2.11172 1.40446,0
179,1,180,2,91.2629 12.1288 -3.45692 2.29927,-90.588 -8.97994 -4.126 2.74346,0
179,2,180,0,90.7276 12.0642 1.54895 -1.03512,-91.3115 -8.93211 2.22823 -1.48884,0
179,2,180,1,90.7276 12.0422 0.00743459 -0.00743459,-91.3115 -8.91584 0.0100328 -0.0100328,1
179,2,180,2,90.7276 12.0637 -1.65576 1.09852,-91.3115 -8.93171 -2.10025 1.39299,0
179,2,180,3,90.7276 12.1283 -3.44836 2.2907,-91.3115 -8.97954 -4.11447 2.73193,0
179,3,180,0,90.1923 12.1135 2.99165 -1.99181,-92.035 -9.00063 4.58374 -3.0523,0
179,3,180,1,90.1923 12.0484 1.57947 -1.05037,-92.035 -8.95228 2.26939 -1.50942,0
179,3,180,2,90.1923 12.0264 0.0463993 -0.0311664,-92.035 -8.93598 0.062556 -0.0420183,0
179,3,180,3,90.1923 12.0479 -1.61672 1.07474,-92.035 -8.95188 -2.04764 1.36096,0
179,3,180,4,90.1923 12.1124 -3.40911 2.26679,-92.035 -8.99983 -4.06158 2.69973,0
179,4,180,1,89.6571 12.0976 3.02239 -2.00718,-92.7585 -9.02089 4.62507 -3.07297,0
179,4,180,2,89.6571 12.0326 1.61857 -1.07418,-92.7585 -8.97243 2.32195 -1.54143,0
179,4,180,3,89.6571 12.0106 0.0854421 -0.0549424,-92.7585 -8.95609 0.115015 -0.0739673,0
179,4,180,4,89.6571 12.032 -1.5776 1.05091,-92.7585 -8.97203 -1.99509 1.32896,0
179,4,180,5,89.6571 12.0965 -3.36978 2.24283,-92.7585 -9.02009 -4.00876 2.66756,0
179,5,180,2,89.1218 12.0816 3.06176 -2.03115,-93.4821 -9.04113 4.67787 -3.10513,0
179,5,180,3,89.1218 12.0167 1.65775 -1.09803,-93.4821 -8.99256 2.37445 -1.57341,0
179,5,180,4,89.1218 11.9948 0.124562 -0.0787619,-93.4821 -8.97617 0.167409 -0.105879,0
179,5,180,5,89.1218 12.0162 -1.5384 1.02704,-93.4821 -8.99215 -1.94261 1.297,0
179,5,180,6,89.1218 12.0805 -3.33037 2.21882,-93.4821 -9.04033 -3.956 2.63543,0
179,6,180,3,88.5865 12.0656 3.10121 -2.05515,-94.2056 -9.06134 4.7306 -3.13726,0
179,6,180,4,88.5865 12.0008 1.697 -1.12192,-94.2056 -9.01265 2.42689 -1.60536,0
179,6,180,5,88.5865 11.9789 0.163758 -0.102625,-94.2056 -8.99623 0.219736 -0.137753,0
179,6,180,6,88.5865 12.0003 -1.49913 1.00313,-94.2056 -9.01225 -1.8902 1.26507,0
179,6,180,7,88.5865 12.0646 -3.29088 2.19478,-94.2056 -9.06053 -3.90331 2.60334,0
179,7,180,4,88.0513 12.0496 3.14073 -2.0792,-94.9291 -9.08152 4.78327 -3.16935,0
179,7,180,5,88.0513 11.9849 1.73633 -1.14586,-94.9291 -9.03272 2.47926 -1.63726,0
179,7,180,6,88.0513 11.963 0.203033 -0.126532,-94.9291 -9.01626 0.272001 -0.169591,0
179,7,180,7,88.0513 11.9843 -1.45978 0.979168,-94.9291 -9.03231 -1.83785 1.23319,0
179,7,180,8,88.0513 12.0486 -3.25132 2.17069,-94.9291 -9.08071 -3.85068 2.57129,0
179,8,180,5,87.516 12.0336 3.18034 -2.1033,-95.6526 -9.10167 4.83587 -3.2014,0
179,8,180,6,87.516 11.9689 1.77574 -1.16984,-95.6526 -9.05276 2.53156 -1.66913,0
179,8,180,7,87.516 11.9471 0.242384 -0.150482,-95.6526 -9.03626 0.324199 -0.201391,0
179,8,180,8,87.516 11.9684 -1.42035 0.955166,-95.6526 -9.05235 -1.78556 1.20134,0
179,8,180,9,87.516 12.0325 -3.21168 2.14655,-95.6526 -9.10086 -3.79811 2.53927,0
179,9,180,6,86.9807 12.0175 3.22002 -2.12744,-96.3761 -9.12179 4.88841 -3.23342,0
179,9,180,7,86.9807 11.9529 1.81523 -1.19387,-96.3761 -9.07277 2.5838 -1.70096,0
179,9,180,8,86.9807 11.9311 0.281811 -0.174476,-96.3761 -9.05623 0.37633 -0.233153,0
179,9,180,9,86.9807 11.9524 -1.38084 0.931121,-96.3761 -9.07236 -1.73334 1.16952,0
180,0,181,0,103.306 12.0354 0.00906853 -0.00906855,-99.5042 -8.92634 0.0122142 -0.0122142,0
180,0,181,1,103.306 12.0568 -1.6644 1.10657,-99.5042 -8.94218 -2.10814 1.40135,0
180,0,181,2,103.306 12.1213 -3.46184 2.30303,-99.5042 -8.99002 -4.12511 2.74353,0
180,1,181,0,102.77 12.0568 1.55243 -1.03798,-100.227 -8.94218 2.22913 -1.49017,0
180,1,181,1,102.77 12.0348 0.0090681 -0.0090681,-100.227 -8.92585 0.0122136 -0.0122136,1
180,1,181,2,102.77 12.0561 -1.65898 1.10115,-100.227 -8.94168 -2.10084 1.39405,0
180,1,181,3,102.77 12.1206 -3.45639 2.29758,-100.227 -8.98953 -4.11777 2.73619,0
180,2,181,0,102.234 12.1127 2.9835 -1.98919,-100.95 -9.00156 4.56517 -3.0437,0
180,2,181,1,102.234 12.0476 1.56946 -1.0465,-100.95 -8.95316 2.25207 -1.50164,0
180,2,181,2,102.234 12.0256 0.0314817 -0.0229825,-100.95 -8.9368 0.0423911 -0.0309429,0
180,2,181,3,102.234 12.0469 -1.63653 1.08721,-100.95 -8.95266 -2.07061 1.37529,0
180,2,181,4,102.234 12.1114 -3.43383 2.28357,-100.95 -9.00056 -4.08737 2.71733,0
180,3,181,1,101.698 12.1035 3.00063 -1.99775,-101.674 -9.01259 4.58822 -3.05523,0
180,3,181,2,101.698 12.0384 1.59193 -1.06044,-101.674 -8.96412 2.28229 -1.52039,0
180,3,181,3,101.698 12.0164 0.053919 -0.0369106,-101.674 -8.94774 0.0725458 -0.0496588,0
180,3,181,4,101.698 12.0377 -1.61405 1.07326,-101.674 -8.96362 -2.04041 1.35654,0
180,3,181,5,101.698 12.1022 -3.41124 2.26954,-101.674 -9.01159 -4.057 2.69848,0
180,4,181,2,101.162 12.0942 3.02323 -2.01178,-102.397 -9.02361 4.61859 -3.07408,0
180,4,181,3,101.162 12.0292 1.61442 -1.0744,-102.397 -8.97508 2.31248 -1.53914,0
180,4,181,4,101.162 12.0072 0.07638 -0.0508524,-102.397 -8.95867 0.102678 -0.0683612,0
180,4,181,5,101.162 12.0285 -1.59155 1.05929,-102.397 -8.97458 -2.01022 1.33781,0
180,4,181,6,101.162 12.0929 -3.38862 2.2555,-102.397 -9.02261 -4.02665 2.67964,0
180,5,181,3,100.627 12.085 3.04586 -2.02582,-103.12 -9.03462 4.64894 -3.09292,0
180,5,181,4,100.627 12.02 1.63694 -1.08838,-103.12 -8.98602 2.34265 -1.55786,0
180,5,181,5,100.627 11.998 0.0988646 -0.064808,-103.12 -8.9696 0.132787 -0.0870501,0
180,5,181,6,100.627 12.0193 -1.56902 1.04531,-103.12 -8.98552 -1.98006 1.31909,0
180,5,181,7,100.627 12.0837 -3.36598 2.24145,-103.12 -9.03362 -3.99632 2.66082,0
180,6,181,4,100.091 12.0757 3.0685 -2.03987,-103.843 -9.04562 4.67926 -3.11175,0
180,6,181,5,100.091 12.0108 1.65948 -1.10237,-103.843 -8.99696 2.3728 -1.57658,0
180,6,181,6,100.091 11.9888 0.121373 -0.0787773,-103.843 -8.98051 0.162873 -0.105726,0
180,6,181,7,100.091 12.0101 -1.54648 1.03131,-103.843 -8.99646 -1.94992 1.30038,0
180,6,181,8,100.091 12.0744 -3.34332 2.22738,-103.843 -9.04462 -3.96602 2.64201,0
180,7,181,5,99.555 12.0665 3.09118 -2.05394,-104.566 -9.05661 4.70956 -3.13056,0
180,7,181,6,99.555 12.0015 1.68205 -1.11637,-104.566 -9.00789 2.40293 -1.59528,0
180,7,181,7,99.555 11.9796 0.143905 -0.0927603,-104.566 -8.99142 0.192936 -0.124387,0
180,7,181,8,99.555 12.0009 -1.5239 1.0173,-104.566 -9.00738 -1.91981 1.28169,0
180,7,181,9,99.555 12.0651 -3.32063 2.2133,-104.566 -9.05561 -3.93574 2.62322,0
180,8,181,6,99.0192 12.0572 3.11387 -2.06802,-105.289 -9.06759 4.73983 -3.14936,0
180,8,181,7,99.0192 11.9923 1.70464 -1.13038,-105.289 -9.0188 2.43303 -1.61397,0
180,8,181,8,99.0192 11.9704 0.16646 -0.106757,-105.289 -9.00231 0.222976 -0.143036,0
180,8,181,9,99.0192 11.9916 -1.50131 1.00328,-105.289 -9.0183 -1.88971 1.26301,0
180,9,181,7,98.4834 12.0479 3.13659 -2.08211,-106.012 -9.07856 4.77009 -3.16814,0
180,9,181,8,98.4834 11.983 1.72725 -1.14441,-106.012 -9.02971 2.46311 -1.63264,0
180,9,181,9,98.4834 11.9611 0.189039 -0.120767,-106.012 -9.0132 0.252993 -0.161671,0
181,0,182,0,115.341 12.0265 0.0103832 -0.0103832,-108.431 -8.93863 0.0139532 -0.0139532,0
181,0,182,1,115.341 12.0477 -1.66524 1.10669,-108.431 -8.95444 -2.1047 1.39847,0
181,0,182,2,115.341 12.1121 -3.46412 2.3039,-108.431 -9.0023 -4.11903 2.73863,0
181,1,182,0,114.805 12.0477 1.556 -1.0408,-109.153 -8.95445 2.22931 -1.49086,0
181,1,182,1,114.805 12.0257 0.0103825 -0.0103825,-109.153 -8.93804 0.0139522 -0.0139522,1
181,1,182,2,114.805 12.0469 -1.65922 1.10067,-109.153 -8.95385 -2.09661 1.39039,0
181,1,182,3,114.805 12.1113 -3.45807 2.29785,-109.153 -9.00171 -4.11089 2.73049,0
181,2,182,0,114.268 12.1067 2.98321 -1.99048,-109.876 -9.00964 4.55552 -3.03925,0
181,2,182,1,114.268 12.0415 1.56685 -1.04622,-109.876 -8.96115 2.2439 -1.49816,0
181,2,182,2,114.268 12.0194 0.02723 -0.0218145,-109.876 -8.94472 0.0365851 -0.0293034,0
181,2,182,3,114.268 12.0407 -1.64234 1.08921,-109.876 -8.96055 -2.07394 1.37501,0
181,2,182,4,114.268 12.1051 -3.44111 2.28634,-109.876 -9.00845 -4.0881 2.71504,0
181,3,182,1,113.732 12.1004 2.99411 -1.99592,-110.598 -9.01638 4.57019 -3.04659,0
181,3,182,2,113.732 12.0353 1.58373 -1.05768,-110.598 -8.96784 2.26657 -1.51354,0
181,3,182,3,113.732 12.0132 0.0440894 -0.0332547,-110.598 -8.95141 0.0592044 -0.0446452,0
181,3,182,4,113.732 12.0345 -1.62545 1.07775,-110.598 -8.96724 -2.05128 1.35964,0
181,3,182,5,113.732 12.0988 -3.42414 2.27482,-110.598 -9.01519 -4.06531 2.69958,0
181,4,182,2,113.195 12.0942 3.01108 -2.00743,-111.321 -9.02312 4.59299 -3.06205,0
181,4,182,3,113.195 12.029 1.60062 -1.06914,-111.321 -8.97454 2.28922 -1.5289,0
181,4,182,4,113.195 12.007 0.0609609 -0.0447033,-111.321 -8.95808 0.08181 -0.0599777,0
181,4,182,5,113.195 12.0282 -1.60855 1.06628,-111.321 -8.97394 -2.02864 1.34429,0
181,4,182,6,113.195 12.0926 -3.40715 2.26329,-111.321 -9.02192 -4.04254 2.68414,0
181,5,182,3,112.659 12.0879 3.02806 -2.01895,-112.044 -9.02985 4.61576 -3.07751,0
181,5,182,4,112.659 12.0228 1.61753 -1.08061,-112.044 -8.98123 2.31187 -1.54426,0
181,5,182,5,112.659 12.0008 0.0778443 -0.0561601,-112.044 -8.96476 0.104402 -0.0753008,0
181,5,182,6,112.659 12.022 -1.59163 1.0548,-112.044 -8.98063 -2.00601 1.32894,0
181,5,182,7,112.659 12.0863 -3.39015 2.25175,-112.044 -9.02865 -4.01979 2.66871,0
181,6,182,4,112.122 12.0816 3.04505 -2.03048,-112.766 -9.03657 4.63853 -3.09295,0
181,6,182,5,112.122 12.0166 1.63444 -1.09209,-112.766 -8.98791 2.33449 -1.55961,0
181,6,182,6,112.122 11.9945 0.0947397 -0.0676252,-112.766 -8.97143 0.12698 -0.0906145,0
181,6,182,7,112.122 12.0158 -1.57471 1.04331,-112.766 -8.98731 -1.98339 1.3136,0
181,6,182,8,112.122 12.08 -3.37315 2.24021,-112.766 -9.03538 -3.99704 2.65329,0
181,7,182,5,111.586 12.0754 3.06205 -2.04201,-113.489 -9.0433 4.66128 -3.10838,0
181,7,182,6,111.586 12.0103 1.65137 -1.10357,-113.489 -8.99459 2.35711 -1.57495,0
181,7,182,7,111.586 11.9883 0.111647 -0.0790986,-113.489 -8.97809 0.149545 -0.105919,0
181,7,182,8,111.586 12.0095 -1.55777 1.03182,-113.489 -8.99399 -1.96079 1.29827,0
181,7,182,9,111.586 12.0738 -3.35612 2.22865,-113.489 -9.0421 -3.97431 2.63788,0
181,8,182,6,111.049 12.0691 3.07907 -2.05356,-114.212 -9.05002 4.68402 -3.12381,0
181,8,182,7,111.049 12.0041 1.66831 -1.11507,-114.212 -9.00127 2.37971 -1.59028,0
181,8,182,8,111.049 11.9821 0.128566 -0.0905803,-114.212 -8.98476 0.172096 -0.121214,0
181,8,182,9,111.049 12.0033 -1.54082 1.02031,-114.212 -9.00066 -1.9382 1.28295,0
181,9,182,7,110.513 12.0628 3.09609 -2.06511,-114.934 -9.05673 4.70674 -3.13922,0
181,9,182,8,110.513 11.9978 1.68526 -1.12657,-114.934 -9.00794 2.40229 -1.6056,0
181,9,182,9,110.513 11.9758 0.145498 -0.10207,-114.934 -8.99141 0.194634 -0.136499,0
182,0,183,0,127.368 12.0162 0.00602885 -0.00602887,-117.369 -8.95267 0.00808619 -0.00808621,0
182,0,183,1,127.368 12.0373 -1.67206 1.11269,-117.369 -8.96843 -2.10863 1.40305,0
182,0,183,2,127.368 12.1016 -3.47737 2.31555,-117.369 -9.01629 -4.12634 2.74729,0
182,1,183,0,126.83 12.0374 1.55421 -1.03815,-118.091 -8.96848 2.22163 -1.48379,0
182,1,183,1,126.83 12.0152 0.00602844 -0.00602844,-118.091 -8.95197 0.00808564 -0.00808564,1
182,1,183,2,126.83 12.0364 -1.67007 1.11071,-118.091 -8.96774 -2.10596 1.40038,0
182,1,183,3,126.83 12.1007 -3.47538 2.31356,-118.091 -9.0156 -4.12365 2.7446,0
182,2,183,0,126.293 12.0956 2.98529 -1.9902,-118.813 -9.02451 4.54776 -3.03185,0
182,2,183,1,126.293 12.0304 1.56626 -1.04418,-118.813 -8.97587 2.23781 -1.49188,0
182,2,183,2,126.293 12.0083 0.0200493 -0.0140323,-118.813 -8.95935 0.0268886 -0.0188183,0
182,2,183,3,126.293 12.0295 -1.65603 1.10269,-118.813 -8.97513 -2.08712 1.38963,0
182,2,183,4,126.293 12.0937 -3.46128 2.30552,-118.813 -9.02304 -4.1047 2.73378,0
182,3,183,1,125.756 12.0886 2.9974 -1.99625,-119.535 -9.03195 4.56402 -3.03998,0
182,3,183,2,125.756 12.0235 1.58031 -1.0522,-119.535 -8.98326 2.25664 -1.50263,0
182,3,183,3,125.756 12.0013 0.0340794 -0.0220408,-119.535 -8.96672 0.0456802 -0.0295447,0
182,3,183,4,125.756 12.0225 -1.64198 1.09467,-119.535 -8.98252 -2.06829 1.37888,0
182,3,183,5,125.756 12.0867 -3.44717 2.29746,-119.535 -9.03048 -4.08576 2.72297,0
182,4,183,2,125.218 12.0817 3.01152 -2.00431,-120.257 -9.03938 4.58296 -3.05079,0
182,4,183,3,125.218 12.0165 1.59437 -1.06022,-120.257 -8.99064 2.27546 -1.51337,0
182,4,183,4,125.218 11.9944 0.0481188 -0.0300542,-120.257 -8.97409 0.0644603 -0.040265,0
182,4,183,5,125.218 12.0155 -1.62792 1.08665,-120.257 -8.9899 -2.04948 1.36814,0
182,4,183,6,125.218 12.0797 -3.43305 2.2894,-120.257 -9.0379 -4.06683 2.71216,0
182,5,183,3,124.681 12.0747 3.02565 -2.01237,-120.979 -9.0468 4.60188 -3.06159,0
182,5,183,4,124.681 12.0095 1.60844 -1.06825,-120.979 -8.99801 2.29427 -1.52411,0
182,5,183,5,124.681 11.9874 0.0621674 -0.0380723,-120.979 -8.98145 0.0832289 -0.0509792,0
182,5,183,6,124.681 12.0086 -1.61385 1.07862,-120.979 -8.99727 -2.03067 1.35741,0
182,5,183,7,124.681 12.0727 -3.41892 2.28134,-120.979 -9.04533 -4.04791 2.70136,0
182,6,183,4,124.144 12.0677 3.03979 -2.02044,-121.701 -9.05422 4.62079 -3.07239,0
182,6,183,5,124.144 12.0026 1.62252 -1.07628,-121.701 -9.00539 2.31306 -1.53484,0
182,6,183,6,124.144 11.9805 0.0762253 -0.0460952,-121.701 -8.9888 0.101986 -0.0616872,0
182,6,183,7,124.144 12.0016 -1.59978 1.07058,-121.701 -9.00465 -2.01188 1.34668,0
182,6,183,8,124.144 12.0657 -3.40478 2.27328,-121.701 -9.05274 -4.02901 2.69057,0
182,7,183,5,123.607 12.0606 3.05394 -2.02851,-122.423 -9.06163 4.63968 -3.08318,0
182,7,183,6,123.607 11.9956 1.63661 -1.08432,-122.423 -9.01275 2.33185 -1.54556,0
182,7,183,7,123.607 11.9735 0.0902924 -0.0541228,-122.423 -8.99615 0.120732 -0.072389,0
182,7,183,8,123.607 11.9946 -1.58569 1.06254,-122.423 -9.01201 -1.9931 1.33596,0
182,7,183,9,123.607 12.0587 -3.39063 2.2652,-122.423 -9.06016 -4.01012 2.67978,0
182,8,183,6,123.069 12.0536 3.0681 -2.03658,-123.145 -9.06904 4.65857 -3.09396,0
182,8,183,7,123.069 11.9886 1.6507 -1.09237,-123.145 -9.02011 2.35062 -1.55628,0
182,8,183,8,123.069 11.9665 0.104369 -0.0621551,-123.145 -9.0035 0.139466 -0.0830847,0
182,8,183,9,123.069 11.9876 -1.57159 1.0545,-123.145 -9.01937 -1.97432 1.32524,0
182,9,183,7,122.532 12.0466 3.08227 -2.04467,-123.867 -9.07644 4.67745 -3.10474,0
182,9,183,8,122.532 11.9816 1.66481 -1.10041,-123.867 -9.02747 2.36938 -1.56699,0
182,9,183,9,122.532 11.9595 0.118454 -0.0701923,-123.867 -9.01084 0.158189 -0.0937742,0
183,0,0,0,139.384 4.8041 0.00116749 -0.00116757,-126.322 -3.58433 0.00156426 -0.00156437,0
183,0,0,1,139.384 4.85753 -1.77499 1.18293,-126.322 -3.6242 -2.04191 1.36075,0
183,0,0,2,139.384 5.01524 -3.86204 2.57366,-126.322 -3.74186 -3.84945 2.56492,0
183,1,0,0,138.845 4.85796 1.45421 -0.969866,-127.043 -3.62451 2.28617 -1.52464,0
183,1,0,1,138.845 4.80369 0.00116764 -0.00116764,-127.043 -3.58402 0.00156447 -0.00156447,1
183,1,0,2,138.845 4.85713 -1.77318 1.18112,-127.043 -3.6239 -2.03946 1.3583,0
183,1,0,3,138.845 5.01485 -3.8602 2.57181,-127.043 -3.74157 -3.8469 2.56237,0
183,2,0,0,138.307 5.01523 2.59621 -1.73094,-127.765 -3.74359 4.80635 -3.20441,0
183,2,0,1,138.307 4.85675 1.4558 -0.970661,-127.765 -3.62529 2.28833 -1.52572,0
183,2,0,2,138.307 4.80248 0.00456064 -0.00376568,-127.765 -3.58478 0.00610872 -0.00504348,0
183,2,0,3,138.307 4.85592 -1.76976 1.1785,-127.765 -3.62467 -2.03486 1.35478,0
183,2,0,4,138.307 5.01363 -3.85671 2.56913,-127.765 -3.74239 -3.84211 2.55872,0
183,3,0,1,137.769 5.01401 2.59782 -1.73173,-128.486 -3.74441 4.80862 -3.20555,0
183,3,0,2,137.769 4.85554 1.45922 -0.973279,-128.486 -3.62607 2.29294 -1.52925,0
183,3,0,3,137.769 4.80128 0.00795475 -0.00636473,-128.486 -3.58554 0.0106509 -0.00852082,0
183,3,0,4,137.769 4.85471 -1.76634 1.17588,-128.486 -3.62545 -2.03026 1.35125,0
183,3,0,5,137.769 5.01241 -3.85322 2.56645,-128.486 -3.74321 -3.83734 2.55506,0
183,4,0,2,137.231 5.01279 2.60131 -1.73441,-129.207 -3.74523 4.8134 -3.20921,0
183,4,0,3,137.231 4.85433 1.46264 -0.975898,-129.207 -3.62684 2.29754 -1.53277,0
183,4,0,4,137.231 4.80007 0.01135 -0.00896478,-129.207 -3.5863 0.0151911 -0.0119965,0
183,4,0,5,137.231 4.8535 -1.76292 1.17326,-129.207 -3.62622 -2.02566 1.34773,0
183,4,0,6,137.231 5.01118 -3.84972 2.56376,-129.207 -3.74403 -3.83256 2.55141,0
183,5,0,3,136.693 5.01157 2.60481 -1.73709,-129.929 -3.74605 4.81818 -3.21286,0
183,5,0,4,136.693 4.85313 1.46606 -0.978519,-129.929 -3.62761 2.30214 -1.53629,0
183,5,0,5,136.693 4.79887 0.0147463 -0.0115658,-129.929 -3.58706 0.0197293 -0.0154705,0
183,5,0,6,136.693 4.8523 -1.7595 1.17063,-129.929 -3.62699 -2.02106 1.34422,0
183,5,0,7,136.693 5.00996 -3.84623 2.56108,-129.929 -3.74485 -3.82779 2.54776,0
183,6,0,4,136.154 5.01035 2.6083 -1.73977,-130.65 -3.74687 4.82296 -3.21652,0
183,6,0,5,136.154 4.85192 1.46948 -0.98114,-130.65 -3.62839 2.30674 -1.53981,0
183,6,0,6,136.154 4.79766 0.0181437 -0.0141679,-130.65 -3.58782 0.0242654 -0.0189428,0
183,6,0,7,136.154 4.85109 -1.75608 1.16801,-130.65 -3.62777 -2.01646 1.3407,0
183,6,0,8,136.154 5.00874 -3.84273 2.5584,-130.65 -3.74566 -3.82301 2.54411,0
183,7,0,5,135.616 5.00912 2.6118 -1.74246,-131.371 -3.74768 4.82773 -3.22017,0
183,7,0,6,135.616 4.85071 1.4729 -0.983762,-131.371 -3.62916 2.31134 -1.54333,0
183,7,0,7,135.616 4.79646 0.0215422 -0.016771,-131.371 -3.58858 0.0287995 -0.0224134,0
183,7,0,8,135.616 4.84988 -1.75265 1.16539,-131.371 -3.62854 -2.01187 1.33718,0
183,7,0,9,135.616 5.00752 -3.83923 2.55571,-131.371 -3.74648 -3.81824 2.54047,0
183,8,0,6,135.078 5.0079 2.61529 -1.74514,-132.093 -3.7485 4.83251 -3.22382,0
183,8,0,7,135.078 4.8495 1.47633 -0.986386,-132.093 -3.62993 2.31593 -1.54685,0
183,8,0,8,135.078 4.79526 0.0249419 -0.019375,-132.093 -3.58933 0.0333315 -0.0258824,0
183,8,0,9,135.078 4.84867 -1.74923 1.16276,-132.093 -3.62931 -2.00728 1.33367,0
183,9,0,7,134.54 5.00668 2.61879 -1.74782,-132.814 -3.74932 4.83728 -3.22747,0
183,9,0,8,134.54 4.84829 1.47975 -0.98901,-132.814 -3.63071 2.32052 -1.55036,0
183,9,0,9,134.54 4.79405 0.0283426 -0.0219801,-132.814 -3.59009 0.0378616 -0.0293497,0
