 alpha_m, ax_racetraj_mps2, kappa_racetraj_radpm, psi_racetraj_rad, s_racetraj_m, vx_racetraj_mps, width_left_m, width_right_m, x_normvec_m, y_normvec_m, y_ref_m,delta_s,x_bound_l,x_bound_r,x_raceline,x_ref_m,y_bound_l,y_bound_r,y_raceline
0.197765,1.5926,-3.62e-05,-2.21192,0,55.4709,2.04123,9.44176,-0.598463,-0.801151,-130.469,2.99669,144.989,138.117,143.649,143.768,-128.833,-138.033,-130.627
0.196125,1.58256,-3.23e-05,-2.21199,2.99669,55.5283,2.02059,9.45441,-0.598694,-0.800978,-132.263,2.99669,147.378,140.508,146.051,146.168,-130.644,-139.835,-132.42
0.193899,1.56269,-2.44e-05,-2.21211,5.99338,55.6418,2.00555,9.47644,-0.598922,-0.800807,-134.057,2.99669,149.769,142.893,148.452,148.568,-132.451,-141.646,-134.212
0.191046,1.55287,-2.05e-05,-2.21215,8.99007,55.6979,1.98036,9.48769,-0.599147,-0.800639,-135.852,2.99668,152.154,145.283,150.853,150.968,-134.267,-143.448,-136.005
0.187525,1.53344,-1.27e-05,-2.21222,11.9868,55.8089,1.94283,9.4893,-0.599368,-0.800474,-137.648,2.99667,154.531,147.679,153.254,153.367,-136.093,-145.244,-137.798
0.183297,1.52383,-8.7e-06,-2.21224,14.9834,55.8638,1.90464,9.48752,-0.599585,-0.800311,-139.444,2.99666,156.907,150.077,155.655,155.765,-137.92,-147.037,-139.591
0.178321,-6.37867,-9e-07,-2.21226,17.9801,55.9725,1.89184,9.48322,-0.5998,-0.80015,-141.242,2.99665,159.298,152.475,158.056,158.163,-139.728,-148.83,-141.384
0.172557,-13.4788,3e-06,-2.21226,20.9767,55.7441,1.89171,9.49015,-0.600011,-0.799992,-143.039,2.99663,161.696,154.867,160.457,160.561,-141.526,-150.631,-143.177
0.165964,-13.4564,1.09e-05,-2.21223,23.9734,54.769,1.90435,9.50249,-0.600218,-0.799836,-144.838,2.99661,164.101,157.254,162.858,162.958,-143.314,-152.438,-144.97
0.158502,-13.4458,1.48e-05,-2.2122,26.97,54.2755,1.92881,9.52179,-0.600423,-0.799683,-146.637,2.99658,166.513,159.638,165.259,165.355,-145.094,-154.251,-146.763
0.150132,-13.426,2.27e-05,-2.21213,29.9666,53.276,1.96166,9.54288,-0.600623,-0.799532,-148.436,2.99656,168.929,162.019,167.661,167.751,-146.868,-156.066,-148.556
0.140812,-13.4167,2.66e-05,-2.21208,32.9631,52.7697,1.97873,9.56188,-0.600821,-0.799384,-150.236,2.99653,171.335,164.401,170.062,170.146,-148.654,-157.88,-150.349
0.130502,-13.3993,3.44e-05,-2.21196,35.9596,51.7433,1.97441,9.56956,-0.601015,-0.799238,-152.037,2.9965,173.728,166.79,172.463,172.542,-150.459,-159.685,-152.141
0.119163,-13.3913,3.84e-05,-2.21188,38.9561,51.2229,1.95782,9.56454,-0.601206,-0.799094,-153.838,2.99646,176.113,169.186,174.865,174.936,-152.274,-161.481,-153.933
0.106753,-13.3765,4.62e-05,-2.21171,41.9526,50.1668,1.91765,9.58069,-0.601393,-0.798953,-155.64,2.99642,178.484,171.569,177.266,177.33,-154.108,-163.294,-155.725
0.0932327,-13.3697,5.01e-05,-2.21162,44.949,49.6308,1.90601,9.60072,-0.601577,-0.798815,-157.442,2.99638,180.871,173.949,179.668,179.724,-155.92,-165.111,-157.517
0.0785616,-13.3574,5.8e-05,-2.2114,47.9454,48.5418,1.89562,9.6182,-0.601758,-0.798679,-159.245,2.99634,183.258,176.33,182.07,182.118,-157.731,-166.927,-159.308
0.0626993,-13.3519,6.19e-05,-2.21128,50.9417,47.9884,1.89846,9.63915,-0.601935,-0.798545,-161.048,2.99629,185.653,178.708,184.473,184.511,-159.532,-168.746,-161.098
0.0456056,-13.342,6.98e-05,-2.21102,53.938,46.8627,1.89628,9.64954,-0.602109,-0.798414,-162.852,2.99625,188.045,181.093,186.876,186.903,-161.338,-170.556,-162.889
0.0272402,-13.3378,7.37e-05,-2.21087,56.9343,46.2899,1.89059,9.66413,-0.60228,-0.798285,-164.656,2.9962,190.434,183.474,189.279,189.295,-163.147,-172.371,-164.678
0.0075628,-13.33,8.15e-05,-2.21056,59.9305,45.1231,1.89788,9.65808,-0.602447,-0.798159,-166.461,2.99614,192.83,185.868,191.682,191.687,-164.946,-174.17,-166.467
-0.0134667,-13.33,8.57e-05,-2.2104,62.9266,44.5285,1.9004,9.6342,-0.602611,-0.798035,-168.266,2.9961,195.223,188.272,194.086,194.078,-166.75,-175.955,-168.256
-0.0357863,-13.3934,5.68e-05,-2.21009,65.9227,43.3138,1.91062,9.61264,-0.602729,-0.797946,-170.072,2.9961,197.62,190.675,196.49,196.468,-168.547,-177.742,-170.043
-0.0588953,-13.4342,3.61e-05,-2.21,68.9188,42.691,1.93231,9.59647,-0.602757,-0.797925,-171.878,2.99618,200.024,193.075,198.895,198.859,-170.336,-179.535,-171.831
-0.0821756,-13.4574,-5.1e-06,-2.20994,71.915,41.4116,1.94318,9.59368,-0.602694,-0.797973,-173.684,2.99632,202.421,195.468,201.299,201.25,-172.133,-181.339,-173.618
-0.105009,-13.4258,-2.57e-05,-2.20997,74.9113,40.7566,1.95642,9.57084,-0.602539,-0.798089,-175.489,2.99652,204.82,197.874,203.704,203.641,-173.928,-183.128,-175.406
-0.126778,-13.3688,-6.67e-05,-2.21015,77.9078,39.4188,1.96232,9.52991,-0.602294,-0.798274,-177.295,2.9968,207.214,200.293,206.109,206.033,-175.728,-184.902,-177.193
-0.146865,-13.3444,-8.74e-05,-2.21031,80.9046,38.7347,1.96909,9.4878,-0.601958,-0.798528,-179.099,2.99714,209.611,202.714,208.514,208.425,-177.527,-186.675,-178.982
-0.164653,-13.2973,-0.0001272,-2.21074,83.9018,37.3327,1.96457,9.47883,-0.601531,-0.798849,-180.903,2.99756,212.001,205.117,210.918,210.819,-179.333,-188.475,-180.771
-0.179524,-13.2863,-0.0001512,-2.21102,86.8993,36.6136,1.95301,9.4861,-0.601009,-0.799242,-182.705,2.99805,214.388,207.513,213.322,213.214,-181.144,-190.287,-182.561
-0.190862,-13.2097,-0.0001755,-2.21168,89.8974,35.1326,1.93129,9.50956,-0.600413,-0.79969,-184.506,2.99861,216.771,209.901,215.726,215.611,-182.962,-192.111,-184.353
-0.19805,-13.1461,-0.0002458,-2.2121,92.896,34.3725,1.9203,9.54195,-0.59966,-0.800255,-186.305,2.99934,219.162,212.288,218.129,218.01,-184.769,-193.941,-186.147
-0.2,-12.6542,-0.0003942,-2.21335,95.8953,32.8117,1.91601,9.57051,-0.599099,-0.800675,-188.103,3.00022,221.559,214.677,220.531,220.411,-186.569,-195.766,-187.943
-0.198316,-12.0884,-0.0008244,-2.21457,98.8956,32.0313,1.91172,9.57617,-0.600353,-0.799735,-189.901,3.00053,223.96,217.063,222.931,222.812,-188.373,-197.56,-189.743
-0.196702,-10.8618,-0.0022231,-2.22042,101.896,30.528,1.9264,9.56474,-0.604393,-0.796687,-191.708,3.00003,226.371,219.426,225.326,225.207,-190.173,-199.328,-191.551
-0.195575,-10.3529,-0.0029692,-2.22561,104.896,29.8081,1.9739,9.53324,-0.611057,-0.791586,-193.529,2.99897,228.795,221.763,227.708,227.589,-191.967,-201.076,-193.374
-0.194905,-9.50049,-0.0044606,-2.24047,107.895,28.4172,2.06032,9.47343,-0.620339,-0.784334,-195.374,2.99767,231.229,224.074,230.071,229.95,-193.758,-202.804,-195.221
-0.194813,-9.15048,-0.0051973,-2.25012,110.893,27.7406,2.19486,9.39302,-0.632161,-0.774837,-197.248,2.99653,233.673,226.348,232.409,232.286,-195.548,-204.526,-197.097
-0.195539,-8.58113,-0.0066709,-2.27385,113.889,26.4116,2.3875,9.25106,-0.646433,-0.762971,-199.161,2.99607,236.131,228.607,234.714,234.588,-197.34,-206.219,-199.012
-0.197339,-8.30253,-0.0074163,-2.28794,116.885,25.7537,2.62091,9.05652,-0.663027,-0.748595,-201.119,2.99694,238.587,230.845,236.98,236.849,-199.157,-207.899,-200.972
-0.2,-7.32487,-0.0091863,-2.32096,119.882,24.4547,2.92056,8.7838,-0.681774,-0.731563,-203.131,2.9998,241.055,233.076,239.201,239.064,-200.994,-209.557,-202.984
-0.2,-6.37046,-0.0108575,-2.341,122.882,23.8483,3.29578,8.41653,-0.702477,-0.711706,-205.202,3.00524,243.541,235.313,241.366,241.226,-202.857,-211.193,-205.06
-0.183814,-4.86273,-0.015804,-2.39369,125.887,22.8536,3.77264,7.96384,-0.724812,-0.688947,-207.342,3.01191,246.061,237.554,243.46,243.327,-204.743,-212.829,-207.216
-0.132129,-4.56498,-0.017177,-2.42664,128.899,22.4241,4.35215,7.42165,-0.750758,-0.660577,-209.558,3.00959,248.624,239.785,245.456,245.357,-206.683,-214.461,-209.471
-0.0508078,-4.2221,-0.0196251,-2.50038,131.909,21.6164,5.03534,6.77831,-0.7822,-0.623027,-211.859,2.99756,251.226,241.985,247.327,247.287,-208.722,-216.082,-211.828
0.0426331,-4.0863,-0.0206,-2.54061,134.906,21.2222,5.83047,6.06972,-0.818241,-0.574876,-214.256,2.98148,253.855,244.118,249.049,249.084,-210.904,-217.745,-214.28
0.127409,-3.74245,-0.0228469,-2.62735,137.888,20.4517,6.66802,5.28592,-0.857236,-0.514923,-216.757,2.96974,256.431,246.183,250.606,250.715,-213.324,-219.479,-216.823
0.18372,-3.13277,-0.0241941,-2.67442,140.858,20.0824,7.51717,4.47218,-0.897211,-0.441603,-219.374,2.97262,258.889,248.132,251.98,252.145,-216.054,-221.348,-219.455
0.2,-1.65331,-0.0296443,-2.78088,143.83,19.547,8.3373,3.68158,-0.933956,-0.357388,-222.113,2.98176,261.128,249.903,253.154,253.341,-219.133,-223.429,-222.185
0.196496,-1.3057,-0.0315515,-2.842,146.812,19.3771,9.05121,3.0009,-0.963564,-0.267476,-224.962,2.98431,263.001,251.388,254.09,254.28,-222.541,-225.765,-225.015
0.193341,-0.789402,-0.0339657,-2.97365,149.796,19.1304,9.51767,2.49164,-0.984998,-0.172567,-227.89,2.98107,264.317,252.488,254.751,254.942,-226.248,-228.32,-227.923
0.195021,-0.526579,-0.0350331,-3.04261,152.777,19.0477,9.74009,2.19341,-0.997425,-0.0717116,-230.867,2.97576,265.025,253.122,255.115,255.31,-230.168,-231.024,-230.881
0.2,-0.293556,-0.0367184,3.09678,155.753,18.9609,9.84563,2.01852,-0.999364,0.0356527,-233.862,2.97423,265.205,253.348,255.166,255.366,-234.213,-233.79,-233.855
0.2,-0.198278,-0.0368545,3.02323,158.727,18.9299,9.8963,1.89665,-0.989005,0.14788,-236.845,2.97999,264.879,253.216,254.894,255.091,-238.308,-236.564,-236.815
0.190597,0,-0.0377572,2.87425,161.707,18.9089,9.88964,1.85993,-0.96618,0.257869,-239.782,2.98497,264.036,252.684,254.296,254.481,-242.332,-239.303,-239.733
0.185283,0.0499668,-0.0376175,2.79895,164.692,18.9089,9.75019,1.95833,-0.932205,0.36193,-242.638,2.98421,262.637,251.722,253.375,253.548,-246.167,-241.929,-242.571
0.189324,0.0675205,-0.0375184,2.64864,167.677,18.9215,9.50794,2.19818,-0.887306,0.461181,-245.374,2.97709,260.747,250.36,252.142,252.31,-249.759,-244.36,-245.287
0.2,0.22478,-0.0370512,2.57413,170.654,18.9287,9.16249,2.56927,-0.831246,0.555904,-247.953,2.96538,258.401,248.649,250.618,250.784,-253.047,-246.525,-247.842
0.2,1.71695,-0.0324769,2.43418,173.619,19.0477,8.68502,3.04688,-0.763028,0.646365,-250.339,2.95971,255.614,246.662,248.834,248.987,-255.952,-248.369,-250.209
0.155267,2.00242,-0.0311015,2.37057,176.579,19.2271,8.12347,3.61885,-0.687406,0.726274,-252.5,2.97351,252.522,244.45,246.831,246.938,-258.399,-249.871,-252.387
0.0718169,2.28051,-0.029034,2.25072,179.552,19.6577,7.4797,4.29301,-0.613037,0.790054,-254.439,2.99528,249.257,242.04,244.628,244.672,-260.348,-251.047,-254.382
-0.0261081,2.3317,-0.0282352,2.1935,182.547,19.8883,6.7353,5.07082,-0.543,0.839732,-256.169,3.01225,245.885,239.474,242.242,242.228,-261.825,-251.911,-256.191
-0.113577,2.64229,-0.0261777,2.08444,185.56,20.3659,5.94199,5.90944,-0.47871,0.877973,-257.703,3.01573,242.488,236.815,239.698,239.644,-262.92,-252.515,-257.803
-0.171942,2.96948,-0.0247581,2.03356,188.575,20.6237,5.15372,6.70849,-0.420812,0.907148,-259.053,3.00463,239.127,234.136,237.031,236.959,-263.728,-252.968,-259.209
-0.195551,4.32899,-0.0203127,1.94289,191.58,21.2483,4.39768,7.41061,-0.367371,0.930075,-260.232,2.99566,235.823,231.485,234.279,234.207,-264.323,-253.34,-260.414
-0.2,4.9,-0.0182693,1.90431,194.576,21.6519,3.73897,8.03154,-0.316693,0.948528,-261.253,2.99292,232.587,228.859,231.466,231.403,-264.799,-253.635,-261.442
-0.19965,4.9,-0.0155399,1.83722,197.569,22.5387,3.21951,8.53953,-0.269298,0.963057,-262.126,2.99486,229.418,226.251,228.604,228.551,-265.226,-253.902,-262.318
-0.199396,4.9,-0.0145265,1.80716,200.564,22.9693,2.82721,8.94204,-0.225627,0.974214,-262.864,2.99973,226.296,223.64,225.703,225.658,-265.618,-254.152,-263.058
-0.199668,4.9,-0.0125717,1.753,203.563,23.8072,2.57882,9.21987,-0.185938,0.982561,-263.478,3.00583,223.21,221.016,222.767,222.73,-266.012,-254.419,-263.675
-0.199955,4.88924,-0.0115949,1.72884,206.569,24.2152,2.44675,9.36309,-0.150366,0.98863,-263.981,3.01164,220.142,218.366,219.804,219.774,-266.4,-254.725,-264.179
-0.2,4.8496,-0.0096285,1.68641,209.581,25.008,2.43084,9.39819,-0.118952,0.9929,-264.385,3.01584,217.085,215.678,216.82,216.796,-266.799,-255.054,-264.584
-0.19998,4.83036,-0.008686,1.6681,212.597,25.3928,2.51498,9.34089,-0.0916794,0.995789,-264.701,3.01732,214.033,212.946,213.821,213.803,-267.206,-255.4,-264.9
-0.2,4.79295,-0.00693,1.63699,215.614,26.1411,2.64454,9.21487,-0.0684829,0.997652,-264.941,3.01512,210.981,210.168,210.813,210.8,-267.58,-255.748,-265.141
-0.199382,4.77474,-0.0063348,1.62373,218.629,26.5051,2.82006,9.01843,-0.0493494,0.998782,-265.118,3.00872,207.933,207.348,207.803,207.793,-267.934,-256.11,-265.317
-0.195204,4.73926,-0.0049911,1.60101,221.638,27.2147,3.05446,8.78369,-0.0339429,0.999424,-265.242,3.00142,204.894,204.492,204.797,204.79,-268.295,-256.463,-265.437
-0.186538,4.72196,-0.0042307,1.59178,224.639,27.5607,3.35534,8.5219,-0.0216938,0.999765,-265.325,2.99577,201.865,201.608,201.797,201.792,-268.679,-256.805,-265.511
-0.174349,4.68818,-0.0027861,1.57779,227.635,28.2364,3.68459,8.22502,-0.0124653,0.999922,-265.375,2.99157,198.845,198.696,198.801,198.799,-269.059,-257.151,-265.55
-0.159198,4.67168,-0.0020814,1.57292,230.626,28.5664,4.02582,7.88853,-0.0063229,0.99998,-265.402,2.98863,195.834,195.759,195.809,195.808,-269.428,-257.514,-265.562
-0.141315,4.6394,-0.0006887,1.56739,233.615,29.212,4.39269,7.5195,-0.0032739,0.999995,-265.416,2.98687,192.835,192.796,192.821,192.82,-269.809,-257.897,-265.557
-0.120731,4.62361,2.1e-06,1.5667,236.602,29.5279,4.76289,7.12399,-0.0033302,0.999995,-265.425,2.98627,189.849,189.81,189.834,189.834,-270.188,-258.301,-265.546
-0.0973816,4.59267,0.0013861,1.56947,239.588,30.1465,5.12349,6.73496,-0.0064935,0.999979,-265.439,2.98689,186.88,186.803,186.848,186.847,-270.562,-258.704,-265.536
-0.0712074,4.57752,0.0020832,1.57294,242.575,30.4496,5.4771,6.34399,-0.01276,0.999919,-265.467,2.9889,183.93,183.779,183.861,183.86,-270.944,-259.124,-265.538
-0.0422555,-9.33555,0.0035017,1.5841,245.564,31.044,5.82799,5.92804,-0.0221154,0.999755,-265.518,2.99253,181,180.74,180.872,180.871,-271.345,-259.592,-265.561
-0.0108082,-9.06622,0.0042289,1.59183,248.557,30.4368,6.1647,5.48406,-0.0345419,0.999403,-265.602,2.99808,178.093,177.69,177.88,177.88,-271.763,-260.122,-265.613
0.0224633,-8.11896,0.0057456,1.61175,251.555,29.2544,6.49887,5.04758,-0.0499827,0.99875,-265.728,3.00413,175.209,174.632,174.883,174.885,-272.219,-260.687,-265.706
0.0561328,-7.71221,0.0065355,1.62402,254.559,28.6941,6.82666,4.59759,-0.0683113,0.997664,-265.905,3.00757,172.353,171.572,171.883,171.887,-272.716,-261.318,-265.849
0.0881603,-7.04191,0.0080579,1.65323,257.566,27.6244,7.19123,4.19717,-0.0894907,0.995988,-266.142,3.00847,169.534,168.514,168.882,168.89,-273.304,-261.961,-266.054
0.11693,-6.778,0.0087871,1.67007,260.575,27.1099,7.56306,3.8355,-0.113565,0.993531,-266.446,3.0074,166.759,165.464,165.886,165.9,-273.96,-262.636,-266.33
0.141473,-6.36357,0.0101961,1.70805,263.582,26.1084,7.92444,3.5288,-0.140562,0.990072,-266.827,3.00502,164.034,162.424,162.9,162.92,-274.673,-263.333,-266.687
0.161458,-6.20675,0.0108754,1.72912,266.587,25.6164,8.21433,3.28614,-0.170496,0.985358,-267.293,3.00209,161.357,159.396,159.929,159.957,-275.387,-264.055,-267.134
0.177066,-5.96738,0.0122289,1.77531,269.589,24.639,8.43009,3.11384,-0.203348,0.979107,-267.852,2.99945,158.727,156.38,156.977,157.013,-276.106,-264.804,-267.679
0.188728,-5.86199,0.0129157,1.80045,272.589,24.1499,8.54908,3.03383,-0.239064,0.971004,-268.514,2.99806,156.138,153.369,154.049,154.094,-276.815,-265.568,-268.33
0.196709,-5.54265,0.014438,1.85503,275.587,23.1685,8.57342,3.0373,-0.277512,0.960722,-269.285,2.99898,153.585,150.363,151.151,151.206,-277.522,-266.367,-269.096
0.2,-4.91108,0.0154628,1.88492,278.586,22.6851,8.4658,3.17164,-0.318568,0.9479,-270.176,3.00311,151.048,147.341,148.287,148.351,-278.201,-267.17,-269.986
0.191772,-3.63352,0.0195162,1.95439,281.589,21.8704,8.23171,3.44199,-0.36171,0.932291,-271.194,3.01093,148.513,144.291,145.466,145.536,-278.868,-267.985,-271.015
0.15435,-3.40156,0.0212738,1.99516,284.6,21.5357,7.87002,3.83714,-0.408034,0.912967,-272.348,3.01312,145.976,141.199,142.702,142.765,-279.533,-268.845,-272.207
0.0829788,-3.22598,0.0233976,2.08492,287.613,20.9068,7.34845,4.38236,-0.460498,0.887661,-273.651,3.00334,143.441,138.039,140.019,140.057,-280.174,-269.761,-273.578
-0.0080597,-3.18843,0.0242202,2.13252,290.616,20.5959,6.67008,5.10227,-0.519948,0.854198,-275.12,2.9866,140.911,134.79,137.447,137.443,-280.818,-270.762,-275.127
-0.0988155,-3.04492,0.0259625,2.23276,293.603,19.9716,5.8791,6.0236,-0.585367,0.810769,-276.771,2.97098,138.393,131.425,135.009,134.951,-281.538,-271.887,-276.851
-0.168184,-2.63767,0.0270374,2.28577,296.574,19.6644,4.97219,7.02192,-0.655534,0.755166,-278.62,2.9674,135.872,128.01,132.723,132.613,-282.375,-273.318,-278.747
-0.2,-1.33726,0.0309874,2.4012,299.541,19.1761,4.00772,7.97969,-0.727165,0.686463,-280.685,2.97792,133.372,124.655,130.603,130.457,-283.436,-275.207,-280.822
-0.2,-0.942259,0.0335641,2.46569,302.519,19.0361,3.15216,8.79026,-0.79376,0.608231,-282.967,2.98474,131.017,121.537,128.674,128.515,-284.885,-277.621,-283.089
-0.194601,-0.345703,0.0361088,2.60579,305.504,18.8687,2.534,9.42772,-0.852489,0.522745,-285.443,2.98402,128.974,118.776,126.979,126.813,-286.768,-280.515,-285.545
-0.194596,-0.137088,0.0370912,2.67893,308.488,18.8321,2.14693,9.8906,-0.903414,0.42877,-288.083,2.97829,127.321,116.446,125.557,125.382,-289.004,-283.842,-288.167
-0.2,0,0.038125,2.82988,311.466,18.8175,1.93318,10.0522,-0.945669,0.325132,-290.859,2.97298,126.076,114.742,124.437,124.248,-291.488,-287.591,-290.924
-0.2,0.148856,0.0377046,2.90569,314.439,18.8175,2.04064,9.80332,-0.977194,0.21235,-293.743,2.97559,125.435,113.861,123.636,123.441,-294.177,-291.662,-293.786
-0.18508,0.0598876,0.0378483,3.05676,317.415,18.8442,2.64921,9.20909,-0.995155,0.0983168,-296.703,2.98244,125.613,113.812,123.161,122.976,-296.964,-295.798,-296.722
-0.170943,0.19191,0.0374512,3.132,320.397,18.8506,3.63672,8.36077,-0.999938,-0.0111798,-299.701,2.98552,126.483,114.486,123.017,122.847,-299.66,-299.794,-299.699
-0.16809,0.362033,0.036769,-3.00274,323.383,18.9027,4.74207,7.33026,-0.993138,-0.116948,-302.697,2.9808,127.749,115.76,123.207,123.04,-302.142,-303.554,-302.677
-0.180422,0.446443,0.0363854,-2.92967,326.364,18.9409,5.77405,6.26133,-0.975636,-0.219397,-305.651,2.96622,129.178,117.436,123.721,123.545,-304.384,-307.025,-305.612
-0.2,1.93173,0.0316871,-2.7925,329.33,19.107,6.65726,5.319,-0.947446,-0.319917,-308.525,2.95002,130.658,119.311,124.54,124.35,-306.396,-310.227,-308.461
-0.2,2.96705,0.0282534,-2.73251,332.28,19.3081,7.36408,4.55519,-0.911936,-0.410332,-311.287,2.95692,132.155,121.285,125.622,125.439,-308.265,-313.156,-311.205
-0.180348,4.9,0.0202726,-2.63525,335.237,20.0297,7.88104,3.9927,-0.877227,-0.480075,-313.944,2.97901,133.681,123.265,126.926,126.768,-310.161,-315.861,-313.858
-0.150709,4.9,0.0161075,-2.59888,338.216,20.5131,8.19914,3.63359,-0.848264,-0.529574,-316.521,3.00261,135.236,125.199,128.409,128.281,-312.179,-318.445,-316.441
-0.116917,4.9,0.0070595,-2.55229,341.218,21.4471,8.39354,3.37604,-0.82787,-0.560921,-319.039,3.01898,136.874,127.13,130.022,129.925,-314.331,-320.932,-318.973
-0.078205,4.9,0.0022201,-2.54303,344.237,21.8991,8.50597,3.21312,-0.817633,-0.575739,-321.521,3.02341,138.601,129.019,131.71,131.646,-316.624,-323.371,-321.476
-0.0285102,-8.6177,-0.0068316,-2.55249,347.261,21.7304,8.60003,3.12767,-0.818669,-0.574266,-323.991,3.01491,140.429,130.828,133.412,133.388,-319.053,-325.788,-323.975
0.0330251,-7.3357,-0.0111533,-2.57044,350.276,20.9224,8.7042,3.04953,-0.831444,-0.555608,-326.476,2.99524,142.333,132.56,135.068,135.096,-321.64,-328.17,-326.494
0.100666,-5.1962,-0.019004,-2.63088,353.271,19.585,8.83743,2.91731,-0.855095,-0.518471,-329.001,2.97056,144.267,134.216,136.625,136.711,-324.419,-330.513,-329.053
0.161735,-4.38659,-0.0228886,-2.67272,356.241,19.0471,9.03127,2.68168,-0.887284,-0.461224,-331.594,2.95257,146.188,135.796,138.031,138.175,-327.429,-332.831,-331.669
0.2,-2.50508,-0.0299848,-2.77812,359.194,18.1919,9.2053,2.38503,-0.924528,-0.381114,-334.283,2.95906,147.942,137.226,139.246,139.431,-330.774,-335.192,-334.359
0.2,-1.84541,-0.0342597,-2.84242,362.153,17.9145,9.47482,2.13311,-0.959283,-0.282448,-337.092,2.97803,149.512,138.377,140.231,140.423,-334.416,-337.694,-337.148
0.182777,-1.12565,-0.0394764,-2.99108,365.131,17.5562,9.76468,1.97084,-0.984444,-0.175699,-340.009,2.98431,150.724,139.171,140.931,141.111,-338.294,-340.355,-340.041
0.176826,-0.865287,-0.040743,-3.0712,368.115,17.4275,9.92453,1.90205,-0.998019,-0.0629064,-342.99,2.9793,151.376,139.573,141.295,141.471,-342.366,-343.11,-343.002
0.185329,-0.597901,-0.0432228,3.04362,371.095,17.2549,9.92008,1.87095,-0.998338,0.0576294,-345.99,2.9704,151.385,139.613,141.296,141.481,-346.561,-345.882,-345.979
0.2,-0.575677,-0.0436853,2.95677,374.065,17.1855,9.96419,1.86619,-0.982388,0.186854,-348.961,2.96982,150.906,139.284,140.921,141.118,-350.823,-348.612,-348.923
0.2,-0.432887,-0.0440079,2.78203,377.035,17.0367,10.0857,1.86338,-0.947767,0.318964,-351.858,2.97935,149.917,138.592,140.169,140.358,-355.075,-351.264,-351.794
0.183442,-0.382647,-0.0452905,2.6928,380.014,16.9858,10.1764,1.85417,-0.896509,0.443024,-354.633,2.98469,148.334,137.548,139.046,139.21,-359.141,-353.811,-354.552
0.173046,0,-0.0463418,2.50968,382.999,16.9116,10.1125,1.86273,-0.830703,0.556715,-357.234,2.97985,146.105,136.157,137.561,137.705,-362.864,-356.197,-357.138
0.179749,0,-0.0472022,2.41632,385.979,16.9116,9.95741,1.89144,-0.749874,0.66158,-359.611,2.96528,143.34,134.455,135.738,135.873,-366.199,-358.36,-359.493
0.2,0.89633,-0.0439128,2.23159,388.944,16.9415,9.83919,1.93313,-0.652414,0.757862,-361.713,2.94804,140.167,132.487,133.618,133.748,-369.17,-360.248,-361.562
0.2,2.12315,-0.0391494,2.14859,391.892,17.047,9.78753,1.97638,-0.537984,0.842955,-363.489,2.95253,136.627,130.299,131.254,131.362,-371.74,-361.823,-363.321
0.133663,2.03294,-0.0383397,2.07109,394.845,17.2943,9.78929,1.99926,-0.419681,0.907672,-364.912,2.98671,132.86,127.912,128.695,128.751,-373.797,-363.097,-364.79
0.026283,2.16013,-0.0359192,1.92274,397.831,17.7681,9.82869,2.02568,-0.311361,0.950292,-366.003,3.02454,129.025,125.334,125.957,125.965,-375.343,-364.078,-365.978
-0.0835314,2.25752,-0.0346623,1.85237,400.856,18.0095,9.77073,2.13307,-0.214619,0.976698,-366.794,3.04751,125.149,122.594,123.07,123.052,-376.337,-364.711,-366.876
-0.163571,2.76546,-0.0312692,1.72003,403.903,18.5282,9.47313,2.40329,-0.129755,0.991546,-367.314,3.04456,121.291,119.75,120.083,120.062,-376.707,-364.931,-367.476
-0.2,3.97075,-0.0258964,1.60579,406.948,19.1827,8.91303,2.88426,-0.0556382,0.998451,-367.592,3.01508,117.541,116.885,117.056,117.045,-376.492,-364.713,-367.792
-0.199412,4.7306,-0.0228456,1.5571,409.963,19.5922,8.2256,3.55138,0.0111338,0.999938,-367.658,2.98846,113.953,114.084,114.043,114.045,-375.883,-364.107,-367.858
-0.184427,4.9,-0.0186026,1.47458,412.952,20.5516,7.4919,4.32019,0.0726179,0.99736,-367.532,2.97431,110.527,111.385,111.058,111.071,-375.004,-363.223,-367.716
-0.17081,4.9,-0.016867,1.43912,415.926,21.023,6.70196,5.09919,0.128146,0.991755,-367.233,2.97016,107.264,108.776,108.101,108.122,-373.88,-362.176,-367.402
-0.164389,4.9,-0.0154615,1.40679,418.896,21.484,5.9292,5.83452,0.177193,0.984176,-366.779,2.97324,104.145,106.23,105.167,105.196,-372.615,-361.037,-366.941
-0.165404,4.9,-0.0128411,1.35032,421.869,22.3775,5.25801,6.48299,0.219572,0.975596,-366.189,2.98076,101.135,103.713,102.253,102.289,-371.319,-359.864,-366.351
-0.171489,4.9,-0.0116077,1.32589,424.85,22.8111,4.69248,7.02983,0.255305,0.966861,-365.481,2.99026,98.2023,101.195,99.3566,99.4003,-370.018,-358.684,-365.647
-0.179674,4.9,-0.0090835,1.28448,427.84,23.6546,4.21317,7.48796,0.284553,0.95866,-364.674,2.99971,95.3279,98.6575,96.4757,96.5268,-368.713,-357.495,-364.846
-0.187667,4.89674,-0.0077534,1.26766,430.84,24.0652,3.83612,7.86504,0.30751,0.951545,-363.786,3.00758,92.4867,96.0849,93.6086,93.6663,-367.436,-356.302,-363.964
-0.194507,4.8568,-0.0049213,1.24224,433.848,24.864,3.53615,8.18493,0.324488,0.94589,-362.835,3.01264,89.6692,93.4725,90.7535,90.8166,-366.18,-355.093,-363.019
-0.2,4.83742,-0.0039116,1.23342,436.86,25.2516,3.27244,8.46859,0.335357,0.942091,-361.84,3.01458,86.878,90.8154,87.9083,87.9754,-364.923,-353.862,-362.028
-0.2,4.79975,-0.002614,1.22071,439.875,26.0049,3.02149,8.71327,0.341917,0.93973,-360.819,3.01504,84.1074,88.1197,85.0721,85.1405,-363.659,-352.631,-361.007
-0.194899,4.78143,-0.0024675,1.21563,442.89,26.3714,2.77747,8.93483,0.34819,0.937424,-359.78,3.01495,81.3446,85.4227,82.2438,82.3117,-362.383,-351.404,-359.962
-0.18934,4.74573,-0.0028239,1.20537,445.905,27.0854,2.56061,9.14571,0.355645,0.934621,-358.719,3.01405,78.5803,82.7436,79.4236,79.491,-361.113,-350.172,-358.896
-0.18366,4.7112,-0.0032865,1.19316,448.919,27.7761,2.37145,9.3466,0.363984,0.931405,-357.636,3.01251,75.8171,80.0823,76.6134,76.6803,-359.844,-348.93,-357.807
-0.177727,4.69434,-0.0035252,1.18635,451.931,28.1132,2.2023,9.51783,0.37328,0.927719,-356.526,3.0104,73.0594,77.4343,73.8152,73.8815,-358.569,-347.696,-356.691
-0.171509,4.6614,-0.0039821,1.17134,454.942,28.772,2.03797,9.65225,0.38351,0.923537,-355.388,3.00782,70.3151,74.7984,71.0309,71.0967,-357.27,-346.474,-355.546
-0.165082,4.64529,-0.0042081,1.16315,457.95,29.0942,1.89866,9.74831,0.394672,0.918822,-354.219,3.00488,67.5783,72.1751,68.2625,68.3277,-355.963,-345.262,-354.37
-0.158627,4.61376,-0.0046474,1.14544,460.954,29.7248,1.81387,9.79185,0.406757,0.913536,-353.016,3.0017,64.8387,69.5594,65.5119,65.5765,-354.673,-344.07,-353.161
-0.152426,4.59832,-0.0048646,1.13593,463.956,30.0335,1.79728,9.77076,0.419753,0.907639,-351.776,2.99842,62.0906,66.9463,62.781,62.845,-353.408,-342.908,-351.915
-0.146847,4.56807,-0.005292,1.11562,466.955,30.6387,1.80432,9.69526,0.433645,0.901084,-350.498,2.99519,59.3529,64.3396,60.0716,60.1353,-352.124,-341.762,-350.63
-0.142325,3.92827,-0.0055049,1.10483,469.95,30.9354,1.84639,9.58372,0.448415,0.893825,-349.178,2.99217,56.6212,61.7467,57.3854,57.4492,-350.829,-340.612,-349.306
-0.139335,-7.90652,-0.0059337,1.08196,472.942,30.6765,1.96898,9.43775,0.464039,0.885814,-347.815,2.98955,53.875,59.1682,54.724,54.7887,-349.559,-339.455,-347.938
-0.138349,-7.9046,-0.0061505,1.06988,475.932,30.1568,2.1698,9.25845,0.480488,0.877001,-346.404,2.98751,51.1132,56.6043,52.0893,52.1558,-348.307,-338.285,-346.526
-0.139796,-7.91209,-0.0066029,1.04438,478.919,29.0897,2.4315,9.03207,0.497725,0.867335,-344.945,2.98626,48.3421,54.0478,49.4827,49.5523,-347.053,-337.111,-345.066
-0.144,-7.93102,-0.006836,1.03095,481.905,28.5406,2.74111,8.74196,0.515708,0.856764,-343.433,2.98602,45.5667,51.4886,46.9061,46.9803,-345.782,-335.943,-343.556
-0.151117,-7.98345,-0.0073435,1.00261,484.891,27.4052,3.10497,8.39418,0.534387,0.84524,-341.867,2.98698,42.7825,48.9275,44.361,44.4417,-344.492,-334.772,-341.995
-0.161052,-8.02541,-0.0076109,0.987659,487.878,26.8164,3.52316,7.98553,0.553701,0.832716,-340.244,2.98939,39.9877,46.3601,41.8493,41.9385,-343.178,-333.594,-340.378
-0.173367,-8.06969,-0.0079018,0.972151,490.868,26.2112,4.02916,7.5017,0.573589,0.819143,-338.562,2.99343,37.1615,43.7755,39.3731,39.4726,-341.862,-332.417,-338.704
-0.187177,-7.99377,-0.008557,0.939283,493.861,24.9457,4.62478,6.95998,0.593952,0.8045,-336.817,2.99933,34.299,41.1798,36.9347,37.0459,-340.538,-331.218,-336.967
-0.2,-7.17409,-0.0093275,0.921407,496.86,24.2965,5.29385,6.37297,0.614788,0.788693,-335.007,3.00705,31.4058,38.5784,34.5374,34.6604,-339.183,-329.981,-335.165
-0.2,-5.24007,-0.0142566,0.875841,499.867,23.202,6.01892,5.75296,0.635701,0.771936,-333.131,3.01595,28.4918,35.9752,32.1909,32.318,-337.777,-328.69,-333.285
-0.159747,-4.79838,-0.0159649,0.845651,502.883,22.746,6.69844,5.13958,0.660123,0.751158,-331.182,3.01628,25.6022,33.4168,29.9186,30.024,-336.214,-327.322,-331.302
-0.0809867,-4.25021,-0.0188101,0.775842,505.9,21.9165,7.23261,4.57626,0.692275,0.721634,-329.149,3.00519,22.798,30.973,27.7489,27.805,-334.368,-325.847,-329.207
0.0168847,-3.79146,-0.0211992,0.695904,508.905,21.1487,7.62751,4.16691,0.731888,0.681425,-327.013,2.988,20.1137,28.7459,25.7086,25.6962,-332.211,-324.174,-327.002
0.110704,-3.55184,-0.022468,0.652298,511.893,20.7872,7.88429,3.91466,0.777331,0.629091,-324.757,2.97352,17.6043,26.776,23.819,23.733,-329.717,-322.295,-324.688
0.177249,-2.90799,-0.023805,0.605987,514.866,20.4426,8.10542,3.71748,0.826835,0.562445,-322.364,2.97408,15.2488,25.0244,22.0972,21.9507,-326.923,-320.273,-322.264
0.2,-1.31482,-0.0292096,0.501326,517.841,19.9719,8.36036,3.47109,0.875465,0.483281,-319.816,2.98634,13.0649,23.423,20.5592,20.3841,-323.856,-318.139,-319.719
0.197427,-1.03961,-0.0309567,0.44125,520.827,19.8399,8.65682,3.20034,0.917227,0.398364,-317.12,2.99438,11.1186,21.9943,19.2399,19.0588,-320.569,-315.845,-317.041
0.194149,-1.00314,-0.0324184,0.313498,523.821,19.6328,9.10022,2.93547,0.950737,0.309998,-314.304,2.99586,9.33873,20.7815,18.1752,17.9906,-317.125,-313.394,-314.244
0.19563,-0.992834,-0.0327628,0.248366,526.817,19.5303,9.19386,2.64383,0.976157,0.217067,-311.398,2.9924,8.22038,19.7758,17.386,17.195,-313.393,-310.824,-311.355
0.199697,-0.936561,-0.0335206,0.115815,529.809,19.3275,9.44953,2.29111,0.992891,0.119031,-308.43,2.98712,7.30508,18.9622,16.8857,16.6874,-309.555,-308.157,-308.406
0.2,-0.815115,-0.0339731,0.0483387,532.797,19.2303,9.80979,1.99161,0.999874,0.0159005,-305.43,2.98321,6.67476,18.4747,16.6833,16.4833,-305.586,-305.399,-305.427
0.193742,-0.501282,-0.0354716,-0.0902148,535.78,19.0847,10.1184,1.83208,0.996055,-0.0887351,-302.43,2.97765,6.51452,18.4179,16.786,16.593,-301.532,-302.592,-302.447
0.189747,-0.363602,-0.0358862,-0.161534,538.757,19.0321,10.0601,1.87258,0.98134,-0.192278,-299.463,2.96853,7.14199,18.852,17.2005,17.0143,-297.529,-299.823,-299.5
0.192055,0,-0.0370258,-0.30724,541.726,18.9763,9.80974,2.09271,0.955417,-0.295261,-296.566,2.95695,8.37055,19.7424,17.9264,17.7429,-293.67,-297.184,-296.623
0.2,0,-0.0374897,-0.381729,544.683,18.9763,9.44035,2.45686,0.917659,-0.397369,-293.774,2.94557,10.1116,21.0292,18.9581,18.7746,-290.023,-294.75,-293.853
0.2,1.86544,-0.0320702,-0.523409,547.629,19.0469,9.02326,2.96429,0.866529,-0.499128,-291.122,2.94693,12.2862,22.6737,20.2784,20.1051,-286.618,-292.601,-291.222
0.14962,2.89204,-0.0286513,-0.58417,550.575,19.2417,8.44321,3.59377,0.808238,-0.588856,-288.639,2.97512,14.9003,24.6291,21.8454,21.7245,-283.667,-290.755,-288.727
0.0567872,4.78509,-0.0219374,-0.685213,553.551,19.9315,7.67647,4.47357,0.756932,-0.653493,-286.308,3.00909,17.7731,26.9699,23.6267,23.5837,-281.291,-289.231,-286.345
-0.0440382,4.9,-0.0179895,-0.725052,556.56,20.4059,6.74802,5.53041,0.718944,-0.695067,-284.092,3.03004,20.7657,29.5932,25.5854,25.6171,-279.402,-287.936,-284.061
-0.127863,4.9,-0.009225,-0.779849,559.59,21.3446,5.73348,6.52765,0.696474,-0.717582,-281.954,3.02926,23.7659,32.3054,27.6701,27.7591,-277.84,-286.638,-281.863
-0.181248,4.9,-0.0046116,-0.793684,562.619,21.7988,4.80038,7.34737,0.690937,-0.722915,-279.858,3.00714,26.6273,35.0206,29.8188,29.944,-276.388,-285.17,-279.727
-0.199751,-7.92423,0.0063127,-0.790955,565.626,22.5307,3.96011,8.00659,0.700704,-0.713452,-277.767,2.97915,29.334,37.7191,31.9689,32.1088,-274.942,-283.48,-277.625
-0.2,-6.05616,0.0117152,-0.772949,568.605,21.8161,3.2671,8.48035,0.722831,-0.691025,-275.645,2.95407,31.8471,40.3385,34.0641,34.2086,-273.388,-281.506,-275.507
-0.198668,-2.97185,0.0208114,-0.707223,571.559,20.8289,2.77681,8.8889,0.756043,-0.654522,-273.456,2.93805,34.1071,42.9268,36.0563,36.2065,-271.639,-279.274,-273.326
-0.2,-2.15829,0.0249507,-0.661451,574.497,20.5416,2.49538,9.15398,0.798178,-0.602421,-271.165,2.93999,36.0735,45.3718,37.9057,38.0653,-269.661,-276.679,-271.044
-0.2,-1.56001,0.0287738,-0.552382,577.437,20.151,2.33714,9.31644,0.846301,-0.532705,-268.734,2.97274,37.7702,47.6327,39.5789,39.7482,-267.489,-273.697,-268.628
-0.178124,-0.998243,0.029863,-0.493729,580.41,19.9956,2.18042,9.41301,0.89343,-0.449202,-266.131,3.01981,39.2704,49.6283,41.0593,41.2184,-265.151,-270.359,-266.051
-0.139672,-0.0288576,0.0335389,-0.367029,583.43,19.8695,2.04332,9.51294,0.932115,-0.362164,-263.358,3.04692,40.5444,51.3162,42.3188,42.449,-262.618,-266.803,-263.308
-0.120746,0,0.0341316,-0.299474,586.477,19.8666,1.94846,9.66934,0.961656,-0.27426,-260.46,3.04887,41.5492,52.7215,43.3068,43.4229,-259.925,-263.112,-260.427
-0.135327,0.0654973,0.0340387,-0.162391,589.526,19.8666,1.9248,9.79024,0.983116,-0.182982,-257.482,3.02647,42.2314,53.7487,43.9907,44.1237,-257.13,-259.273,-257.457
-0.172588,0.613239,0.0326293,-0.0957742,592.552,19.8732,1.94102,9.80853,0.996295,-0.0860015,-254.47,2.985,42.6011,54.3071,44.363,44.5349,-254.303,-255.313,-254.455
-0.2,0.99216,0.0312012,0.0312908,595.537,20.0219,1.97666,9.77667,0.999867,0.0163138,-251.469,2.94887,42.6642,54.416,44.4406,44.6406,-251.501,-251.309,-251.472
-0.2,0.720114,0.0315674,0.094125,598.486,20.1207,2.03313,9.74421,0.993128,0.117034,-248.507,2.93407,42.4222,54.1186,44.2427,44.4413,-248.745,-247.367,-248.531
-0.180684,1.52242,0.0290825,0.216118,601.42,20.294,2.1036,9.7368,0.9774,0.211398,-245.596,2.93534,41.899,53.4718,43.7784,43.955,-246.041,-243.538,-245.635
-0.14145,1.84759,0.0278808,0.273082,604.355,20.4435,2.15711,9.71649,0.954305,0.298834,-242.746,2.94794,41.1421,52.4731,43.0656,43.2006,-243.39,-239.842,-242.788
-0.0837446,2.06916,0.0263791,0.381214,607.303,20.8166,2.25016,9.58653,0.925529,0.378678,-239.965,2.96684,40.1143,51.0695,42.1194,42.1969,-240.817,-236.335,-239.997
-0.0149306,2.05278,0.0259219,0.433503,610.27,21.0144,2.42924,9.31983,0.892508,0.451032,-237.264,2.98736,38.7948,49.2809,40.9496,40.9629,-238.36,-233.061,-237.271
0.0547411,2.01997,0.0250678,0.535462,613.258,21.4,2.74297,8.94535,0.856406,0.516303,-234.654,3.00565,37.1682,47.1782,39.5642,39.5173,-236.07,-230.035,-234.625
0.115413,2.02952,0.0246128,0.585118,616.263,21.5879,3.22483,8.48034,0.818066,0.575124,-232.142,3.01881,35.241,44.8166,37.9736,37.8792,-233.997,-227.265,-232.076
0.159974,2.21897,0.0233752,0.681225,619.282,21.9683,3.84321,7.90778,0.778037,0.628219,-229.74,3.02476,33.077,42.2198,36.1917,36.0672,-232.155,-224.773,-229.64
0.185719,2.39765,0.0225896,0.727155,622.307,22.1694,4.54404,7.22315,0.736609,0.676318,-227.458,3.0221,30.7532,39.421,34.2372,34.1004,-230.531,-222.573,-227.332
0.195363,2.90397,0.0207066,0.813724,625.329,22.6213,5.2433,6.47583,0.693859,0.720111,-225.304,3.01341,28.3594,36.4908,32.1331,31.9975,-229.08,-220.641,-225.164
0.196006,3.12405,0.0198266,0.854252,628.342,22.8765,5.8811,5.74575,0.649965,0.759964,-223.287,3.00755,25.9526,33.5097,29.9025,29.7751,-227.757,-218.921,-223.138
0.19387,3.36881,0.0184576,0.93064,631.35,23.4284,6.46712,5.08934,0.605423,0.795904,-221.406,3.00534,23.5278,30.5244,27.5606,27.4432,-226.553,-217.356,-221.252
0.192347,3.4179,0.0179281,0.967018,634.355,23.7142,7.0258,4.52462,0.560613,0.828078,-219.66,3.00587,21.0718,27.5472,25.1184,25.0106,-225.478,-215.913,-219.501
0.192569,3.44039,0.0170568,1.0369,637.361,24.2852,7.54859,4.04347,0.515858,0.856674,-218.048,3.00814,18.5923,24.5721,22.5856,22.4863,-224.515,-214.584,-217.883
0.194315,3.42776,0.0166889,1.07063,640.369,24.5668,8.00185,3.63202,0.471403,0.881918,-216.568,3.01123,16.107,21.5912,19.9707,19.8791,-223.625,-213.365,-216.397
0.196697,3.40114,0.0160073,1.13599,643.38,25.1175,8.38148,3.2776,0.427422,0.904052,-215.219,3.01426,13.6155,18.5988,17.282,17.1979,-222.796,-212.256,-215.041
0.198737,3.39727,0.0156755,1.16767,646.395,25.3868,8.69603,2.96639,0.384027,0.923322,-214,3.01645,11.1122,15.5909,14.528,14.4517,-222.029,-211.261,-213.817
0.199809,3.43275,0.0149875,1.229,649.411,25.9174,8.92317,2.70104,0.341282,0.939961,-212.91,3.01714,8.60404,12.5712,11.7175,11.6494,-221.297,-210.371,-212.722
0.2,3.48933,0.0146047,1.25858,652.428,26.1809,9.10882,2.47187,0.299173,0.954199,-211.947,3.01575,6.07461,9.53925,8.85957,8.79973,-220.638,-209.588,-211.756
0.2,-3.51546,0.014225,1.316,655.444,26.4877,9.2641,2.30272,0.257755,0.96621,-211.109,3.01193,3.52387,6.50528,5.96329,5.91174,-220.06,-208.884,-210.916
0.198818,-3.58297,0.0144122,1.34462,658.456,26.2209,9.41966,2.17505,0.21658,0.976265,-210.397,3.00664,0.954101,3.46529,3.03727,2.99421,-219.593,-208.273,-210.203
0.194893,-3.87282,0.0146106,1.40269,661.463,25.6584,9.56404,2.09278,0.174483,0.98466,-209.81,3.00128,-1.61454,0.419383,0.0882332,0.0542277,-219.228,-207.75,-209.618
0.189925,-4.00426,0.0147575,1.43205,664.464,25.3548,9.67803,2.03182,0.130946,0.99139,-209.353,2.99626,-4.17047,-2.6371,-2.87829,-2.90316,-218.948,-207.339,-209.165
0.18557,-4.2836,0.0150875,1.4917,667.46,24.7041,9.75493,1.99443,0.0860467,0.996291,-209.028,2.99209,-6.71239,-5.7014,-5.85704,-5.87301,-218.747,-207.041,-208.843
0.183262,-4.41862,0.0152963,1.52208,670.452,24.3549,9.79112,1.97934,0.039774,0.999209,-208.84,2.98929,-9.23979,-8.77163,-8.84307,-8.85036,-218.624,-206.863,-208.657
0.183963,-4.669,0.0158324,1.58426,673.442,23.6076,9.80436,1.97785,-0.0078219,0.999969,-208.792,2.98841,-11.7536,-11.8457,-11.8317,-11.8303,-218.596,-206.815,-208.608
0.187872,-4.77817,0.0161808,1.61627,676.43,23.2088,9.79035,1.99118,-0.0566652,0.998393,-208.888,2.98997,-14.253,-14.9206,-14.8184,-14.8078,-218.663,-206.9,-208.701
0.194059,-4.95063,0.0170884,1.68268,679.42,22.3624,9.74648,2.02807,-0.106632,0.994298,-209.131,2.99445,-16.7386,-17.9942,-17.7986,-17.7779,-218.822,-207.115,-208.938
0.2,-4.87658,0.017683,1.71745,682.414,21.9152,9.67065,2.10384,-0.15758,0.987506,-209.525,3.00223,-19.2119,-21.0673,-20.7673,-20.7357,-219.075,-207.448,-209.328
0.2,-3.83176,0.0201752,1.79237,685.417,21.0354,9.52723,2.24919,-0.209227,0.977867,-210.074,3.01356,-21.683,-24.1469,-23.7182,-23.6763,-219.39,-207.874,-209.878
0.179194,-3.61414,0.0226335,1.83517,688.43,20.668,9.28378,2.49287,-0.2616,0.965176,-210.781,3.02422,-24.1661,-27.2469,-26.6416,-26.5947,-219.741,-208.375,-210.608
0.118354,-3.55123,0.0249515,1.93103,691.454,19.9621,8.94453,2.84622,-0.318676,0.947864,-211.653,3.02149,-26.6294,-30.3868,-29.5175,-29.4798,-220.131,-208.955,-211.541
0.0271441,-3.59662,0.0257352,1.98168,694.476,19.6032,8.47284,3.32821,-0.384029,0.923321,-212.71,3.00728,-29.0488,-33.5808,-32.3131,-32.3027,-220.534,-209.637,-212.685
-0.0727982,-3.85909,0.0271202,2.08735,697.483,18.8429,7.85743,3.92693,-0.457248,0.889339,-213.974,2.98999,-31.4385,-36.8268,-34.998,-35.0312,-220.962,-210.481,-214.038
-0.155848,-3.94098,0.0280671,2.14254,700.473,18.4288,7.07716,4.68817,-0.5372,0.843455,-215.464,2.98146,-33.8316,-40.1519,-37.5497,-37.6334,-221.433,-211.509,-215.595
-0.2,-3.09396,0.0313208,2.26041,703.455,17.5646,6.19001,5.59764,-0.622036,0.782988,-217.202,2.99263,-36.2267,-43.5591,-39.9527,-40.0772,-222.048,-212.819,-217.358
-0.197837,-2.50734,0.0351387,2.32681,706.447,17.2088,5.22885,6.60586,-0.705458,0.708751,-219.205,3.00034,-38.6402,-46.989,-42.1893,-42.3289,-222.911,-214.523,-219.345
-0.179797,-1.5266,0.0416643,2.48087,709.448,16.6894,4.25037,7.57358,-0.782497,0.622654,-221.455,2.98902,-41.0179,-50.2701,-44.2031,-44.3438,-224.101,-216.739,-221.567
-0.173584,-1.11812,0.0439501,2.56637,712.437,16.5055,3.32847,8.41854,-0.852664,0.52246,-223.918,2.96359,-43.2336,-53.2498,-45.9236,-46.0716,-225.657,-219.519,-224.008
-0.184018,-0.491394,0.0484114,2.75141,715.4,16.2894,2.57735,9.12983,-0.914221,0.405216,-226.559,2.93466,-45.1057,-55.8086,-47.2937,-47.462,-227.603,-222.859,-226.634
-0.2,-0.12701,0.0493913,2.8492,718.335,16.2289,2.07637,9.62716,-0.963553,0.267516,-229.344,2.92082,-46.4637,-57.7407,-48.2717,-48.4644,-229.9,-226.769,-229.398
-0.2,0,0.0513561,3.05209,721.256,16.2133,1.84178,9.80169,-0.992993,0.118173,-232.237,2.92763,-47.2047,-58.7666,-48.835,-49.0336,-232.455,-231.079,-232.261
-0.2,0.368669,0.0499536,-3.12989,724.183,16.2133,1.91161,9.71672,-0.999622,-0.0275,-235.189,2.94124,-47.2549,-58.8788,-48.9658,-49.1658,-235.136,-235.456,-235.183
-0.2,3.27429,0.0376497,-2.95327,727.125,16.4803,2.39025,9.44085,-0.98629,-0.165023,-238.141,2.96817,-46.52,-58.1889,-48.6803,-48.8775,-237.747,-239.699,-238.108
-0.168081,4.65671,0.0310622,-2.88451,730.093,16.8729,3.36244,8.87674,-0.961369,-0.275263,-241.053,3.011,-44.9754,-56.7418,-48.0464,-48.208,-240.127,-243.496,-241.007
-0.120105,5.00079,0.0108636,-2.80041,733.104,17.9842,4.70522,8.02216,-0.938902,-0.344185,-243.922,3.03787,-42.8449,-54.7947,-47.1499,-47.2627,-242.302,-246.683,-243.881
-0.0443761,3.84785,0.0009706,-2.78861,736.142,18.5319,6.18299,6.89825,-0.927198,-0.374571,-246.755,3.03451,-40.4271,-52.556,-46.1188,-46.16,-244.439,-249.339,-246.738
0.062277,-7.19194,-0.0149431,-2.81797,739.176,18.0057,7.54911,5.57431,-0.932292,-0.361706,-249.57,2.99944,-37.9935,-50.2283,-45.0895,-45.0315,-246.839,-251.586,-249.593
0.160744,-4.80176,-0.0213512,-2.85415,742.176,17.1884,8.6973,4.2173,-0.954159,-0.2993,-252.402,2.95428,-35.726,-48.0486,-44.178,-44.0246,-249.799,-253.664,-252.45
0.2,-0.569235,-0.041416,-2.97992,745.13,16.3208,9.4938,3.03153,-0.981044,-0.193787,-255.28,2.92456,-33.9691,-46.257,-43.4791,-43.2829,-253.441,-255.868,-255.319
0.2,-0.556541,-0.0489628,-3.07032,748.054,16.251,9.87505,2.25056,-0.998456,-0.0555494,-258.207,2.9329,-33.0471,-45.154,-43.1066,-42.9069,-257.658,-258.332,-258.218
0.168785,-0.0228763,-0.0492029,3.01661,750.987,16.1087,10.1497,1.86544,-0.994766,0.102183,-261.165,2.98125,-32.878,-44.8303,-43.1425,-42.9746,-262.202,-260.975,-261.148
0.101724,-0.0043652,-0.051955,2.91539,753.969,16.1059,10.0536,1.92357,-0.96767,0.252219,-264.115,3.02173,-33.7835,-45.3735,-43.6106,-43.5121,-266.651,-263.63,-264.09
0.058756,0,-0.0520467,2.70682,756.99,16.1054,9.6009,2.46216,-0.922474,0.386059,-266.985,3.034,-35.6265,-46.7544,-44.5373,-44.4831,-270.692,-266.035,-266.962
0.0723735,0.0528488,-0.0518429,2.60321,760.024,16.1054,8.69589,3.40568,-0.860675,0.509154,-269.702,3.01361,-38.3629,-48.7784,-45.9095,-45.8472,-274.129,-267.968,-269.665
0.136128,1.151,-0.0471472,2.40363,763.038,16.1841,7.55772,4.45541,-0.781084,0.624426,-272.192,2.96428,-41.6611,-51.0444,-47.6707,-47.5643,-276.911,-269.41,-272.107
0.2,2.17821,-0.0424789,2.31421,766.002,16.3257,6.61695,5.31748,-0.680468,0.732778,-274.382,2.92012,-45.0916,-53.2126,-49.7303,-49.5942,-279.231,-270.486,-274.235
0.195125,3.14755,-0.0362209,2.15717,768.922,16.906,5.96661,5.9174,-0.56844,0.822724,-276.223,2.92787,-48.5033,-55.2586,-52.0059,-51.8949,-281.132,-271.355,-276.063
0.120413,3.40242,-0.0338389,2.08698,771.85,17.2743,5.52659,6.32729,-0.462809,0.886458,-277.741,2.96415,-51.8616,-57.3477,-54.4751,-54.4193,-282.64,-272.132,-277.634
0.0066341,3.37865,-0.0324394,2.02091,774.814,17.6638,5.22543,6.61041,-0.369408,0.929268,-278.972,3.0008,-55.1889,-59.5612,-57.1217,-57.1192,-283.828,-272.829,-278.966
-0.103974,3.66095,-0.0289824,1.89776,777.815,18.4251,5.01715,6.81922,-0.290894,0.956755,-279.957,3.01921,-58.487,-61.9302,-59.9163,-59.9465,-284.757,-273.433,-280.056
-0.177396,4.89565,-0.0232137,1.79219,780.834,19.2525,4.87527,6.99291,-0.228118,0.973634,-280.734,3.01303,-61.7408,-64.4481,-62.8125,-62.8529,-285.48,-273.925,-280.906
-0.2,4.91228,-0.0187966,1.75022,783.847,19.7544,4.78827,7.14753,-0.176031,0.984385,-281.339,3.00248,-64.9507,-67.0518,-65.7584,-65.7936,-286.053,-274.303,-281.536
-0.2,4.9,-0.0152203,1.68302,786.85,20.7238,4.73719,7.27691,-0.127884,0.991789,-281.793,2.99763,-68.1456,-69.682,-68.7258,-68.7514,-286.492,-274.576,-281.992
-0.197537,4.9,-0.0142751,1.65354,789.847,21.1913,4.66663,7.3601,-0.0829121,0.996557,-282.107,2.99717,-71.3363,-72.3334,-71.7068,-71.7232,-286.758,-274.773,-282.304
-0.196463,4.9,-0.0125678,1.59991,792.845,22.0967,4.56719,7.41587,-0.0416525,0.999132,-282.293,2.99976,-74.516,-75.0152,-74.6981,-74.7063,-286.856,-274.883,-282.489
-0.196911,4.9,-0.0117638,1.57558,795.844,22.5357,4.46777,7.48031,-0.0041818,0.999991,-282.36,3.004,-77.6791,-77.729,-77.6969,-77.6977,-286.828,-274.88,-282.557
-0.198127,4.9,-0.0101655,1.53172,798.848,23.3891,4.35445,7.5494,0.029426,0.999567,-282.321,3.00866,-80.8228,-80.4726,-80.7005,-80.6947,-286.674,-274.775,-282.519
-0.199234,4.9,-0.0093587,1.5122,801.857,23.8043,4.27627,7.63168,0.059188,0.998247,-282.187,3.01263,-83.9475,-83.2426,-83.7061,-83.6943,-286.456,-274.569,-282.386
-0.199748,4.86936,-0.0076588,1.47814,804.87,24.6129,4.1982,7.71116,0.0851469,0.996368,-281.969,3.015,-87.0513,-86.0372,-86.7108,-86.6938,-286.152,-274.286,-282.168
-0.199862,4.84973,-0.0067697,1.46371,807.885,25.0053,4.13267,7.77698,0.107414,0.994214,-281.679,3.01494,-90.1341,-88.8548,-89.7117,-89.6902,-285.787,-273.947,-281.877
-0.2,4.81161,-0.0058174,1.43899,810.9,25.7678,4.07545,7.84839,0.125944,0.992037,-281.326,3.01197,-93.1939,-91.6922,-92.7059,-92.6807,-285.369,-273.54,-281.525
-0.19712,4.79307,-0.0058158,1.42737,813.912,26.1385,4.00799,7.90455,0.141391,0.989954,-280.924,3.00764,-96.2291,-94.5448,-95.6903,-95.6624,-284.891,-273.098,-281.119
-0.186734,4.75698,-0.0053591,1.40507,816.919,26.8605,3.91454,7.94914,0.155649,0.987812,-280.477,3.00392,-99.2432,-97.3966,-98.663,-98.6339,-284.344,-272.625,-280.662
-0.170129,4.73939,-0.005204,1.39451,819.923,27.2123,3.8499,7.97873,0.169612,0.985511,-279.989,3.00071,-102.248,-100.242,-101.624,-101.595,-283.783,-272.126,-280.157
-0.148567,4.70506,-0.0048636,1.37438,822.924,27.8988,3.81975,7.99788,0.183119,0.983091,-279.46,2.99801,-105.246,-103.082,-104.574,-104.547,-283.215,-271.597,-279.606
-0.123176,4.6883,-0.0047022,1.36482,825.922,28.234,3.78838,8.01877,0.196206,0.980563,-278.892,2.99579,-108.232,-105.915,-107.512,-107.488,-282.606,-271.029,-279.013
-0.0949728,4.65553,-0.0043885,1.34664,828.918,28.8893,3.74016,8.06182,0.208858,0.977946,-278.285,2.99402,-111.202,-108.737,-110.44,-110.42,-281.943,-270.401,-278.378
-0.0648756,4.63951,-0.0042351,1.33802,831.912,29.2098,3.64267,8.13002,0.221073,0.975257,-277.642,2.99265,-114.149,-111.546,-113.358,-113.343,-281.194,-269.713,-277.705
-0.0337238,4.60814,-0.0039368,1.32168,834.904,29.8372,3.5249,8.22661,0.23285,0.972513,-276.963,2.99165,-117.078,-114.342,-116.265,-116.257,-280.391,-268.962,-276.995
-0.0022898,4.59278,-0.0037898,1.31396,837.896,30.1444,3.36806,8.36441,0.244187,0.969728,-276.249,2.99099,-119.984,-117.119,-119.163,-119.162,-279.515,-268.138,-276.251
0.0287081,4.56267,-0.0035017,1.29938,840.887,30.7467,3.19351,8.52049,0.255083,0.966919,-275.502,2.99062,-122.873,-119.885,-122.051,-122.058,-278.59,-267.264,-275.474
0.0585942,4.5479,-0.003359,1.29252,843.878,31.042,3.00692,8.70596,0.265541,0.9641,-274.724,2.99053,-125.744,-122.634,-124.93,-124.946,-277.623,-266.33,-274.667
0.0867256,4.51892,-0.0030771,1.27965,846.868,31.6215,2.8217,8.8917,0.275559,0.961284,-273.914,2.99067,-128.603,-125.375,-127.802,-127.826,-276.627,-265.367,-273.831
0.112483,4.5047,-0.0029368,1.27364,849.859,31.906,2.65772,9.08418,0.285141,0.958485,-273.075,2.99101,-131.455,-128.107,-130.665,-130.697,-275.623,-264.368,-272.968
0.135263,4.5,-0.0026579,1.26245,852.85,32.4654,2.50017,9.26244,0.294289,0.955716,-272.208,2.99151,-134.297,-130.835,-133.521,-133.561,-274.598,-263.356,-272.079
0.154473,4.5,-0.0025187,1.25728,855.841,32.7414,2.35393,9.43221,0.303005,0.952989,-271.315,2.99214,-137.13,-133.559,-136.37,-136.417,-273.558,-262.326,-271.167
0.169521,4.5,-0.0022404,1.24776,858.833,33.2865,2.22218,9.5829,0.311292,0.950314,-270.395,2.99288,-139.958,-136.283,-139.213,-139.266,-272.507,-261.288,-270.234
0.179817,4.5,-0.0021012,1.24342,861.826,33.5557,2.09858,9.72022,0.319154,0.947703,-269.451,2.99369,-142.777,-139.005,-142.05,-142.107,-271.44,-260.239,-269.281
0.184763,4.5,-0.0018219,1.23558,864.82,34.0878,1.99843,9.84189,0.326594,0.945165,-268.484,2.99454,-145.595,-141.728,-144.882,-144.942,-270.373,-259.182,-268.309
0.183755,4.5,-0.0016814,1.23207,867.815,34.3508,1.91467,9.92563,0.333617,0.942709,-267.495,2.9954,-148.409,-144.459,-147.709,-147.77,-269.3,-258.138,-267.322
0.176178,4.5,-0.0013995,1.22591,870.81,34.8707,1.85697,9.98012,0.340222,0.940345,-266.485,2.99625,-151.223,-147.196,-150.531,-150.591,-268.231,-257.1,-266.319
0.161405,4.5,-0.0012499,1.22326,873.806,35.1278,1.8182,10.007,0.34643,0.938076,-265.456,2.99708,-154.036,-149.94,-153.351,-153.406,-267.161,-256.069,-265.304
0.138938,4.5,-0.0011095,1.21856,876.803,35.6364,1.79741,10.0135,0.352113,0.935957,-264.409,2.99792,-156.848,-152.69,-156.167,-156.215,-266.091,-255.036,-264.279
0.109661,4.5,-0.0010589,1.21639,879.801,35.888,1.79404,10.0166,0.357066,0.934079,-263.345,2.9987,-159.66,-155.442,-158.98,-159.019,-265.021,-253.989,-263.243
0.0752217,4.48276,-0.0010012,1.21433,882.8,36.1379,1.79665,10.0096,0.361252,0.932468,-262.268,2.99934,-162.467,-158.202,-161.791,-161.818,-263.943,-252.934,-262.198
0.0372718,4.42139,-0.0008877,1.21056,885.799,36.6289,1.8028,9.99126,0.364685,0.931131,-261.179,2.99981,-165.27,-160.969,-164.599,-164.612,-262.858,-251.876,-261.144
-0.0025459,4.39131,-0.0008303,1.20884,888.799,36.8695,1.82116,9.95625,0.367367,0.930076,-260.081,3.00005,-168.073,-163.746,-167.405,-167.404,-261.775,-250.821,-260.083
-0.0425954,4.33235,-0.0007154,1.20575,891.799,37.3412,1.85248,9.92383,0.369301,0.92931,-258.976,3.00004,-170.877,-166.528,-170.208,-170.193,-260.697,-249.754,-259.015
-0.0812462,4.2749,-0.0006001,1.20312,894.799,37.8008,1.88427,9.8893,0.37049,0.928837,-257.866,2.99979,-173.678,-169.316,-173.01,-172.979,-259.616,-248.681,-257.942
-0.116871,4.24672,-0.0005426,1.20197,897.799,38.0262,1.92149,9.85646,0.370934,0.928659,-256.754,2.99929,-176.478,-172.109,-175.809,-175.765,-258.538,-247.601,-256.863
-0.147842,4.1914,-0.0004283,1.20003,900.798,38.4688,1.97144,9.83493,0.370635,0.928779,-255.642,2.99855,-179.281,-174.905,-178.605,-178.551,-257.473,-246.507,-255.779
-0.172532,4.16424,-0.0003729,1.19923,903.797,38.6861,2.01566,9.81764,0.369589,0.929195,-254.532,2.99762,-182.081,-177.708,-181.4,-181.336,-256.405,-245.409,-254.692
-0.189305,4.13741,-0.0003112,1.19855,906.794,38.9007,2.04218,9.80364,0.367805,0.929903,-253.426,2.99669,-184.874,-180.517,-184.192,-184.123,-255.325,-244.31,-253.602
-0.197516,4.0847,0.0001061,1.19799,909.791,39.3224,2.07272,9.77157,0.365705,0.930731,-252.327,2.99597,-187.669,-183.338,-186.983,-186.911,-254.256,-243.232,-252.511
-0.2,4.05881,0.0003409,1.19844,912.787,39.5295,2.09179,9.73311,0.363686,0.931522,-251.234,2.99541,-190.462,-186.161,-189.774,-189.701,-253.183,-242.168,-251.421
-0.2,4.0079,0.0006685,1.20053,915.782,39.9368,2.11501,9.6871,0.36174,0.932279,-250.148,2.99499,-193.258,-188.989,-192.565,-192.493,-252.119,-241.117,-250.334
-0.199567,3.98288,0.0006764,1.20187,918.777,40.1369,2.11653,9.64724,0.359869,0.933003,-249.067,2.99471,-196.048,-191.815,-195.358,-195.287,-251.042,-240.066,-249.253
-0.199285,3.93367,0.0006489,1.20454,921.772,40.5306,2.10675,9.63826,0.358073,0.933694,-247.992,2.99456,-198.836,-194.631,-198.153,-198.082,-249.959,-238.993,-248.178
-0.199185,3.90947,0.0006282,1.20582,924.767,40.7242,2.08097,9.64649,0.356353,0.934352,-246.922,2.99455,-201.621,-197.442,-200.95,-200.879,-248.866,-237.909,-247.108
-0.199238,3.86185,0.0005873,1.20825,927.761,41.1052,2.06925,9.66941,0.354709,0.934977,-245.857,2.99467,-204.413,-200.249,-203.749,-203.679,-247.792,-236.817,-246.044
-0.199415,3.83842,0.0005664,1.20941,930.756,41.2926,2.05557,9.69916,0.35314,0.93557,-244.797,2.99492,-207.206,-203.055,-206.55,-206.48,-246.72,-235.723,-244.984
-0.199692,3.7923,0.0005282,1.21159,933.751,41.6616,2.05323,9.70812,0.351652,0.936131,-243.742,2.9953,-210.005,-205.869,-209.353,-209.283,-245.664,-234.654,-243.929
-0.2,3.7696,0.000479,1.2126,936.746,41.8432,2.03725,9.71213,0.350228,0.936664,-242.691,2.99582,-212.801,-208.686,-212.158,-212.088,-244.599,-233.593,-242.878
-0.2,3.72489,0.0003436,1.21426,939.742,42.2009,2.00561,9.71376,0.348982,0.937129,-241.643,2.99638,-215.595,-211.505,-214.965,-214.895,-243.523,-232.54,-241.831
-0.199653,3.70288,0.0002606,1.21487,942.738,42.377,1.96613,9.73408,0.348103,0.937456,-240.599,2.99688,-218.388,-214.315,-217.773,-217.704,-242.442,-231.474,-240.786
-0.199115,3.6595,7.92e-05,1.21555,945.735,42.724,1.92218,9.77675,0.347631,0.937631,-239.556,2.99729,-221.182,-217.115,-220.583,-220.514,-241.359,-230.389,-239.743
-0.198439,3.63814,-1.24e-05,1.21562,948.733,42.8949,1.87708,9.82129,0.347556,0.937659,-238.515,2.99762,-223.976,-219.911,-223.393,-223.324,-240.275,-229.306,-238.701
-0.197664,-12.9844,-0.0001962,1.2152,951.73,42.908,1.85114,9.8372,0.347882,0.937538,-237.472,2.99788,-226.778,-222.712,-226.203,-226.135,-239.208,-228.25,-237.658
-0.19683,-12.8394,-0.0002882,1.21472,954.728,42.2986,1.8242,9.85692,0.348608,0.937269,-236.429,2.99805,-229.581,-225.508,-229.013,-228.945,-238.138,-227.19,-236.613
-0.195976,-12.5768,-0.0004721,1.2132,957.726,41.0734,1.80872,9.86513,0.349733,0.93685,-235.382,2.99815,-232.386,-228.304,-231.822,-231.754,-237.076,-226.14,-235.566
-0.19514,-12.4592,-0.000564,1.21216,960.724,40.4565,1.78599,9.88924,0.351256,0.93628,-234.331,2.99818,-235.189,-231.088,-234.63,-234.561,-236.003,-225.072,-234.514
-0.194362,-12.2506,-0.0007477,1.20954,963.722,39.2111,1.77738,9.90688,0.353177,0.935556,-233.276,2.99815,-237.995,-233.868,-237.436,-237.367,-234.938,-224.007,-233.457
-0.193683,-12.1595,-0.0008394,1.20795,966.721,38.5813,1.76995,9.92519,0.355496,0.934678,-232.213,2.99807,-240.8,-236.642,-240.239,-240.17,-233.868,-222.937,-232.394
-0.193148,-12.0034,-0.0010225,1.20423,969.719,37.3041,1.77655,9.94782,0.358212,0.93364,-231.144,2.99794,-243.607,-239.407,-243.04,-242.971,-232.803,-221.856,-231.324
-0.192804,-11.9383,-0.0011139,1.20209,972.717,36.655,1.78674,9.96108,0.361322,0.932441,-230.066,2.99779,-246.413,-242.168,-245.837,-245.767,-231.732,-220.778,-230.245
-0.1927,-11.8336,-0.0012964,1.19727,975.714,35.3317,1.81892,9.97254,0.364827,0.931075,-228.978,2.99762,-249.223,-244.922,-248.63,-248.56,-230.671,-219.692,-229.157
-0.19289,-11.7939,-0.0013875,1.19459,978.712,34.6556,1.86172,9.96772,0.368723,0.929539,-227.879,2.99745,-252.034,-247.673,-251.419,-251.348,-229.609,-218.613,-228.058
-0.193427,-11.7399,-0.0015697,1.18868,981.709,33.2686,1.90933,9.94376,0.373011,0.927827,-226.767,2.9973,-254.843,-250.422,-254.203,-254.131,-228.539,-217.541,-226.947
-0.194369,-11.7255,-0.0016607,1.18545,984.707,32.5554,1.96251,9.89367,0.377686,0.925934,-225.643,2.99718,-257.649,-253.171,-256.981,-256.908,-227.46,-216.482,-225.823
-0.195772,-11.7196,-0.0018429,1.17844,987.704,31.0821,2.02968,9.82123,0.382747,0.923853,-224.504,2.99713,-260.456,-255.92,-259.754,-259.679,-226.379,-215.43,-224.685
-0.197692,-11.6946,-0.0019344,1.17467,990.701,30.3187,2.12714,9.72799,0.388191,0.921579,-223.349,2.99715,-263.269,-258.667,-262.52,-262.444,-225.309,-214.384,-223.531
-0.2,-10.9458,-0.0022736,1.16637,993.698,28.7399,2.25551,9.6055,0.394016,0.919104,-222.177,2.99727,-266.09,-261.416,-265.28,-265.201,-224.25,-213.349,-222.361
-0.2,-9.51572,-0.0032654,1.16084,996.695,27.968,2.38062,9.45932,0.400211,0.916423,-220.988,2.99753,-268.903,-264.165,-268.031,-267.951,-223.169,-212.319,-221.171
-0.182897,-7.12131,-0.008287,1.139,999.693,26.7174,2.5179,9.29112,0.406796,0.913519,-219.779,2.99826,-271.716,-266.912,-270.766,-270.692,-222.079,-211.291,-219.946
-0.124002,-6.70753,-0.0093073,1.12142,1002.69,26.179,2.68139,9.10648,0.418841,0.90806,-218.545,2.99556,-274.545,-269.607,-273.473,-273.422,-220.98,-210.276,-218.657
-0.0344134,-6.03637,-0.0113244,1.08015,1005.69,25.1636,2.91918,8.88403,0.441239,0.89739,-217.261,2.98821,-277.412,-272.204,-276.139,-276.124,-219.88,-209.288,-217.291
0.0640537,-5.70497,-0.0122542,1.05657,1008.68,24.6793,3.26309,8.57888,0.473713,0.880679,-215.896,2.97959,-280.327,-274.718,-278.751,-278.782,-218.77,-208.341,-215.84
0.149152,-5.18942,-0.014402,1.00338,1011.65,23.7654,3.70794,8.15388,0.515519,0.856878,-214.423,2.97571,-283.287,-277.172,-281.299,-281.376,-217.6,-207.436,-214.295
0.2,-4.58802,-0.0152757,0.973693,1014.63,23.3247,4.28286,7.57679,0.566098,0.824338,-212.81,2.98491,-286.313,-279.599,-283.775,-283.888,-216.341,-206.564,-212.645
0.2,-2.99524,-0.019208,0.905652,1017.62,22.6043,5.02957,6.84265,0.6205,0.784206,-211.031,3.0003,-289.422,-282.055,-286.177,-286.301,-214.975,-205.665,-210.874
0.165739,-2.51335,-0.0210527,0.865436,1020.62,22.3378,5.90544,5.99043,0.672395,0.740193,-209.082,3.01051,-292.569,-284.57,-288.486,-288.598,-213.453,-204.648,-208.959
0.12367,-1.89332,-0.0236059,0.775619,1023.63,21.9152,6.79718,5.07919,0.720828,0.693114,-206.978,3.01345,-295.663,-287.102,-290.674,-290.763,-211.689,-203.457,-206.892
0.0902834,-1.64038,-0.0245538,0.727495,1026.64,21.7418,7.57529,4.18282,0.766401,0.642362,-204.731,3.00891,-298.587,-289.575,-292.712,-292.781,-209.597,-202.044,-204.673
0.0760259,-1.29728,-0.0263051,0.6257,1029.65,21.4618,8.20218,3.39312,0.809144,0.58761,-202.355,2.99721,-301.273,-291.89,-294.574,-294.636,-207.175,-200.362,-202.311
0.0860143,-1.29437,-0.0267943,0.572607,1032.65,21.3406,8.75979,2.78864,0.849231,0.528021,-199.865,2.98058,-303.752,-293.944,-296.239,-296.312,-204.49,-198.392,-199.819
0.115912,-1.32883,-0.0272661,0.464287,1035.63,21.0975,9.28517,2.39075,0.886972,0.461823,-197.27,2.96388,-306.029,-295.673,-297.69,-297.793,-201.559,-196.166,-197.217
0.151965,-1.15489,-0.027675,0.40933,1038.59,20.9712,9.68117,2.15965,0.921741,0.387806,-194.579,2.95185,-307.983,-297.068,-298.919,-299.059,-198.334,-193.742,-194.52
0.182185,-0.47932,-0.0292326,0.295888,1041.54,20.776,9.86898,2.03365,0.952089,0.305822,-191.799,2.94958,-309.486,-298.154,-299.916,-300.09,-194.817,-191.177,-191.743
0.2,-0.476735,-0.0302999,0.236356,1044.49,20.7299,9.9428,1.94925,0.976372,0.216096,-188.936,2.96235,-310.574,-298.963,-300.671,-300.866,-191.084,-188.515,-188.893
0.2,-0.314497,-0.0299982,0.115181,1047.45,20.6386,9.93938,1.90437,0.992833,0.11951,-185.997,2.9922,-311.236,-299.477,-301.169,-301.368,-187.185,-185.77,-185.974
0.175159,-0.124728,-0.031047,0.0542163,1050.45,20.6081,9.83661,1.93189,0.999738,0.0229073,-182.996,3.01925,-311.414,-299.649,-301.405,-301.58,-183.221,-182.951,-182.992
0.149568,0,-0.0318249,-0.0720659,1053.47,20.596,9.69355,2.06068,0.997653,-0.0684654,-179.964,3.03166,-311.181,-299.454,-301.361,-301.51,-179.3,-180.105,-179.974
0.14316,0.139425,-0.0314962,-0.135299,1056.5,20.596,9.49865,2.32356,0.98778,-0.155857,-176.94,3.02625,-310.55,-298.872,-301.026,-301.168,-175.459,-177.302,-176.962
0.159699,0.750957,-0.0298965,-0.258581,1059.52,20.6504,9.18423,2.69538,0.970602,-0.24069,-173.962,3.00214,-309.479,-297.949,-300.41,-300.565,-171.751,-174.611,-174
0.186032,1.38744,-0.0282053,-0.316682,1062.53,20.723,8.71411,3.16084,0.945918,-0.324407,-171.069,2.96719,-307.955,-296.722,-299.536,-299.712,-168.242,-172.094,-171.129
0.2,1.75037,-0.0266217,-0.426049,1065.49,21.0085,8.08637,3.71952,0.914357,-0.404908,-168.292,2.94606,-306.017,-295.222,-298.44,-298.623,-165.017,-169.798,-168.373
0.197132,2.26102,-0.0250671,-0.477773,1068.44,21.1744,7.36764,4.38072,0.878123,-0.478434,-165.636,2.94102,-303.782,-293.466,-297.14,-297.313,-162.111,-167.731,-165.73
0.173439,3.02771,-0.0223705,-0.572292,1071.38,21.6363,6.62956,5.14073,0.83885,-0.544363,-163.098,2.94815,-301.361,-291.487,-295.654,-295.799,-159.489,-165.896,-163.192
0.128236,3.17731,-0.021495,-0.616149,1074.33,21.9143,5.91761,5.94832,0.798028,-0.602621,-160.676,2.9631,-298.823,-289.354,-293.998,-294.101,-157.11,-164.261,-160.754
0.0669167,3.31304,-0.020133,-0.699238,1077.29,22.4941,5.26283,6.71425,0.756911,-0.653518,-158.368,2.98161,-296.218,-287.152,-292.184,-292.234,-154.929,-162.756,-158.412
-0.0017368,3.35014,-0.0195478,-0.7389,1080.27,22.7867,4.66491,7.37332,0.716471,-0.697617,-156.171,2.99997,-293.56,-284.935,-290.219,-290.217,-152.917,-161.315,-156.17
-0.0683485,3.51942,-0.0182686,-0.814584,1083.27,23.3736,4.14966,7.89055,0.677406,-0.735609,-154.083,3.01519,-290.879,-282.723,-288.114,-288.068,-151.03,-159.887,-154.032
-0.124952,3.67467,-0.0175327,-0.850362,1086.29,23.6728,3.76876,8.25268,0.640187,-0.768219,-152.1,3.02501,-288.216,-280.52,-285.884,-285.804,-149.205,-158.44,-152.004
-0.166324,4.1812,-0.015775,-0.917092,1089.31,24.305,3.49596,8.48142,0.605079,-0.796166,-150.222,3.02769,-285.557,-278.31,-283.542,-283.442,-147.438,-156.974,-150.089
-0.190765,4.53101,-0.0147649,-0.947612,1092.34,24.6466,3.36038,8.58,0.572277,-0.82006,-148.444,3.02201,-282.923,-276.09,-281.109,-281,-145.688,-155.48,-148.288
-0.2,4.83019,-0.0125943,-1.00229,1095.36,25.3962,3.33922,8.57555,0.541605,-0.840633,-146.766,3.01182,-280.305,-273.851,-278.604,-278.496,-143.959,-153.974,-146.597
-0.2,4.81132,-0.011726,-1.02661,1098.37,25.7737,3.42858,8.48608,0.512167,-0.858886,-145.182,3.00421,-277.698,-271.596,-276.045,-275.942,-142.238,-152.471,-145.011
-0.197362,4.77458,-0.0105551,-1.07096,1101.38,26.5083,3.60313,8.30423,0.483585,-0.875298,-143.69,2.99933,-275.085,-269.327,-273.438,-273.342,-140.536,-150.959,-143.518
-0.194858,4.7567,-0.0100759,-1.09159,1104.38,26.866,3.86512,8.01796,0.456112,-0.889922,-142.284,2.99673,-272.463,-267.043,-270.789,-270.7,-138.845,-149.42,-142.111
-0.193572,4.72181,-0.0092028,-1.1301,1107.37,27.5637,4.21505,7.62849,0.429879,-0.902887,-140.96,2.99592,-269.831,-264.739,-268.102,-268.019,-137.154,-147.847,-140.785
-0.193763,4.70479,-0.0088017,-1.1481,1110.37,27.9042,4.65001,7.15754,0.405011,-0.914312,-139.711,2.99641,-267.184,-262.402,-265.379,-265.301,-135.46,-146.256,-139.534
-0.195164,4.67154,-0.0080321,-1.18175,1113.37,28.5693,5.14946,6.62025,0.381603,-0.924326,-138.535,2.99773,-264.516,-260.024,-262.625,-262.551,-133.775,-144.655,-138.355
-0.197201,4.65528,-0.0076583,-1.19743,1116.36,28.8944,5.71877,6.02705,0.35973,-0.933056,-137.426,2.99945,-261.828,-257.602,-259.841,-259.771,-132.09,-143.05,-137.242
-0.199174,4.62347,-0.006947,-1.22658,1119.36,29.5306,6.3486,5.39306,0.339449,-0.940624,-136.38,3.00117,-259.119,-255.134,-257.032,-256.964,-130.408,-141.452,-136.192
-0.2,4.6079,-0.0067402,-1.24026,1122.37,29.842,7.00519,4.74123,0.320794,-0.947149,-135.39,3.0025,-256.382,-252.614,-254.199,-254.135,-128.756,-139.881,-135.201
-0.195592,4.57739,-0.0074184,-1.26837,1125.37,30.4523,7.63817,4.12085,0.303815,-0.952731,-134.454,3.00333,-253.607,-250.034,-251.345,-251.286,-127.177,-138.38,-134.268
-0.177605,4.56243,-0.0074432,-1.28323,1128.37,30.7513,8.22531,3.56402,0.287204,-0.95787,-133.568,3.00336,-250.782,-247.396,-248.471,-248.42,-125.689,-136.981,-133.397
-0.146159,4.53309,-0.0074531,-1.31303,1131.37,31.3381,8.70501,3.07788,0.269545,-0.962988,-132.732,3.00238,-247.885,-244.709,-245.578,-245.539,-124.349,-135.696,-132.591
-0.104309,4.5187,-0.0074532,-1.32793,1134.38,31.626,9.06696,2.64613,0.25078,-0.968044,-131.951,3.00053,-244.916,-241.979,-242.669,-242.642,-123.174,-134.513,-131.85
-0.0552674,4.5,-0.0074454,-1.35772,1137.38,32.1915,9.34635,2.28499,0.23089,-0.97298,-131.229,2.99803,-241.89,-239.205,-239.745,-239.732,-122.135,-133.452,-131.175
-0.0023686,4.5,-0.0074384,-1.3726,1140.38,32.4698,9.55568,2.04491,0.209848,-0.977734,-130.568,2.99513,-238.814,-236.38,-236.81,-236.809,-121.225,-132.568,-130.566
0.0509695,4.5,-0.007425,-1.40232,1143.37,33.0194,9.66509,1.9237,0.187631,-0.98224,-129.973,2.9921,-235.687,-233.513,-233.864,-233.874,-120.479,-131.862,-130.023
0.101295,4.5,-0.0074232,-1.41717,1146.36,33.2908,9.69754,1.87151,0.164229,-0.986422,-129.446,2.98927,-232.52,-230.62,-230.91,-230.927,-119.88,-131.292,-129.546
0.145178,3.3749,-0.0074219,-1.44683,1149.35,33.827,9.70047,1.84652,0.139613,-0.990206,-128.991,2.98703,-229.324,-227.712,-227.95,-227.97,-119.385,-130.819,-129.135
0.179277,-4.84148,-0.0074692,-1.46172,1152.34,34.0259,9.69684,1.8522,0.113851,-0.993498,-128.612,2.98571,-226.107,-224.792,-224.983,-225.003,-118.978,-130.452,-128.79
0.2,-5.76031,-0.0068996,-1.4908,1155.32,33.4312,9.71614,1.88336,0.0866905,-0.996235,-128.311,2.98609,-222.87,-221.864,-222.01,-222.027,-118.632,-130.188,-128.51
0.2,-6.76218,-0.0061315,-1.50383,1158.31,33.0849,9.74845,1.92918,0.0592308,-0.998244,-128.093,2.98949,-219.621,-218.93,-219.032,-219.044,-118.362,-130.019,-128.293
0.17593,-8.99278,-0.0043207,-1.52503,1161.3,32.1925,9.7083,2.02818,0.0367458,-0.999325,-127.952,2.99413,-216.41,-215.979,-216.047,-216.054,-118.25,-129.979,-128.128
0.137211,-10.6787,-0.0028028,-1.53215,1164.29,31.629,9.55381,2.22738,0.0224683,-0.999748,-127.865,2.99749,-213.273,-213.009,-213.056,-213.059,-118.314,-130.092,-128.002
0.088708,-12.1024,0.0001406,-1.53745,1167.29,30.1463,9.26162,2.51649,0.0159539,-0.999873,-127.809,2.99861,-210.209,-210.021,-210.06,-210.061,-118.549,-130.326,-127.898
0.0341233,-10.9752,0.0016243,-1.53569,1170.29,29.3326,8.85526,2.87505,0.0173039,-0.99985,-127.761,2.99713,-207.217,-207.014,-207.063,-207.064,-118.908,-130.636,-127.796
-0.0228769,-9.06133,0.0045527,-1.52332,1173.29,27.8686,8.35555,3.30365,0.0264941,-0.999649,-127.698,2.99337,-204.289,-203.98,-204.068,-204.068,-119.345,-131,-127.675
-0.0783598,-8.24466,0.0059948,-1.51278,1176.28,27.2107,7.7567,3.81404,0.0435563,-0.999051,-127.595,2.98834,-201.414,-200.91,-201.079,-201.076,-119.846,-131.405,-127.517
-0.127975,-6.7837,0.0088689,-1.48306,1179.27,26.0287,7.10105,4.42957,0.0685004,-0.997651,-127.429,2.9838,-198.576,-197.786,-198.099,-198.09,-120.345,-131.849,-127.302
-0.167174,-6.05426,0.010327,-1.46387,1182.25,25.5022,6.3831,5.12684,0.101291,-0.994857,-127.178,2.98222,-195.759,-194.593,-195.129,-195.112,-120.827,-132.278,-127.011
-0.192005,-4.75805,0.0134565,-1.41634,1185.24,24.5908,5.60005,5.88625,0.141732,-0.989905,-126.816,2.98672,-192.939,-191.311,-192.172,-192.145,-121.273,-132.643,-126.626
-0.2,-4.15454,0.0149262,-1.38795,1188.22,24.2008,4.80585,6.69076,0.189529,-0.981875,-126.322,2.99867,-190.101,-187.922,-189.228,-189.19,-121.603,-132.891,-126.125
-0.191421,-3.24244,0.01785,-1.32226,1191.22,23.5515,4.04969,7.48918,0.241456,-0.970412,-125.673,3.0073,-187.23,-184.444,-186.298,-186.252,-121.744,-132.941,-125.488
-0.177606,-2.97412,0.0189357,-1.2855,1194.23,23.2745,3.40205,8.22045,0.294645,-0.955607,-124.865,3.0088,-184.348,-180.923,-183.397,-183.345,-121.614,-132.72,-124.695
-0.167456,-2.55674,0.0207473,-1.206,1197.24,22.7788,2.86235,8.80756,0.349264,-0.937024,-123.893,3.00411,-181.487,-177.411,-180.546,-180.487,-121.211,-132.146,-123.737
-0.164904,-2.41998,0.0215144,-1.16377,1200.24,22.5533,2.429,9.21103,0.4055,-0.914095,-122.756,2.99467,-178.681,-173.961,-177.763,-177.696,-120.536,-131.176,-122.606
-0.170091,-2.16812,0.0228934,-1.07492,1203.24,22.1321,2.1438,9.47669,0.463374,-0.886163,-121.451,2.98239,-175.983,-170.599,-175.069,-174.99,-119.551,-129.849,-121.3
-0.180242,-2.01361,0.0235512,-1.0285,1206.22,21.9353,2.00481,9.6322,0.522738,-0.852493,-119.975,2.96969,-173.433,-167.35,-172.479,-172.385,-118.266,-128.187,-119.822
-0.191002,-1.51602,0.0250975,-0.931373,1209.19,21.5842,1.96653,9.68685,0.583207,-0.812323,-118.326,2.95943,-171.047,-164.251,-170.012,-169.9,-116.728,-126.195,-118.171
-0.198352,-1.21545,0.0260627,-0.880226,1212.15,21.4433,1.95275,9.67698,0.644148,-0.764901,-116.501,2.95493,-168.811,-161.319,-167.68,-167.553,-115.007,-123.902,-116.349
-0.2,-1.10683,0.0273824,-0.772471,1215.1,21.2196,1.96056,9.63802,0.7045,-0.709704,-114.497,2.95968,-166.741,-158.57,-165.501,-165.36,-113.105,-121.337,-114.355
-0.190578,-1.67914,0.0264943,-0.718571,1218.06,21.1151,2.01392,9.59317,0.763257,-0.646095,-112.312,2.97829,-164.877,-156.018,-163.485,-163.34,-111.01,-118.51,-112.188
-0.154333,-1.28733,0.0273907,-0.611611,1221.04,20.7971,2.08621,9.56308,0.817518,-0.575903,-109.944,3.00307,-163.215,-153.692,-161.636,-161.51,-108.742,-115.451,-109.855
-0.0979436,-1.08728,0.0285761,-0.555657,1224.04,20.673,2.16056,9.54679,0.864328,-0.502929,-107.407,3.02219,-161.752,-151.633,-159.969,-159.884,-106.321,-112.209,-107.358
-0.0436808,-0.73777,0.0300445,-0.43822,1227.07,20.48,2.25692,9.51854,0.90372,-0.428125,-104.729,3.03258,-160.514,-149.872,-158.514,-158.474,-103.763,-108.804,-104.71
-0.0078458,-0.672163,0.030643,-0.377583,1230.1,20.4079,2.3895,9.45929,0.936426,-0.350867,-101.936,3.03332,-159.529,-148.434,-157.299,-157.292,-101.097,-105.255,-101.933
0.000727,-0.588806,0.0313527,-0.253451,1233.13,20.2827,2.5424,9.38535,0.962682,-0.270635,-99.0537,3.02457,-158.796,-147.313,-156.347,-156.348,-98.3656,-101.594,-99.0539
-0.0192772,-0.582989,0.0315653,-0.190597,1236.16,20.2245,2.68519,9.28781,0.982409,-0.186743,-96.11,3.00748,-158.293,-146.531,-155.674,-155.655,-95.6085,-97.8444,-96.1064
-0.0621687,-0.652471,0.031762,-0.0638925,1239.16,20.1048,2.81238,9.14837,0.995134,-0.0985287,-93.1313,2.98433,-158.023,-146.121,-155.286,-155.225,-92.8542,-94.0326,-93.1251
-0.116532,-0.7229,0.0318106,-0.0003743,1242.15,20.0398,2.9612,8.9467,0.999985,-0.0054241,-90.1443,2.95878,-158.029,-146.121,-155.184,-155.068,-90.1283,-90.1928,-90.1437
-0.167384,-0.608161,0.032331,0.127689,1245.11,19.8973,3.09987,8.75059,0.99569,0.0927464,-87.1759,2.93608,-158.282,-146.483,-155.363,-155.196,-87.4634,-86.3643,-87.1914
-0.199478,-0.265174,0.0327643,0.192753,1248.04,19.8361,3.19671,8.62505,0.980594,0.196048,-84.2527,2.92337,-158.756,-147.164,-155.817,-155.621,-84.8794,-82.5618,-84.2918
-0.2,0,0.0343317,0.327325,1250.97,19.8061,3.24179,8.5561,0.953225,0.302263,-81.4015,2.92734,-159.445,-148.199,-156.546,-156.355,-82.3813,-78.8153,-81.4619
-0.170908,0,0.034414,0.396095,1253.89,19.8061,3.21466,8.53068,0.915059,0.40332,-78.6461,2.94366,-160.339,-149.591,-157.554,-157.398,-79.9426,-75.2055,-78.715
-0.128377,0.441591,0.0331992,0.53107,1256.84,19.8327,3.13569,8.55173,0.869169,0.494515,-76.0049,2.96487,-161.454,-151.295,-158.84,-158.728,-77.5555,-71.7759,-76.0683
-0.0827818,0.489263,0.0329301,0.597225,1259.8,19.8772,3.04154,8.63121,0.816968,0.576683,-73.4956,2.98621,-162.809,-153.272,-160.391,-160.324,-75.2496,-68.5181,-73.5433
-0.0447088,0.54898,0.0324439,0.72787,1262.79,19.9795,2.92725,8.76511,0.759625,0.650361,-71.136,3.00404,-164.385,-155.503,-162.195,-162.161,-73.0398,-65.4355,-71.1651
-0.0234551,0.540968,0.0322864,0.792591,1265.79,20.0344,2.79589,8.91537,0.697739,0.716352,-68.9439,3.01601,-166.169,-157.998,-164.234,-164.218,-70.9468,-62.5574,-68.9607
-0.0246571,0.66054,0.0316257,0.920407,1268.81,20.149,2.67788,9.04048,0.631514,0.775364,-66.937,3.02089,-168.162,-160.762,-166.486,-166.471,-69.0134,-59.9274,-66.9562
-0.0488916,0.707643,0.031306,0.983286,1271.83,20.2144,2.55721,9.15119,0.560821,0.827937,-65.1332,3.01845,-170.331,-163.764,-168.924,-168.896,-67.2504,-57.5566,-65.1736
-0.0911131,0.929867,0.0303031,1.10647,1274.85,20.367,2.46457,9.23315,0.485253,0.874374,-63.55,3.00957,-172.668,-166.992,-171.516,-171.472,-65.705,-55.4768,-63.6297
-0.140811,1.00226,0.0298609,1.16656,1277.86,20.458,2.38024,9.29758,0.404392,0.914586,-62.2054,2.99626,-175.137,-170.415,-174.232,-174.175,-64.3824,-53.702,-62.3342
-0.182837,1.18341,0.0288123,1.28298,1280.85,20.6755,2.24951,9.35578,0.317176,0.948367,-61.1171,2.9833,-177.695,-174.014,-177.039,-176.981,-63.2505,-52.2444,-61.2905
-0.2,0.841223,0.0292885,1.34106,1283.84,20.7897,2.1213,9.4675,0.226113,0.974101,-60.3017,2.97928,-180.348,-177.728,-179.914,-179.869,-62.368,-51.0794,-60.4965
-0.2,1.08905,0.0282726,1.45695,1286.82,20.9517,2.03307,9.60138,0.138049,0.990425,-59.7574,2.98242,-183.096,-181.49,-182.843,-182.815,-61.771,-50.248,-59.9555
-0.197949,1.52576,0.0270098,1.51222,1289.8,21.0554,1.95686,9.68328,0.0558125,0.998441,-59.4681,2.98632,-185.908,-185.259,-185.81,-185.799,-61.4219,-49.7999,-59.6658
-0.198395,2.50964,0.024044,1.6151,1292.78,21.3798,1.9179,9.67081,-0.0207386,0.999785,-59.417,2.98651,-188.76,-189,-188.795,-188.8,-61.3345,-49.7483,-59.6153
-0.2,3.33757,0.021755,1.66085,1295.77,21.6132,1.95709,9.59033,-0.0920188,0.995757,-59.5873,2.98041,-191.615,-192.677,-191.776,-191.795,-61.5361,-50.0376,-59.7864
-0.183972,4.9,0.013557,1.72987,1298.75,22.3623,2.08374,9.42152,-0.157265,0.987556,-59.9622,2.97636,-194.436,-196.246,-194.735,-194.764,-62.02,-50.6579,-60.1439
-0.123977,4.9,0.0111757,1.75462,1301.73,22.7962,2.30077,9.16158,-0.208938,0.977929,-60.5135,2.9829,-197.216,-199.61,-197.67,-197.696,-62.7635,-51.5541,-60.6347
-0.0343665,4.9,0.006185,1.78929,1304.71,23.6402,2.64215,8.79036,-0.241761,0.970336,-61.1905,2.99086,-199.964,-202.728,-200.594,-200.603,-63.7542,-52.6609,-61.2238
0.0627158,4.89745,0.0037314,1.7992,1307.7,24.0511,3.15359,8.3068,-0.256715,0.966487,-61.9399,2.99515,-202.687,-205.629,-203.513,-203.496,-64.9878,-53.9115,-61.8793
0.144903,4.87726,0.0013142,1.80424,1310.7,24.4549,3.79795,7.71559,-0.253673,0.96729,-62.7087,2.99593,-205.427,-208.348,-206.427,-206.391,-66.3824,-55.2454,-62.5685
0.191271,0.615475,-0.0045069,1.79837,1313.69,25.2383,4.53672,7.05958,-0.233691,0.972311,-63.4434,2.99553,-208.238,-210.948,-209.343,-209.298,-67.8545,-56.5793,-63.2574
0.2,-5.71174,-0.009133,1.78473,1316.69,25.287,5.33884,6.3092,-0.202293,0.979325,-64.0996,2.99115,-211.147,-213.504,-212.268,-212.227,-69.328,-57.9208,-63.9037
0.198349,-3.57693,-0.0150481,1.73474,1319.68,24.4669,6.18133,5.50024,-0.162971,0.986631,-64.6495,2.98325,-214.168,-216.072,-215.208,-215.175,-70.7482,-59.2228,-64.4538
0.197392,-2.61925,-0.0169822,1.70271,1322.66,24.1728,7.06158,4.64074,-0.114913,0.993375,-65.0676,2.97509,-217.327,-218.672,-218.161,-218.139,-72.0824,-60.4576,-64.8715
0.19828,-0.889572,-0.0209496,1.62689,1325.64,23.8201,7.87586,3.7689,-0.0580709,0.998313,-65.3281,2.9706,-220.656,-221.332,-221.125,-221.113,-73.1906,-61.5655,-65.1301
0.2,-0.39958,-0.0223653,1.58357,1328.61,23.7453,8.52828,2.95862,0.0077436,0.99997,-65.4054,2.97376,-224.161,-224.073,-224.094,-224.095,-73.9334,-62.4469,-65.2054
0.198325,-0.0607021,-0.0238893,1.49052,1331.58,23.7052,9.0353,2.35871,0.0780803,0.996947,-65.2772,2.97877,-227.785,-226.896,-227.064,-227.08,-74.2849,-62.9257,-65.0795
0.197104,-0.0472945,-0.0239263,1.44274,1334.56,23.7001,9.32111,2.04046,0.148148,0.988965,-64.9385,2.98185,-231.434,-229.75,-230.024,-230.053,-74.1567,-62.9205,-64.7436
0.198069,0,-0.0239916,1.34689,1337.54,23.6935,9.4271,1.95031,0.217784,0.975997,-64.3903,2.98324,-235.05,-232.573,-232.954,-232.997,-73.5911,-62.4868,-64.1969
0.2,0,-0.0240479,1.29888,1340.53,23.6935,9.45741,1.97849,0.287112,0.957897,-63.6335,2.98362,-238.612,-235.329,-235.84,-235.897,-72.6927,-61.7383,-63.4419
0.2,0.169657,-0.0237362,1.20314,1343.51,23.6982,9.4676,2.10195,0.356217,0.934403,-62.669,2.9848,-242.108,-237.987,-238.664,-238.735,-71.5155,-60.7049,-62.4821
0.193012,0.274771,-0.0235206,1.1559,1346.49,23.7125,9.50427,2.2541,0.423246,0.906015,-61.4991,2.98868,-245.519,-240.542,-241.414,-241.496,-70.1101,-59.4569,-61.3242
0.180759,0.474739,-0.0230571,1.06277,1349.48,23.7679,9.55672,2.39344,0.486111,0.873897,-60.1331,2.99385,-248.814,-243.005,-244.081,-244.168,-68.4847,-58.0415,-59.9752
0.16705,0.53369,-0.0228759,1.01687,1352.48,23.8078,9.5176,2.50876,0.544817,0.838555,-58.5828,2.99878,-251.928,-245.376,-246.652,-246.743,-66.5638,-56.479,-58.4427
0.155466,0.583294,-0.0226121,0.925943,1355.48,23.9004,9.38288,2.59019,0.599609,0.800293,-56.8597,3.00229,-254.836,-247.657,-249.116,-249.21,-64.3687,-54.7868,-56.7353
0.149066,0.604818,-0.0224827,0.880874,1358.48,23.9491,9.28677,2.6423,0.650713,0.759324,-54.9757,3.0035,-257.602,-249.84,-251.462,-251.559,-62.0273,-52.9693,-54.8625
0.149752,0.640256,-0.0222299,0.791456,1361.48,24.0518,9.27479,2.6407,0.698363,0.715744,-52.9424,3.00181,-260.259,-251.938,-253.678,-253.782,-59.5807,-51.0523,-52.8352
0.157821,0.68412,-0.0220565,0.747188,1364.48,24.1049,9.31193,2.56393,0.742762,0.669556,-50.7715,2.99697,-262.785,-253.964,-255.752,-255.869,-57.0064,-49.0548,-50.6659
0.171677,0.787059,-0.0216674,0.659734,1367.48,24.2226,9.38438,2.41346,0.784075,0.620667,-48.4748,2.98901,-265.168,-255.917,-257.675,-257.81,-54.2994,-46.9769,-48.3683
0.187687,0.855636,-0.0214355,0.61664,1370.47,24.2874,9.45759,2.23252,0.822364,0.568962,-46.064,2.97828,-267.373,-257.759,-259.441,-259.595,-51.445,-44.7938,-45.9572
0.2,1.17934,-0.0206264,0.532444,1373.45,24.4402,9.52553,2.06975,0.857748,0.51407,-43.5508,2.96619,-269.386,-259.44,-261.044,-261.216,-48.4476,-42.4868,-43.448
0.2,1.26537,-0.0203219,0.491487,1376.41,24.5365,9.5726,1.96941,0.889587,0.456765,-40.9468,2.95891,-271.178,-260.91,-262.484,-262.662,-45.3192,-40.0472,-40.8554
0.185266,1.72843,-0.0192056,0.412247,1379.37,24.7573,9.58802,1.94539,0.916697,0.399583,-38.2621,2.95924,-272.723,-262.151,-263.764,-263.934,-42.0933,-37.4848,-38.1881
0.157239,2.03132,-0.0185028,0.374545,1382.33,24.8965,9.5641,1.98965,0.938988,0.34395,-35.5058,2.96511,-274.018,-263.169,-264.89,-265.038,-38.7954,-34.8215,-35.4518
0.117117,2.38352,-0.0174541,0.302796,1385.3,25.2369,9.48641,2.10346,0.956972,0.290181,-32.6868,2.97458,-275.058,-263.967,-265.868,-265.98,-35.4396,-32.0764,-32.6528
0.0681801,2.48087,-0.0170461,0.268309,1388.27,25.425,9.34737,2.27297,0.971102,0.238664,-29.8138,2.98574,-275.844,-264.56,-266.701,-266.767,-32.0447,-29.2714,-29.7976
0.0150077,2.63602,-0.0162975,0.201654,1391.26,25.8187,9.16326,2.47535,0.981863,0.18959,-26.8959,2.99688,-276.403,-264.975,-267.391,-267.406,-28.6332,-26.4266,-26.8931
-0.0375365,2.71652,-0.0159249,0.169447,1394.25,26.022,8.97522,2.70415,0.989715,0.143054,-23.9419,3.00655,-276.786,-265.227,-267.941,-267.903,-25.2259,-23.5551,-23.9473
-0.085107,2.93412,-0.0151095,0.107349,1397.26,26.4441,8.73193,2.98772,0.995082,0.0990578,-20.9607,3.01353,-276.955,-265.293,-268.351,-268.266,-21.8257,-20.6648,-20.9692
-0.124475,3.08711,-0.014645,0.0776102,1400.27,26.665,8.41503,3.33273,0.998343,0.0575372,-17.9613,3.01685,-276.902,-265.174,-268.626,-268.501,-18.4454,-17.7695,-17.9684
-0.15395,3.49333,-0.0135871,0.0210888,1403.29,27.1383,8.10942,3.70461,0.999831,0.018377,-14.9524,3.01569,-276.723,-264.911,-268.769,-268.615,-15.1014,-14.8843,-14.9552
-0.173663,3.76483,-0.0129723,-0.0054587,1406.31,27.3944,7.83394,4.0673,0.999828,-0.0185633,-11.943,3.01036,-276.447,-264.548,-268.788,-268.614,-11.7976,-12.0185,-11.9398
-0.185538,4.34131,-0.0117165,-0.054838,1409.32,27.9587,7.50703,4.41951,0.99857,-0.0534625,-8.94108,3.00571,-276.002,-264.092,-268.691,-268.506,-8.53973,-9.17735,-8.93116
-0.192382,4.60132,-0.0111366,-0.077689,1412.32,28.2675,7.17706,4.76504,0.996266,-0.0863395,-5.94912,3.00318,-275.446,-263.548,-268.487,-268.295,-5.32945,-6.36053,-5.9325
-0.19628,4.6542,-0.0100637,-0.120039,1415.33,28.9159,6.87754,5.06251,0.993117,-0.117128,-2.96768,3.00225,-274.82,-262.962,-268.185,-267.99,-2.16212,-3.56064,-2.94469
-0.198453,4.6382,-0.0095656,-0.139664,1418.33,29.236,6.59044,5.32666,0.989315,-0.145793,0.0026793,3.00241,-274.116,-262.326,-267.792,-267.596,0.963522,-0.773912,0.0316124
-0.199567,4.60687,-0.0086009,-0.175975,1421.33,29.8626,6.30281,5.5661,0.98504,-0.172324,2.96141,3.00317,-273.327,-261.635,-267.315,-267.118,4.04754,2.00223,2.9958
-0.2,4.59152,-0.0081306,-0.192702,1424.33,30.1695,6.0288,5.81782,0.980457,-0.196732,5.90795,3.00408,-272.476,-260.86,-266.761,-266.565,7.09401,4.7634,5.9473
-0.2,4.56144,-0.0072033,-0.223359,1427.34,30.7712,5.76815,6.07147,0.975715,-0.219044,8.84176,3.00471,-271.569,-260.016,-266.136,-265.94,10.1052,7.51184,8.88557
-0.199783,4.54669,-0.0067404,-0.237299,1430.34,31.0661,5.52027,6.32038,0.970947,-0.239293,11.7623,3.00468,-270.612,-259.116,-265.446,-265.252,13.0833,10.2499,11.8101
-0.19967,4.51774,-0.0058027,-0.262358,1433.35,31.6451,5.28042,6.57361,0.966268,-0.257538,14.669,3.00363,-269.609,-258.154,-264.699,-264.506,16.0289,12.976,14.7204
-0.2,4.50354,-0.0054281,-0.273586,1436.35,31.9293,5.03967,6.82472,0.961796,-0.273767,17.5613,3.00138,-268.556,-257.145,-263.901,-263.709,18.941,15.6929,17.616
-0.2,4.5,-0.0049488,-0.294248,1439.35,32.4882,4.77287,7.08926,0.957534,-0.288322,20.4386,2.99892,-267.436,-256.078,-263.057,-262.866,21.8148,18.3946,20.4963
-0.19909,4.5,-0.0047262,-0.303922,1442.35,32.764,4.46042,7.36961,0.953333,-0.301921,23.3012,2.99713,-266.234,-254.956,-262.171,-261.981,24.6479,21.0761,23.3613
-0.197956,4.5,-0.0043674,-0.322075,1445.35,33.3088,4.12886,7.66646,0.949152,-0.314817,26.1496,2.99591,-264.977,-253.781,-261.246,-261.058,27.4495,23.7361,26.2119
-0.196868,4.5,-0.004194,-0.330635,1448.34,33.5778,3.791,7.96123,0.945039,-0.326958,28.9846,2.99517,-263.68,-252.573,-260.283,-260.097,30.2241,26.3816,29.049
-0.19597,4.5,-0.0038579,-0.34673,1451.34,34.1095,3.45179,8.24554,0.941016,-0.338362,31.8069,2.99484,-262.35,-251.342,-259.286,-259.101,32.9748,29.0169,31.8732
-0.195329,4.5,-0.0036932,-0.35428,1454.33,34.3723,3.16244,8.51851,0.937113,-0.349027,34.6171,2.99484,-261.036,-250.09,-258.256,-258.073,35.7209,31.6439,34.6853
-0.19496,4.5,-0.0033676,-0.368397,1457.33,34.892,2.92522,8.77116,0.933353,-0.358961,37.416,2.99509,-259.743,-248.826,-257.195,-257.013,38.466,34.2675,37.486
-0.19484,4.5,-0.0032063,-0.374969,1460.32,35.1489,2.7439,9.00096,0.929759,-0.368169,40.2043,2.99554,-258.476,-247.556,-256.106,-255.925,41.2145,36.8904,40.276
-0.194927,4.5,-0.0028847,-0.387148,1463.32,35.6572,2.5785,9.1941,0.926353,-0.376657,42.9826,2.9961,-257.198,-246.293,-254.99,-254.81,43.9538,39.5195,43.056
-0.195165,4.5,-0.0027242,-0.392755,1466.32,35.9087,2.42557,9.36419,0.923153,-0.384433,45.7517,2.99674,-255.909,-245.025,-253.85,-253.67,46.6841,42.1517,45.8267
-0.195502,4.44934,-0.0024026,-0.403007,1469.31,36.4053,2.3013,9.50566,0.920176,-0.391504,48.5122,2.99738,-254.625,-243.761,-252.688,-252.508,49.4132,44.7907,48.5887
-0.195887,4.41889,-0.0022413,-0.40765,1472.31,36.6489,2.19679,9.63224,0.917439,-0.397876,51.2649,2.99799,-253.34,-242.488,-251.505,-251.325,52.139,47.4325,51.3429
-0.196286,4.35921,-0.0019174,-0.415966,1475.31,37.1263,2.12302,9.74198,0.914955,-0.403557,54.0105,2.99852,-252.066,-241.21,-250.303,-250.124,54.8672,50.079,54.0897
-0.196676,4.32996,-0.0017546,-0.419637,1478.31,37.3603,2.05377,9.83053,0.912735,-0.408553,56.7496,2.99893,-250.781,-239.934,-249.086,-248.907,57.5887,52.7333,56.83
-0.19705,4.27257,-0.0014277,-0.426001,1481.31,37.8195,1.99284,9.88947,0.91079,-0.412869,59.483,2.99919,-249.49,-238.668,-247.855,-247.675,60.3058,55.4,59.5644
-0.197417,4.24441,-0.0012634,-0.428692,1484.3,38.0447,1.94048,9.91772,0.909131,-0.416511,62.2114,2.99927,-248.196,-237.415,-246.611,-246.432,63.0196,58.0805,62.2936
-0.1978,4.18915,-0.0009339,-0.433086,1487.3,38.4868,1.89546,9.9246,0.907763,-0.419483,64.9354,2.99915,-246.899,-236.169,-245.358,-245.178,65.7305,60.7722,65.0184
-0.198234,4.16202,-0.0007681,-0.434788,1490.3,38.7038,1.86375,9.92709,0.906693,-0.421791,67.6558,2.9988,-245.606,-234.916,-244.096,-243.916,68.4419,63.4686,67.7394
-0.198762,-12.8489,-0.0004388,-0.437203,1493.3,38.5076,1.8451,9.93533,0.905928,-0.423432,70.3732,2.99821,-244.321,-233.648,-242.829,-242.649,71.1545,66.1663,70.4574
-0.199428,-13.1196,-0.0002657,-0.437907,1496.3,37.8345,1.83318,9.95062,0.905464,-0.424423,73.0884,2.99737,-243.038,-232.368,-241.559,-241.378,73.8665,68.8651,73.1731
-0.2,-13.0851,-0.000212,-0.438735,1499.3,36.4159,1.82696,9.97442,0.905329,-0.424712,75.8021,2.99647,-241.759,-231.075,-240.286,-240.105,76.578,71.5658,75.887
-0.199063,-12.9105,-0.0003257,-0.439272,1502.29,35.6902,1.81641,10.0094,0.905208,-0.42497,78.5147,2.99585,-240.477,-229.772,-239.013,-238.832,79.2866,74.261,78.5993
-0.196917,-12.5431,-0.0006617,-0.441208,1505.29,34.2238,1.81409,10.0514,0.904691,-0.426067,81.2257,2.99549,-239.199,-228.465,-237.736,-237.558,81.9986,76.9431,81.3096
-0.194309,-12.3828,-0.0008535,-0.442723,1508.28,33.483,1.80565,10.0949,0.903735,-0.428093,83.934,2.99535,-237.911,-227.156,-236.455,-236.279,84.707,79.6124,84.0172
-0.191721,-12.1168,-0.0012306,-0.446892,1511.28,31.9787,1.80512,10.1151,0.902342,-0.43102,86.6384,2.99548,-236.622,-225.866,-235.166,-234.993,87.4165,82.2786,86.7211
-0.189632,-12.0087,-0.0014199,-0.449542,1514.28,31.2118,1.81858,10.111,0.900502,-0.434851,89.338,2.99591,-235.334,-224.592,-233.867,-233.697,90.1288,84.9412,89.4205
-0.188507,-11.8455,-0.0018008,-0.455981,1517.27,29.6394,1.84922,10.0754,0.898206,-0.439575,92.0316,2.99669,-234.048,-223.338,-232.557,-232.387,92.8445,87.6027,92.1145
-0.188794,-11.7834,-0.0019907,-0.459772,1520.27,28.8292,1.88665,10.0293,0.895437,-0.445189,94.7182,2.99788,-232.752,-222.082,-231.232,-231.063,95.5581,90.2532,94.8022
-0.190902,-11.7376,-0.0023852,-0.468527,1523.27,27.1485,1.93188,9.96031,0.892187,-0.451666,97.3966,2.99955,-231.443,-220.833,-229.889,-229.719,98.2692,92.8979,97.4828
-0.19519,-11.2912,-0.0025539,-0.473465,1526.27,26.2698,1.99256,9.86768,0.888412,-0.459047,100.066,3.00173,-230.124,-219.588,-228.528,-228.354,100.98,95.5361,100.155
-0.2,-8.20948,-0.0051706,-0.487363,1529.27,24.5649,2.09369,9.73969,0.884198,-0.467113,102.725,3.00466,-228.816,-218.353,-227.142,-226.965,103.703,98.1752,102.818
-0.188019,-7.10911,-0.0092718,-0.501805,1532.27,23.8874,2.22438,9.57714,0.879105,-0.476627,105.372,3.00682,-227.504,-217.13,-225.714,-225.549,106.432,100.808,105.462
-0.129727,-5.77755,-0.0136746,-0.548793,1535.28,22.7251,2.40148,9.37104,0.869091,-0.494652,107.999,3.00014,-226.181,-215.95,-224.207,-224.094,109.187,103.364,108.063
-0.0379476,-5.25648,-0.0156539,-0.578101,1538.28,22.2109,2.66733,9.09517,0.850275,-0.526339,110.577,2.9846,-224.836,-214.835,-222.6,-222.568,111.981,105.79,110.597
0.0642597,-4.23675,-0.0192434,-0.647918,1541.26,21.2883,3.0738,8.70892,0.821203,-0.570636,113.073,2.96697,-223.459,-213.783,-220.882,-220.935,114.827,108.104,113.037
0.151264,-3.66238,-0.0212339,-0.688392,1544.23,20.8866,3.68614,8.17438,0.77971,-0.62614,115.457,2.95868,-222.032,-212.784,-219.04,-219.158,117.765,110.339,115.362
0.2,-1.45876,-0.0257103,-0.781541,1547.19,20.2421,4.54885,7.45527,0.723108,-0.690735,117.695,2.9727,-220.491,-211.811,-217.057,-217.202,120.838,112.546,117.557
0.2,-0.774783,-0.0298117,-0.83706,1550.16,20.0975,5.64829,6.52299,0.654777,-0.755822,119.758,2.99218,-218.735,-210.765,-214.905,-215.036,124.027,114.828,119.607
0.18656,-0.335879,-0.0328666,-0.964002,1553.15,19.9827,6.858,5.4168,0.580774,-0.814065,121.619,3.00236,-216.654,-209.525,-212.563,-212.671,127.202,117.209,121.467
0.182841,-0.334928,-0.0330787,-1.02988,1556.16,19.949,7.9959,4.25964,0.501213,-0.865324,123.254,3.00284,-214.142,-207.999,-210.042,-210.134,130.173,119.568,123.096
0.190193,-0.334901,-0.0332474,-1.16271,1559.16,19.8813,8.95924,3.1975,0.415098,-0.909777,124.64,2.99594,-211.17,-206.124,-207.372,-207.451,132.791,121.731,124.467
0.2,-0.328386,-0.0329705,-1.22888,1562.16,19.8476,9.62345,2.41574,0.321267,-0.946989,125.753,2.98693,-207.741,-203.873,-204.585,-204.649,134.866,123.465,125.563
0.2,-0.0325498,-0.0342132,-1.36309,1565.14,19.8066,9.99447,2.01638,0.222134,-0.975016,126.57,2.98022,-203.977,-201.309,-201.712,-201.756,136.315,124.604,126.375
0.197071,-0.0290147,-0.0343408,-1.4316,1568.12,19.8033,10.2677,1.86449,0.121985,-0.992532,127.087,2.97372,-200.055,-198.575,-198.778,-198.802,137.278,125.236,126.891
0.197097,0,-0.0343034,-1.56884,1571.1,19.7949,10.4339,1.90557,0.0214088,-0.999771,127.301,2.96618,-196.041,-195.777,-195.813,-195.818,137.733,125.396,127.104
0.2,0,-0.034453,-1.63755,1574.06,19.7949,10.3792,2.1726,-0.0795958,-0.996827,127.215,2.95775,-192.008,-193.007,-192.85,-192.834,137.561,125.049,127.015
0.2,1.22652,-0.0311636,-1.77008,1577.02,19.8454,10.003,2.67012,-0.181697,-0.983355,126.826,2.95239,-188.065,-190.367,-189.918,-189.882,136.663,124.2,126.629
0.171421,2.33693,-0.0279955,-1.82925,1579.97,19.9686,9.29421,3.41484,-0.281299,-0.95962,126.136,2.96276,-184.379,-187.954,-187.041,-186.993,135.055,122.859,125.972
0.0970039,2.76558,-0.0256513,-1.93599,1582.94,20.4567,8.33246,4.32222,-0.368711,-0.929544,125.165,2.98655,-181.11,-185.776,-184.218,-184.182,132.911,121.148,125.075
-0.0014525,2.94723,-0.0245679,-1.98621,1585.92,20.7252,7.2651,5.28397,-0.440408,-0.897798,123.953,3.00977,-178.252,-183.779,-181.451,-181.452,130.475,119.209,123.954
-0.0976376,3.46452,-0.0220999,-2.07966,1588.93,21.3095,6.2356,6.17197,-0.498476,-0.866904,122.539,3.02296,-175.692,-181.877,-178.752,-178.801,127.944,117.188,122.623
-0.168725,3.78946,-0.0207512,-2.12247,1591.95,21.6322,5.29963,6.96688,-0.544063,-0.839044,120.964,3.021,-173.347,-180.02,-176.138,-176.23,125.411,115.118,121.106
-0.2,4.9,-0.0161247,-2.19658,1594.98,22.3897,4.54191,7.68967,-0.580145,-0.814513,119.269,3.01213,-171.105,-178.201,-173.624,-173.74,122.968,113.005,119.432
-0.2,4.9,-0.0135741,-2.22628,1597.99,22.8231,3.9352,8.30655,-0.611067,-0.791579,117.479,3.00608,-168.923,-176.403,-171.205,-171.327,120.594,110.903,117.637
-0.189192,4.9,-0.0108131,-2.27453,1600.99,23.6662,3.46165,8.79204,-0.638441,-0.769671,115.604,3.00223,-166.776,-174.6,-168.866,-168.986,118.268,108.837,115.749
-0.176675,4.89617,-0.0097047,-2.29505,1604,24.0766,3.10798,9.17572,-0.662167,-0.749356,113.654,2.99978,-164.653,-172.787,-166.594,-166.711,115.983,106.778,113.787
-0.166601,4.85625,-0.0075502,-2.32952,1607,24.8749,2.83642,9.47449,-0.682513,-0.730874,111.64,2.99779,-162.559,-170.961,-164.381,-164.495,113.713,104.715,111.762
-0.162269,4.83689,-0.0065013,-2.34357,1609.99,25.2623,2.6282,9.69552,-0.699624,-0.714511,109.57,2.99604,-160.493,-169.115,-162.218,-162.332,111.448,102.642,109.686
-0.165421,4.79924,-0.0048041,-2.36611,1612.99,26.0153,2.48337,9.84439,-0.713315,-0.700843,107.455,2.99552,-158.443,-167.237,-160.096,-160.214,109.195,100.555,107.571
-0.173829,4.78092,-0.0039698,-2.37488,1615.99,26.3815,2.36757,9.94402,-0.723451,-0.690376,105.304,2.99577,-156.42,-165.327,-158.008,-158.133,106.938,98.4386,105.424
-0.184476,4.74524,-0.0023023,-2.38741,1618.98,27.0953,2.25975,10.0181,-0.730205,-0.683228,103.127,2.99616,-154.428,-163.393,-155.943,-156.078,104.671,96.2821,103.253
-0.194327,4.72784,-0.0014867,-2.3912,1621.98,27.4432,2.15814,10.0547,-0.733642,-0.679536,100.934,2.99642,-152.455,-161.414,-153.895,-154.038,102.4,94.1012,101.066
-0.2,4.69387,-1.07e-05,-2.39416,1624.97,28.1225,2.04752,10.0782,-0.733943,-0.679211,98.7343,2.99682,-150.5,-159.4,-151.856,-152.003,100.125,91.8891,98.8701
-0.2,4.67729,0.0006994,-2.39347,1627.97,28.4543,1.96978,10.0803,-0.732498,-0.680769,96.5365,2.99722,-148.522,-157.349,-149.819,-149.965,97.8775,89.6741,96.6726
-0.198661,4.64484,0.0013026,-2.38932,1630.97,29.1031,1.91402,10.0735,-0.730406,-0.683013,94.3435,2.99727,-146.523,-155.279,-147.776,-147.921,95.6508,87.4632,94.4792
-0.19744,4.62897,0.0015458,-2.38647,1633.96,29.4205,1.85862,10.0624,-0.727583,-0.68602,92.1578,2.99703,-144.517,-153.19,-145.725,-145.869,93.4328,85.2547,92.2932
-0.196559,4.5979,0.0020217,-2.37933,1636.96,30.0421,1.84274,10.0104,-0.724039,-0.689759,89.9816,2.99655,-142.473,-151.055,-143.665,-143.807,91.2526,83.0768,90.1171
-0.196122,4.58267,0.0022596,-2.37505,1639.96,30.3466,1.86749,9.93297,-0.719756,-0.694227,87.8173,2.99586,-140.389,-148.882,-141.592,-141.733,89.1138,80.9216,87.9535
-0.196217,4.55282,0.0027326,-2.36507,1642.95,30.9436,1.93989,9.84081,-0.71472,-0.699411,85.6674,2.99503,-138.258,-146.678,-139.504,-139.644,87.0241,78.7846,85.8046
-0.196908,4.53818,0.0029692,-2.35937,1645.95,31.2364,2.07003,9.74987,-0.708914,-0.705295,83.5341,2.99413,-136.072,-144.452,-137.4,-137.54,84.9941,76.6576,83.673
-0.19824,4.50944,0.003402,-2.34657,1648.94,31.8112,2.25386,9.64081,-0.702316,-0.711865,81.4199,2.99325,-133.834,-142.188,-135.278,-135.417,83.0243,74.5569,81.561
-0.2,4.5,0.0035398,-2.33963,1651.94,32.0934,2.45473,9.48471,-0.694921,-0.719086,79.3271,2.99246,-131.568,-139.865,-133.135,-133.274,81.0923,72.5068,79.4709
-0.2,4.5,0.002921,-2.32662,1654.93,32.6494,2.65132,9.27405,-0.686643,-0.726994,77.2581,2.99204,-129.288,-137.477,-130.972,-131.109,79.1856,70.516,77.4035
-0.191655,4.5,0.0026439,-2.32106,1657.92,32.9238,2.83405,9.01903,-0.67777,-0.735274,75.2153,2.99234,-126.999,-135.032,-128.79,-128.92,77.2991,68.5838,75.3562
-0.171375,4.5,0.0025928,-2.31063,1660.91,33.4659,2.99847,8.76686,-0.669179,-0.743101,73.1988,2.99317,-124.699,-132.573,-126.591,-126.706,75.427,66.6842,73.3262
-0.141184,4.5,0.0025406,-2.3055,1663.91,33.7337,3.16971,8.5327,-0.661276,-0.750143,71.2068,2.99422,-122.374,-130.112,-124.377,-124.47,73.5846,64.8061,71.3127
-0.103426,4.5,0.0024653,-2.29549,1666.9,34.263,3.35529,8.30519,-0.654011,-0.756485,69.2372,2.99537,-120.019,-127.645,-122.146,-122.213,71.7755,62.9545,69.3155
-0.0604574,4.5,0.0024255,-2.2906,1669.9,34.5247,3.53529,8.09807,-0.647423,-0.762131,67.288,2.99649,-117.65,-125.181,-119.899,-119.939,69.9824,61.1162,67.3341
-0.0146383,4.5,0.0023467,-2.28106,1672.89,35.042,3.68994,7.90919,-0.641523,-0.767104,65.3571,2.99747,-115.28,-122.721,-117.638,-117.647,68.1876,59.2899,65.3683
0.0316768,4.5,0.0023066,-2.27641,1675.89,35.2979,3.81987,7.74946,-0.636325,-0.771421,63.4423,2.99824,-112.911,-120.273,-115.362,-115.342,66.3891,57.4643,63.4179
0.0761438,4.5,0.002225,-2.26734,1678.89,35.8041,3.94816,7.61868,-0.631841,-0.775098,61.5418,2.99872,-110.529,-117.837,-113.072,-113.024,64.602,55.6366,61.4828
0.116432,4.49319,0.0021826,-2.26294,1681.89,36.0545,4.0445,7.52324,-0.628078,-0.77815,59.6534,2.9989,-108.155,-115.42,-110.768,-110.695,62.8006,53.7992,59.5628
0.150225,4.43153,0.002099,-2.25437,1684.89,36.5478,4.11891,7.43504,-0.625053,-0.780582,57.775,2.99875,-105.784,-113.006,-108.452,-108.358,60.9901,51.9713,57.6577
0.175222,4.40132,0.002041,-2.25023,1687.88,36.7894,4.18596,7.35966,-0.622744,-0.782426,55.9046,2.99844,-103.408,-110.598,-106.124,-106.015,59.1798,50.1462,55.7675
0.190294,4.3421,0.0015881,-2.24293,1690.88,37.2632,4.24606,7.29237,-0.620799,-0.78397,54.0406,2.9982,-101.031,-108.194,-103.785,-103.667,57.3694,48.3236,53.8914
0.197631,4.31307,0.0013609,-2.23998,1693.88,37.4955,4.31303,7.22208,-0.61892,-0.785454,52.1825,2.99799,-98.6452,-105.785,-101.437,-101.315,55.5701,46.5098,52.0272
0.2,4.2561,0.0009295,-2.23544,1696.88,37.9512,4.37616,7.16793,-0.617128,-0.786863,50.3299,2.9978,-96.2574,-103.382,-99.0815,-98.9581,53.7734,44.6897,50.1726
0.2,4.22815,0.0007565,-2.23375,1699.88,38.1748,4.43198,7.13748,-0.615416,-0.788202,48.4828,2.99763,-93.87,-100.99,-96.7206,-96.5975,51.9761,42.857,48.3251
0.199484,4.17328,0.0006471,-2.23099,1702.87,38.6137,4.47795,7.12517,-0.613788,-0.789471,46.6407,2.99748,-91.4847,-98.6065,-94.3556,-94.2332,50.1759,41.0156,46.4832
0.199036,4.14634,0.0006238,-2.22972,1705.87,38.8292,4.51233,7.10028,-0.612242,-0.79067,44.8034,2.99735,-89.1026,-96.2124,-91.9871,-91.8653,48.3712,39.1895,44.6461
0.198711,4.09342,0.0005772,-2.22732,1708.87,39.2526,4.52414,7.08172,-0.61078,-0.7918,42.9708,2.99724,-86.7307,-93.8193,-89.6153,-89.4939,46.553,37.3635,42.8134
0.198497,4.06743,0.0005539,-2.22619,1711.87,39.4606,4.52836,7.05065,-0.609403,-0.792861,41.1424,2.99714,-84.3598,-91.4161,-87.2403,-87.1194,44.7328,35.5522,40.985
0.198383,4.01633,0.0005074,-2.22407,1714.86,39.8694,4.54932,7.03332,-0.608109,-0.793853,39.3181,2.99706,-81.9753,-89.0188,-84.8625,-84.7418,42.9296,33.7347,39.1606
0.198357,3.99121,0.0004842,-2.22307,1717.86,40.0703,4.58345,7.01132,-0.6069,-0.794778,37.4976,2.99698,-79.5797,-86.6166,-82.4818,-82.3614,41.1404,31.9251,37.3399
0.198405,3.94182,0.0004378,-2.22123,1720.86,40.4654,4.60679,6.99325,-0.605777,-0.795635,35.6806,2.99692,-77.1877,-84.2148,-80.0986,-79.9784,39.3459,30.1165,35.5227
0.198514,3.91753,0.0004146,-2.22038,1723.86,40.6597,4.60712,6.99901,-0.604738,-0.796424,33.8668,2.99687,-74.8069,-81.8255,-77.713,-77.593,37.5361,28.2927,33.7087
0.198673,3.86974,0.0003682,-2.21881,1726.85,41.0421,4.60927,7.01144,-0.603785,-0.797147,32.0561,2.99682,-72.4223,-79.4387,-75.3252,-75.2053,35.7304,26.467,31.8978
0.198866,3.84623,0.000345,-2.2181,1729.85,41.2302,4.60459,7.02816,-0.602918,-0.797803,30.2481,2.99678,-70.0394,-77.053,-72.9355,-72.8156,33.9217,24.641,30.0895
0.199081,3.79994,0.0002986,-2.21681,1732.85,41.6005,4.60445,7.03856,-0.602137,-0.798392,28.4426,2.99674,-67.6515,-74.6622,-70.5438,-70.424,32.1188,22.8231,28.2837
0.199304,3.77716,0.0002754,-2.21624,1735.84,41.7827,4.60105,7.04353,-0.601443,-0.798916,26.6393,2.99671,-65.2635,-72.267,-68.1506,-68.0307,30.3152,21.0122,26.4801
0.199522,3.7323,0.0002291,-2.21523,1738.84,42.1416,4.60402,7.06423,-0.600835,-0.799373,24.838,2.99668,-62.8698,-69.8805,-65.7559,-65.636,28.5184,19.1911,24.6785
0.199721,3.71021,0.000206,-2.2148,1741.84,42.3183,4.60608,7.0852,-0.600313,-0.799765,23.0384,2.99666,-60.475,-67.4934,-63.36,-63.2401,26.7222,17.3719,22.8787
0.199886,3.66669,0.0001605,-2.21407,1744.83,42.6665,4.60157,7.10714,-0.599878,-0.800092,21.2402,2.99664,-58.0826,-65.1064,-60.9629,-60.843,24.9219,15.5538,21.0803
0.2,3.64525,0.0001416,-2.21376,1747.83,42.838,4.58812,7.12655,-0.599532,-0.800351,19.4432,2.99662,-55.6944,-62.7177,-58.565,-58.4451,23.1153,13.7394,19.2831
0.2,3.60301,0.0001115,-2.21326,1750.83,43.1759,4.57392,7.14682,-0.599259,-0.800555,17.6471,2.99662,-53.3055,-60.3293,-56.1663,-56.0465,21.3087,11.9257,17.487
0.199904,3.58219,0.0001023,-2.21305,1753.82,43.3425,4.56293,7.17457,-0.599013,-0.80074,15.8517,2.99662,-50.9141,-57.945,-53.7671,-53.6473,19.5054,10.1068,15.6917
0.199801,3.54115,9.92e-05,-2.21265,1756.82,43.6708,4.55274,7.19788,-0.598769,-0.800922,14.0571,2.99662,-48.5215,-55.5574,-51.3672,-51.2476,17.7035,8.29218,13.8971
0.199704,3.52092,9.74e-05,-2.21245,1759.82,43.8326,4.54237,7.22487,-0.598531,-0.801099,12.2632,2.99662,-46.1285,-53.1716,-48.9668,-48.8473,15.9021,6.47539,12.1032
0.199611,3.47343,9.42e-05,-2.21207,1762.81,44.1518,4.52373,7.22207,-0.598299,-0.801273,10.47,2.99662,-43.7399,-50.7674,-46.5659,-46.4465,14.0948,4.6832,10.3101
0.199523,3.44596,9.26e-05,-2.21188,1765.81,44.3088,4.4781,7.23018,-0.598073,-0.801441,8.67754,2.99662,-41.3669,-48.3693,-44.1645,-44.0452,12.2665,2.88298,8.51764
0.19944,3.39193,8.93e-05,-2.21152,1768.81,44.6175,4.45469,7.24047,-0.597853,-0.801606,6.88571,2.99663,-38.9801,-45.9721,-41.7626,-41.6433,10.4566,1.0817,6.72583
0.199361,3.36537,8.77e-05,-2.21134,1771.8,44.7693,4.41597,7.26991,-0.597639,-0.801766,5.09452,2.99663,-36.6019,-43.5858,-39.3602,-39.241,8.63509,-0.734248,4.93468
0.199287,3.31314,8.45e-05,-2.211,1774.8,45.0677,4.39504,7.30215,-0.59743,-0.801921,3.30396,2.99663,-34.2125,-41.2008,-36.9573,-36.8382,6.82844,-2.55179,3.14415
0.199217,3.28746,8.29e-05,-2.21083,1777.8,45.2145,4.35323,7.32836,-0.597227,-0.802072,1.51402,2.99663,-31.8351,-38.8117,-34.554,-34.435,5.00562,-4.36385,1.35423
0.199152,3.23694,7.96e-05,-2.2105,1780.79,45.5032,4.32365,7.34369,-0.59703,-0.802219,-0.275324,2.99664,-29.45,-36.4157,-32.1502,-32.0313,3.19319,-6.16657,-0.435087
0.19909,3.21208,7.8e-05,-2.21035,1783.79,45.6452,4.28324,7.35247,-0.596839,-0.802361,-2.06409,2.99664,-27.0708,-34.0154,-29.746,-29.6272,1.37261,-7.96342,-2.22383
0.199033,3.16317,7.48e-05,-2.21004,1786.79,45.9247,4.26632,7.35211,-0.596654,-0.802499,-3.8523,2.99664,-24.6771,-31.6093,-27.3414,-27.2226,-0.428581,-9.75235,-4.01202
0.19898,3.13911,7.31e-05,-2.20989,1789.78,46.0622,4.2422,7.34897,-0.596474,-0.802632,-5.63996,2.99665,-22.2873,-29.2011,-24.9363,-24.8176,-2.23503,-11.5385,-5.79966
0.19893,3.09173,6.99e-05,-2.20961,1792.78,46.333,4.21947,7.35412,-0.5963,-0.802761,-7.42709,2.99665,-19.8962,-26.7975,-22.5309,-22.4123,-4.03986,-13.3307,-7.58678
0.198884,3.06842,6.83e-05,-2.20947,1795.78,46.4662,4.18841,7.37665,-0.596133,-0.802886,-9.21372,2.99665,-17.5097,-24.404,-20.1251,-20.0065,-5.8509,-15.1363,-9.3734
0.198843,3.02251,6.5e-05,-2.2092,1798.77,46.7285,4.15017,7.42173,-0.595971,-0.803006,-10.9999,2.99666,-15.127,-22.0235,-17.7189,-17.6004,-7.66724,-16.9595,-11.1595
0.198804,2.9999,6.34e-05,-2.20907,1801.77,46.8577,4.11435,7.46134,-0.595814,-0.803122,-12.7855,2.99666,-12.7425,-19.6395,-15.3124,-15.1939,-9.48118,-18.7779,-12.9452
0.198769,2.95539,6.02e-05,-2.20883,1804.77,47.1121,4.07503,7.51038,-0.595664,-0.803234,-14.5707,2.99666,-10.3598,-17.2608,-12.9055,-12.7871,-11.2975,-20.6033,-14.7304
0.198738,2.93346,5.86e-05,-2.20871,1807.76,47.2373,4.0316,7.54015,-0.595519,-0.803341,-16.3555,2.99667,-7.97906,-14.8703,-10.4983,-10.38,-13.1167,-22.4128,-16.5151
0.19871,2.89028,5.53e-05,-2.20848,1810.76,47.4841,3.98828,7.59076,-0.595381,-0.803444,-18.1398,2.99667,-5.59794,-12.4919,-8.09079,-7.97248,-14.9355,-24.2386,-18.2995
0.198685,2.86901,5.37e-05,-2.20837,1813.76,47.6057,3.95262,7.63422,-0.595248,-0.803542,-19.9238,2.99667,-3.21192,-10.109,-5.68297,-5.56471,-16.7477,-26.0582,-20.0834
0.198664,2.82709,5.05e-05,-2.20816,1816.75,47.8452,3.92594,7.67674,-0.595121,-0.803636,-21.7073,2.99668,-0.820228,-7.72523,-3.27487,-3.15664,-18.5523,-27.8766,-21.867
0.198645,2.80644,4.89e-05,-2.20806,1819.75,47.9632,3.90221,7.70545,-0.595,-0.803726,-23.4905,2.99668,1.57352,-5.33303,-0.866484,-0.74829,-20.3542,-29.6836,-23.6502
0.19863,2.77062,4.56e-05,-2.20788,1822.75,48.1959,3.88136,7.75298,-0.594885,-0.803811,-25.2733,2.99668,3.96929,-2.9518,1.54216,1.66032,-22.1535,-31.5053,-25.433
0.198617,2.7534,4.4e-05,-2.20779,1825.74,48.3107,3.85875,7.78521,-0.594775,-0.803892,-27.0558,2.99669,6.36428,-0.561258,3.95106,4.06919,-23.9538,-33.3143,-27.2155
0.198607,2.71939,4.08e-05,-2.20762,1828.74,48.5374,3.8231,7.81266,-0.594672,-0.803968,-28.838,2.99669,8.75179,1.83233,6.36019,6.4783,-25.7644,-35.1191,-28.9977
0.1986,2.70261,3.91e-05,-2.20754,1831.74,48.6493,3.78271,7.90509,-0.594574,-0.804041,-30.6199,2.99669,11.1367,4.18747,8.76955,8.88763,-27.5784,-36.9759,-30.7796
0.198596,2.66946,3.59e-05,-2.20739,1834.73,48.8702,3.70852,7.93619,-0.594482,-0.804109,-32.4015,2.99669,13.5018,6.57925,11.1791,11.2972,-29.4194,-38.7831,-32.5612
0.198594,2.6531,3.43e-05,-2.20732,1837.73,48.9793,3.67778,7.96522,-0.594396,-0.804172,-34.1828,2.9967,15.893,8.97243,13.5889,13.7069,-31.2253,-40.5882,-34.3425
0.198594,2.62078,3.11e-05,-2.20719,1840.73,49.1948,3.65229,7.97636,-0.594316,-0.804231,-35.9639,2.9967,18.2875,11.3764,15.9988,16.1169,-33.0267,-42.3788,-36.1237
0.198597,2.60481,2.94e-05,-2.20712,1843.72,49.3012,3.61624,7.98837,-0.594242,-0.804286,-37.7448,2.9967,20.6759,13.7799,18.409,18.527,-34.8363,-44.1697,-37.9045
0.198603,2.57328,2.62e-05,-2.20701,1846.72,49.5114,3.58356,8.01544,-0.594174,-0.804337,-39.5255,2.9967,23.0665,16.1747,20.8192,20.9372,-36.6431,-45.9726,-39.6852
0.19861,2.55771,2.46e-05,-2.20696,1849.72,49.6153,3.55309,8.02626,-0.594111,-0.804383,-41.3059,2.99671,25.4586,18.5792,23.2297,23.3477,-38.4479,-47.7621,-41.4657
0.19862,2.52695,2.13e-05,-2.20687,1852.71,49.8204,3.52862,8.04238,-0.594055,-0.804425,-43.0862,2.99671,27.8544,20.9806,25.6402,25.7582,-40.2477,-49.5557,-43.246
0.198631,2.51175,1.97e-05,-2.20683,1855.71,49.9217,3.49421,8.10867,-0.594004,-0.804462,-44.8663,2.99671,30.2445,23.3523,28.0509,28.1689,-42.0554,-51.3894,-45.0261
0.198645,2.48172,1.65e-05,-2.20676,1858.71,50.1219,3.45718,8.16366,-0.593959,-0.804495,-46.6463,2.99671,32.6331,25.7308,30.4617,30.5797,-43.865,-53.2139,-46.8061
0.198661,2.46688,1.49e-05,-2.20673,1861.7,50.2208,3.433,8.19379,-0.59392,-0.804524,-48.4262,2.99671,35.0295,28.1241,32.8726,32.9905,-45.6642,-55.0183,-48.586
0.198678,2.43756,1.16e-05,-2.20667,1864.7,50.4163,3.39723,8.2334,-0.593887,-0.804549,-50.2059,2.99672,37.4191,30.5118,35.2835,35.4015,-47.4727,-56.8301,-50.3658
0.198697,2.42307,1e-05,-2.20665,1867.7,50.5128,3.37713,8.27293,-0.593859,-0.804569,-51.9856,2.99672,39.8181,32.8996,37.6945,37.8125,-49.2684,-58.6417,-52.1454
0.198718,2.39444,6.8e-06,-2.20662,1870.69,50.7038,3.36204,8.31317,-0.593838,-0.804585,-53.7652,2.99672,42.2201,35.2869,40.1056,40.2236,-51.0601,-60.4538,-53.9251
0.198741,2.38029,5.1e-06,-2.20661,1873.69,50.7981,3.3443,8.34358,-0.593823,-0.804596,-55.5447,2.99672,44.6207,37.6801,42.5167,42.6347,-52.8539,-62.2579,-55.7046
0.198765,2.35231,1.9e-06,-2.20659,1876.69,50.9846,3.30335,8.36644,-0.593813,-0.804603,-57.3242,2.99672,47.0075,40.0778,44.9279,45.0459,-54.6663,-64.0559,-57.4841
0.19879,2.33849,3e-07,-2.20659,1879.68,51.0768,3.25436,8.40101,-0.593809,-0.804606,-59.1037,2.99672,49.3896,42.4685,47.339,47.4571,-56.4852,-65.8632,-59.2636
0.198817,2.31115,-3e-06,-2.2066,1882.68,51.259,3.2109,8.44576,-0.593811,-0.804604,-60.8832,2.99672,51.7749,44.8531,49.7502,49.8683,-58.2997,-67.6787,-61.0431
0.198845,2.29764,-4.6e-06,-2.2066,1885.68,51.3491,3.15759,8.48704,-0.593819,-0.804599,-62.6627,2.99672,54.1545,47.2397,52.1614,52.2794,-60.1221,-69.4913,-62.8227
0.198874,2.27092,-7.8e-06,-2.20663,1888.67,51.5272,3.12087,8.53289,-0.593833,-0.804588,-64.4422,2.99672,56.5439,49.6235,54.5725,54.6906,-61.9312,-71.3077,-64.6022
0.198904,2.25772,-9.4e-06,-2.20664,1891.67,51.6152,3.08037,8.56317,-0.593853,-0.804574,-66.2218,2.99672,58.931,52.0164,56.9836,57.1017,-63.7434,-73.1115,-66.3818
0.198936,2.2316,-1.27e-05,-2.20669,1894.67,51.7894,3.03937,8.59183,-0.593878,-0.804555,-68.0014,2.99672,61.3178,54.4103,59.3946,59.5128,-65.5561,-74.914,-68.1615
0.198968,2.21868,-1.43e-05,-2.20672,1897.66,51.8754,3.00571,8.60725,-0.59391,-0.804532,-69.7812,2.99672,63.7089,56.8118,61.8056,61.9238,-67.363,-76.706,-69.9413
0.199001,2.192,-1.75e-05,-2.20678,1900.66,52.0457,2.9732,8.61969,-0.593947,-0.804504,-71.561,2.99672,66.1006,59.2151,64.2165,64.3347,-69.1691,-78.4956,-71.7211
0.199036,2.17728,-1.91e-05,-2.20682,1903.66,52.1299,2.93715,8.65058,-0.59399,-0.804472,-73.341,2.99672,68.4902,61.6072,66.6273,66.7455,-70.9781,-80.3001,-73.5011
0.199071,2.14819,-2.24e-05,-2.2069,1906.65,52.2961,2.90041,8.69451,-0.594039,-0.804436,-75.1211,2.99672,70.8792,63.9914,69.038,69.1563,-72.7879,-82.1153,-75.2812
0.199106,2.13383,-2.4e-05,-2.20695,1909.65,52.3781,2.87654,8.74638,-0.594094,-0.804396,-76.9014,2.99672,73.2758,66.3707,71.4486,71.5669,-74.5875,-83.9369,-77.0615
0.199143,2.10546,-2.72e-05,-2.20705,1912.65,52.5403,2.8593,8.78158,-0.594155,-0.804351,-78.6818,2.99672,75.6763,68.7598,73.8591,73.9774,-76.3819,-85.7453,-78.842
0.199179,2.09144,-2.89e-05,-2.2071,1915.64,52.6203,2.83772,8.79819,-0.594221,-0.804301,-80.4624,2.99672,78.074,71.1597,76.2694,76.3877,-78.18,-87.5388,-80.6226
0.199216,2.06376,-3.21e-05,-2.20723,1918.64,52.7785,2.79613,8.83133,-0.594294,-0.804248,-82.2433,2.99672,80.4597,73.5495,78.6796,78.798,-79.9945,-89.3458,-82.4035
0.199254,2.05009,-3.37e-05,-2.20729,1921.64,52.8566,2.74315,8.85899,-0.594372,-0.80419,-84.0243,2.99672,82.8384,75.9425,81.0896,81.208,-81.8183,-91.1486,-84.1846
0.199292,2.02307,-3.7e-05,-2.20743,1924.63,53.011,2.70288,8.89209,-0.594457,-0.804128,-85.8056,2.99672,85.2246,78.3319,83.4994,83.6178,-83.6322,-92.956,-85.9659
0.19933,2.00973,-3.86e-05,-2.20751,1927.63,53.0873,2.66214,8.9308,-0.594547,-0.804061,-87.5872,2.99672,87.6103,80.7177,85.909,86.0275,-85.4467,-94.7681,-87.7475
0.199369,1.98336,-4.18e-05,-2.20767,1930.63,53.2379,2.63735,8.96782,-0.594643,-0.80399,-89.369,2.99672,90.0053,83.1043,88.3184,88.437,-87.2486,-96.5791,-89.5293
0.199407,1.97033,-4.34e-05,-2.20775,1933.62,53.3124,2.61671,8.98681,-0.594745,-0.803915,-91.1512,2.99672,92.4025,85.5014,90.7276,90.8462,-89.0476,-98.3758,-91.3115
0.199446,1.94459,-4.67e-05,-2.20793,1936.62,53.4595,2.59215,9.00302,-0.594852,-0.803835,-92.9336,2.99671,94.7972,87.8997,93.1366,93.2552,-90.85,-100.171,-93.094
0.199484,1.93187,-4.83e-05,-2.20803,1939.62,53.5322,2.5685,9.0324,-0.594966,-0.803751,-94.7164,2.99671,97.1921,90.29,95.5453,95.664,-92.652,-101.976,-94.8768
0.199522,1.90673,-5.15e-05,-2.20823,1942.61,53.6758,2.53049,9.0781,-0.595085,-0.803663,-96.4996,2.99671,99.5783,92.6702,97.9537,98.0725,-94.4659,-103.795,-96.6599
0.19956,1.89431,-5.32e-05,-2.20833,1945.61,53.7468,2.4907,9.12282,-0.59521,-0.80357,-98.2831,2.99671,101.963,95.0507,100.362,100.481,-96.2816,-105.614,-98.4434
0.199598,1.86975,-5.64e-05,-2.20855,1948.61,53.8871,2.44602,9.16593,-0.595341,-0.803473,-100.067,2.99671,104.345,97.4318,102.77,102.889,-98.1016,-107.432,-100.227
0.199636,1.85762,-5.8e-05,-2.20867,1951.6,53.9565,2.41577,9.19126,-0.595478,-0.803371,-101.851,2.99671,106.735,99.8231,105.177,105.296,-99.9105,-109.235,-102.012
0.199673,1.83363,-6.13e-05,-2.20891,1954.6,54.0935,2.3832,9.22692,-0.595621,-0.803265,-103.636,2.99671,109.123,102.208,107.585,107.704,-101.722,-111.048,-103.796
0.199709,1.82178,-6.29e-05,-2.20903,1957.6,54.1613,2.36455,9.25434,-0.59577,-0.803155,-105.421,2.9967,111.519,104.597,109.992,110.111,-103.522,-112.854,-105.581
0.199745,1.79835,-6.61e-05,-2.20929,1960.59,54.2952,2.33209,9.27333,-0.595924,-0.803041,-107.207,2.9967,113.907,106.991,112.398,112.517,-105.334,-114.654,-107.367
0.19978,1.78676,-6.77e-05,-2.20942,1963.59,54.3614,2.29685,9.28012,-0.596085,-0.802922,-108.993,2.9967,116.293,109.392,114.805,114.924,-107.149,-116.444,-109.153
0.199815,1.76386,-7.1e-05,-2.2097,1966.59,54.4922,2.26345,9.29011,-0.596251,-0.802798,-110.779,2.9967,118.679,111.79,117.21,117.33,-108.962,-118.237,-110.94
0.199849,1.75254,-7.26e-05,-2.20984,1969.58,54.5569,2.2358,9.30402,-0.596423,-0.80267,-112.566,2.9967,121.069,114.186,119.616,119.735,-110.772,-120.034,-112.727
0.199882,1.73016,-7.58e-05,-2.21014,1972.58,54.6848,2.22418,9.31296,-0.596601,-0.802538,-114.354,2.9967,123.467,116.584,122.021,122.14,-112.569,-121.828,-114.514
0.199914,1.71909,-7.74e-05,-2.21029,1975.58,54.748,2.19935,9.33082,-0.596784,-0.802402,-116.142,2.99669,125.858,118.977,124.426,124.545,-114.377,-123.629,-116.303
0.199945,1.69721,-8.07e-05,-2.21061,1978.57,54.8731,2.17398,9.35284,-0.596974,-0.802261,-117.931,2.99669,128.247,121.366,126.83,126.95,-116.187,-125.434,-118.091
0.199974,1.6864,-8.23e-05,-2.21077,1981.57,54.9349,2.1422,9.37759,-0.597169,-0.802115,-119.72,2.99669,130.633,123.754,129.234,129.354,-118.002,-127.242,-119.88
0.2,1.66501,-8.02e-05,-2.2111,1984.57,55.0571,2.11358,9.39274,-0.59737,-0.801966,-121.51,2.99669,133.02,126.146,131.638,131.757,-119.815,-129.043,-121.67
0.199994,1.65443,-7.51e-05,-2.21126,1987.56,55.1175,2.0937,9.41002,-0.597577,-0.801812,-123.3,2.99669,135.411,128.537,134.041,134.16,-121.622,-130.845,-123.461
0.199875,1.63351,-6.21e-05,-2.21153,1990.56,55.2371,2.08374,9.41537,-0.59779,-0.801653,-125.091,2.99669,137.808,130.934,136.443,136.563,-123.421,-132.639,-125.252
0.199536,1.62317,-5.56e-05,-2.21165,1993.56,55.2962,2.0713,9.43291,-0.598008,-0.80149,-126.883,2.99669,140.203,133.324,138.845,138.965,-125.223,-134.444,-127.043
0.198869,1.60271,-4.27e-05,-2.21184,1996.55,55.4131,2.05639,9.44084,-0.598232,-0.801323,-128.676,2.99669,142.597,135.719,141.247,141.366,-127.028,-136.241,-128.835
0.197765,1.5926,-3.62e-05,-2.21192,1999.55,55.4709,2.04123,9.44176,-0.598463,-0.801151,-130.469,0,144.989,138.117,143.649,143.768,-128.833,-138.033,-130.627
